Sku,UPC,Catalogue N,Title,Label,Arq COST,Cost Price,V.S.P.,Latest SOH,02-2019 total sale of Goods,03-2019 total sale of Goods,04-2019 total sale of Goods,05-2019 total sale of Goods,06-2019 total sale of Goods,07-2019 total sale of Goods,08-2019 total sale of Goods,09-2019 total sale of Goods,QTR02-2019 total sale of Goods,QTR03-2019 total sale of Goods,QTR04-2019 total sale of Goods,QTR05-2019 total sale of Goods,QTR06-2019 total sale of Goods,QTR07-2019 total sale of Goods,QTR08-2019 total sale of Goods,QTR09-2019 total sale of Goods,Existence on Shop,3 months avrage sale,Stock Status,profit,Profit status,Final Status,Non Moving Action,Reordering
734836,6953156281479.0,WXZN-01        ,BASEUS CAR WIRELESS CHARGER SMART VEHICLE BRACKET                                                             ,BASEUS                        ,51.99000000000001,74.5,149,17.0,0.0,0.0,0.0,0.0,0.0,0.0,0.0,0.0,4.0,5.0,3.0,6.0,2.0,4.0,3.0,0.0,0 month,2.33,Slow moving,52.44829999999998,Profitable,Slow moving - Profitable,-,-
734837,6953156282964.0,ACHDCJ-01      ,BASEUS HOLDER RED-DOT MOBILE GAME SCORING TOOL BLACK                                                          ,BASEUS                        ,5.260000000000002,24.5,49,17.0,0.0,0.0,0.0,0.0,0.0,0.0,0.0,0.0,18.0,21.0,14.0,22.0,19.0,16.0,7.0,1.0,Min 3 months,8.0,Fast moving,153.92,Most profitable,Fast moving - Most profitable,-,Profitable - Reorder
734838,6953156282971.0,ACHDCJ-02      ,BASEUS HOLDER RED-DOT MOBILE GAME SCORING TOOL TRANSPARENT                                                    ,BASEUS                        ,5.389999999999992,24.5,49,20.0,0.0,0.0,0.0,0.0,0.0,0.0,0.0,0.0,25.0,14.0,11.0,11.0,2.0,17.0,15.0,3.0,Min 3 months,11.67,Fast moving,223.01370000000009,Most profitable,Fast moving - Most profitable,-,Profitable - Reorder
734867,6953156273887.0,NGW02-01       ,BASEUS ENCOK W02 TWS TRULY WIRELESS HEADSET BLACK                                                             ,BASEUS                        ,57.06000000000004,109.5,219,7.0,0.0,0.0,0.0,0.0,0.0,0.0,0.0,0.0,4.0,10.0,3.0,2.0,6.0,6.0,0.0,1.0,Min 3 months,2.33,Slow moving,122.18519999999991,Most profitable,Slow moving - Most profitable,-,-
734868,6953156273894.0,NGW02-02       ,BASEUS ENCOK W02 TWS TRULY WIRELESS HEADSET WHITE                                                             ,BASEUS                        ,53.97,109.5,219,10.0,0.0,0.0,0.0,0.0,0.0,0.0,0.0,0.0,3.0,7.0,3.0,3.0,2.0,5.0,1.0,0.0,Min 3 months,2.0,Slow moving,111.06,Most profitable,Slow moving - Most profitable,-,-
734881,6953156280243.0,WX2IN1-02      ,BASEUS SMART 2 IN 1 WIRELESS CHARGER WHITE                                                                    ,BASEUS                        ,41.14999999999977,89.5,179,9.0,0.0,0.0,0.0,0.0,0.0,0.0,0.0,0.0,0.0,11.0,12.0,9.0,9.0,10.0,4.0,2.0,Min 3 months,5.33,Fast moving,257.7055000000012,Most profitable,Fast moving - Most profitable,-,Profitable - Reorder
734882,6953156278844.0,PPALL-AKU01    ,BASEUS MINI CU DIGITAL DISPLAY POWER BANK 10000MAH BLACK                                                      ,BASEUS                        ,37.61867256637168,69.5,139,11.0,0.0,0.0,0.0,0.0,0.0,0.0,0.0,0.0,5.0,3.0,1.0,1.0,3.0,1.0,5.0,1.0,0 month,2.33,Slow moving,74.28349292035399,Profitable,Slow moving - Profitable,-,-
734895,6953156276413.0,CCALL-RH01     ,BASEUS LOCOMOTIVE BLUETOOTH MP3 VEHICLE CHARGER BLACK                                                         ,BASEUS                        ,24.729999999999976,49.5,99,10.0,0.0,0.0,0.0,0.0,0.0,0.0,0.0,0.0,11.0,6.0,6.0,5.0,1.0,13.0,7.0,2.0,Min 3 months,7.33,Fast moving,181.56410000000017,Most profitable,Fast moving - Most profitable,-,Profitable - Reorder
734899,6953156273030.0,ACCHZ-01       ,BASEUS ROTATION TYPE UNIVERSAL CHARGER BLACK                                                                  ,BASEUS                        ,25.36000000000001,54.5,109,3.0,0.0,0.0,0.0,0.0,0.0,0.0,0.0,0.0,1.0,5.0,1.0,2.0,0.0,1.0,0.0,0.0,Min 3 months,0.33,Non moving,9.616199999999997,Less profitable,Non moving - Less profitable,Buying Price,-
734904,6953156278622.0,CAHUB-D0G      ,BASEUS CUBE TYPE-C TO USB3.0X3+USB2.0X2 HUB ADAPTER DARK GRAY                                                 ,BASEUS                        ,27.0,64.5,129,3.0,0.0,0.0,0.0,0.0,0.0,0.0,0.0,0.0,2.0,2.0,3.0,3.0,2.0,1.0,2.0,0.0,0 month,1.0,Slow moving,37.5,Profitable,Slow moving - Profitable,-,-
734907,6953156255814.0,SUGENT-ATR01   ,BASEUS CURVE MAGNET CAR MOUNT                                                                                 ,BASEUS                        ,11.0,24.5,49,0.0,0.0,0.0,0.0,0.0,0.0,0.0,0.0,0.0,0.0,0.0,0.0,0.0,0.0,0.0,0.0,0.0,Min 3 months,0.0,Run out of stock,0.0,Run out of stock,Run out of stock - Run out of stock,-,-
734909,6953156253025.0,SUER-A01       ,BASEUS SMALL EARS MAGNETIC CAR VENT SUCTION BRACKET BLACK                                                     ,BASEUS                        ,11.76,24.5,49,10.0,0.0,0.0,0.0,0.0,0.0,0.0,0.0,0.0,9.0,5.0,7.0,5.0,0.0,4.0,5.0,1.0,Min 3 months,3.33,Fast moving,42.4242,Profitable,Fast moving - Profitable,-,-
734911,6953156253032.0,SUER-A0S       ,BASEUS SMALL EARS MAGNETIC CAR VENT SUCTION BRACKET ROSE SILVER                                               ,BASEUS                        ,12.049999999999995,24.5,49,7.0,0.0,0.0,0.0,0.0,0.0,0.0,0.0,0.0,4.0,5.0,9.0,4.0,1.0,1.0,1.0,0.0,Min 3 months,0.67,Non moving,8.341500000000003,Less profitable,Non moving - Less profitable,Buying Price,-
734916,6953156259850.0,SUHS-DP01      ,BASEUS DOUBLE CLIP HORIZONTAL VEHICLE MOUNT BLACK                                                             ,BASEUS                        ,13.479999999999993,29.5,59,13.0,0.0,0.0,0.0,0.0,0.0,0.0,0.0,0.0,10.0,2.0,3.0,1.0,2.0,2.0,3.0,0.0,Min 3 months,1.67,Slow moving,26.75340000000001,Profitable,Slow moving - Profitable,-,-
734920,6953156273085.0,SUYZD-01       ,BASEUS BULLET ON-BOARD CAR MAGNETIC BRACKET BLACK                                                             ,BASEUS                        ,13.620000000000053,34.5,69,16.0,0.0,0.0,0.0,0.0,0.0,0.0,0.0,0.0,13.0,11.0,11.0,9.0,11.0,12.0,4.0,0.0,Min 3 months,5.33,Fast moving,111.2903999999997,Most profitable,Fast moving - Most profitable,-,Profitable - Reorder
734921,6953156273092.0,SUYZD-09       ,BASEUS BULLET ON-BOARD CAR MAGNETIC BRACKET RED                                                               ,BASEUS                        ,13.949999999999998,34.5,69,3.0,0.0,0.0,0.0,0.0,0.0,0.0,0.0,0.0,4.0,7.0,4.0,6.0,1.0,4.0,3.0,1.0,Min 3 months,2.67,Slow moving,54.86850000000001,Profitable,Slow moving - Profitable,-,-
734922,6953156273108.0,SUYZD-0S       ,BASEUS BULLET ON-BOARD CAR MAGNETIC BRACKET SILVER                                                            ,BASEUS                        ,13.950000000000017,34.5,69,22.0,0.0,0.0,0.0,0.0,0.0,0.0,0.0,0.0,12.0,5.0,12.0,3.0,4.0,15.0,6.0,3.0,Min 3 months,8.0,Fast moving,164.39999999999986,Most profitable,Fast moving - Most profitable,-,Profitable - Reorder
734927,6953156253063.0,SUER-B01       ,BASEUS SMALL EARS VERTICAL MAGNETIC BRACKET BLACK                                                             ,BASEUS                        ,11.760000000000007,24.5,49,5.0,0.0,0.0,0.0,0.0,0.0,0.0,0.0,0.0,8.0,8.0,13.0,4.0,3.0,9.0,3.0,0.0,Min 3 months,4.0,Fast moving,50.95999999999997,Profitable,Fast moving - Profitable,-,-
734928,6953156253070.0,SUER-B0S       ,BASEUS SMALL EARS VERTICAL MAGNETIC BRACKET ROSE SILVER                                                       ,BASEUS                        ,11.76,24.5,49,9.0,0.0,0.0,0.0,0.0,0.0,0.0,0.0,0.0,8.0,5.0,7.0,3.0,3.0,3.0,7.0,0.0,Min 3 months,3.33,Fast moving,42.4242,Profitable,Fast moving - Profitable,-,-
734941,6953156281691.0,WXXP-01        ,BASEUS WIRELESS CHARGER SUCTION CUP BLACK                                                                     ,BASEUS                        ,22.190000000000005,44.5,89,1.0,0.0,0.0,0.0,0.0,0.0,0.0,0.0,0.0,2.0,4.0,5.0,1.0,0.0,0.0,2.0,0.0,Min 3 months,0.67,Non moving,14.947699999999998,Less profitable,Non moving - Less profitable,Buying Price,-
734942,6953156281370.0,TZARGS-09      ,BASEUS CASE FOR AIRPODS RED                                                                                   ,BASEUS                        ,7.461149425287359,24.5,49,12.0,0.0,0.0,0.0,0.0,0.0,0.0,0.0,0.0,8.0,1.0,4.0,2.0,5.0,2.0,1.0,1.0,Min 3 months,1.33,Slow moving,22.66167126436781,Profitable,Slow moving - Profitable,-,-
734943,6953156281363.0,TZARGS-01      ,BASEUS CASE FOR AIRPODS BLACK                                                                                 ,BASEUS                        ,7.610000000000008,24.5,49,24.0,0.0,0.0,0.0,0.0,0.0,0.0,0.0,0.0,8.0,7.0,7.0,10.0,1.0,5.0,0.0,1.0,Min 3 months,2.0,Slow moving,33.77999999999999,Profitable,Slow moving - Profitable,-,-
734944,6953156281387.0,TZARGS-G2      ,BASEUS CASE FOR AIRPODS GRAY                                                                                  ,BASEUS                        ,7.610000000000008,24.5,49,21.0,0.0,0.0,0.0,0.0,0.0,0.0,0.0,0.0,8.0,2.0,5.0,4.0,4.0,4.0,4.0,2.0,0 month,3.33,Fast moving,56.24369999999998,Profitable,Fast moving - Profitable,-,-
734948,6953156276673.0,ACSR-MS01      ,BASEUS MAGIC MONSTER GAMEPAD STYLE POWER BANK 2000MAH                                                         ,BASEUS                        ,24.14000000000001,54.5,109,0.0,0.0,0.0,0.0,0.0,0.0,0.0,0.0,0.0,0.0,0.0,0.0,0.0,0.0,0.0,0.0,0.0,Min 3 months,0.0,Run out of stock,0.0,Run out of stock,Run out of stock - Run out of stock,-,-
738078,6953156284647.0,ACSLCJ-06      ,BASEUS GRENADE BLACK/ARMY GREEN GRIP FOR SMARTPHONES                                                          ,BASEUS                        ,9.509999999999998,24.5,49,12.0,0.0,0.0,0.0,0.0,0.0,0.0,0.0,0.0,11.0,16.0,10.0,20.0,10.0,16.0,15.0,1.0,Min 3 months,10.67,Fast moving,159.94330000000002,Most profitable,Fast moving - Most profitable,-,Profitable - Reorder
739727,6953156282940.0,WIAPPOD-01     ,BASEUS PROTECTIVE CASE/WIRELESS CHARGER BLACK FOR AIRPODS                                                     ,BASEUS                        ,17.33,49.5,99,11.0,0.0,0.0,0.0,0.0,0.0,0.0,0.0,0.0,10.0,17.0,17.0,6.0,7.0,8.0,2.0,0.0,Min 3 months,3.33,Fast moving,107.12610000000001,Profitable,Fast moving - Profitable,-,-
739728,6953156282957.0,WIAPPOD-09     ,BASEUS PROTECTIVE CASE/WIRELESS CHARGER RED FOR AIRPODS                                                       ,BASEUS                        ,17.33,49.5,99,6.0,0.0,0.0,0.0,0.0,0.0,0.0,0.0,0.0,6.0,8.0,6.0,2.0,3.0,4.0,2.0,1.0,0 month,2.33,Slow moving,74.9561,Profitable,Slow moving - Profitable,-,-
742248,6953156284630.0,ACSLCJ-01      ,BASEUS GRENADE BLACK GRIP FOR SMARTPHONES                                                                     ,BASEUS                        ,9.313366214549943,24.5,49,12.0,0.0,0.0,0.0,0.0,0.0,0.0,0.0,0.0,17.0,26.0,14.0,19.0,26.0,23.0,12.0,1.0,0 month,12.0,Fast moving,182.2396054254007,Most profitable,Fast moving - Most profitable,-,Profitable - Reorder
742249,6953156286603.0,SUCJLF-01      ,BASEUS WINNER COOLING HEAT SINK BLACK FOR SMARTPHONES                                                         ,BASEUS                        ,21.039999999999992,49.5,99,13.0,0.0,0.0,0.0,0.0,0.0,0.0,0.0,0.0,4.0,7.0,5.0,9.0,7.0,7.0,7.0,0.0,Min 3 months,4.67,Fast moving,132.90820000000002,Most profitable,Fast moving - Most profitable,-,Profitable - Reorder
742292,6953156279650.0,SGAPIPD-CX02   ,BASEUS 0.3MM TEMPERED GLASS FILM TRANSPARENT FOR IPAD PRO 11-INCH                                             ,BASEUS                        ,14.434906542056074,39.5,79,4.0,0.0,0.0,0.0,0.0,0.0,0.0,0.0,0.0,8.0,2.0,0.0,3.0,0.0,0.0,0.0,0.0,0 month,0.0,Non moving,0.0,Run out of stock,Non moving - Run out of stock,-,-
742293,6953156279667.0,SGAPIPD-DX02   ,BASEUS 0.3MM ANTI-BLUE LIGHT TEMPERED GLASS FILM TRANSPARENT FOR IPAD PRO 11-INCH                             ,BASEUS                        ,16.32,49.5,99,2.0,0.0,0.0,0.0,0.0,0.0,0.0,0.0,0.0,1.0,0.0,1.0,1.0,0.0,0.0,0.0,1.0,Min 3 months,0.33,Non moving,10.9494,Less profitable,Non moving - Less profitable,Buying Price,-
742294,6953156282100.0,LTAPIPD-ASM03  ,BASEUS SIMPLISM Y-TYPE LEATHER CASE BLUE FOR IPAD PRO 11-INCH                                                 ,BASEUS                        ,38.140000000000015,79.5,159,10.0,0.0,0.0,0.0,0.0,0.0,0.0,0.0,0.0,4.0,0.0,3.0,0.0,0.0,1.0,0.0,0.0,Min 3 months,0.33,Non moving,13.648799999999996,Less profitable,Non moving - Less profitable,Buying Price,-
742296,6953156279148.0,SUGENT-XF01    ,BASEUS SUSPENSION GLASS DESKTOP BRACKET BLACK FOR SMARTPHONES                                                 ,BASEUS                        ,17.77073170731708,39.5,79,19.0,0.0,0.0,0.0,0.0,0.0,0.0,0.0,0.0,4.0,4.0,7.0,1.0,1.0,4.0,4.0,0.0,Min 3 months,2.67,Slow moving,58.017146341463395,Profitable,Slow moving - Profitable,-,-
742298,6953156270640.0,ACAPIPHX-BJ01  ,BASEUS PLAID BLACK 3500MAH POWER BANK FOR IPHONE X                                                            ,BASEUS                        ,46.77602739726026,94.5,189,7.0,0.0,0.0,0.0,0.0,0.0,0.0,0.0,0.0,16.0,7.0,15.0,6.0,5.0,7.0,1.0,0.0,Min 3 months,2.67,Slow moving,127.42300684931512,Most profitable,Slow moving - Most profitable,-,-
742300,6953156284401.0,ACPCL-01       ,BASEUS GOLDEN CUDGEL CAPACITIVE STYLUS BLACK                                                                  ,BASEUS                        ,14.4749710982659,29.5,59,21.0,0.0,0.0,0.0,0.0,0.0,0.0,0.0,0.0,14.0,15.0,15.0,13.0,6.0,4.0,6.0,9.0,Min 3 months,6.33,Fast moving,95.10843294797685,Profitable,Fast moving - Profitable,-,-
743939,6953156282247.0,NGH08-01       ,BASEUS H08 BLACK IMMERSIVE VIRTUAL 3D GAMING IN-EAR EARPHONES                                                 ,BASEUS                        ,76.0,144.5,289,6.0,0.0,0.0,0.0,0.0,0.0,0.0,0.0,0.0,3.0,6.0,0.0,1.0,1.0,2.0,0.0,1.0,Min 3 months,1.0,Slow moving,68.5,Profitable,Slow moving - Profitable,-,-
743955,6953156284821.0,WIAPIPH58-ASL03,BASEUS ORIGINAL LSR CASE LIGHT AQUA MARINE FOR IPHONE XS                                                      ,BASEUS                        ,12.379999999999995,34.5,69,5.0,0.0,0.0,0.0,0.0,0.0,0.0,0.0,0.0,1.0,2.0,4.0,4.0,7.0,0.0,0.0,0.0,Min 3 months,0.0,Non moving,0.0,Run out of stock,Non moving - Run out of stock,Buying Price,-
743956,6953156284838.0,WIAPIPH58-ASL04,BASEUS ORIGINAL LSR CASE PINK FOR IPHONE XS                                                                   ,BASEUS                        ,12.679999999999998,34.5,69,0.0,0.0,0.0,0.0,0.0,0.0,0.0,0.0,0.0,12.0,4.0,14.0,6.0,0.0,0.0,0.0,0.0,Min 3 months,0.0,Run out of stock,0.0,Run out of stock,Run out of stock - Run out of stock,-,-
743968,6953156279025.0,SUCJG9-02      ,BASEUS G9 MOBILE GAME SCORING TOOL WHITE FOR SMARTPHONES/TABLET                                               ,BASEUS                        ,5.259999999999999,24.5,49,18.0,0.0,0.0,0.0,0.0,0.0,0.0,0.0,0.0,11.0,12.0,12.0,13.0,8.0,14.0,4.0,1.0,Min 3 months,6.33,Fast moving,121.78920000000001,Most profitable,Fast moving - Most profitable,-,Profitable - Reorder
743975,6953156279018.0,SUCJG9-01      ,BASEUS G9 MOBILE GAME SCORING TOOL BLACK FOR SMARTPHONES/TABLET                                               ,BASEUS                        ,5.259999999999998,24.5,49,12.0,0.0,0.0,0.0,0.0,0.0,0.0,0.0,0.0,10.0,6.0,5.0,5.0,4.0,2.0,0.0,1.0,Min 3 months,1.0,Slow moving,19.240000000000002,Less profitable,Slow moving - Less profitable,-,-
758117,7447902861996.0,BAC-105        ,BRAVE LIGHTNING TO 3.5MM AUDIO CABLE WHITE                                                                    ,BRAVE                         ,23.0,49.5,99,8.0,0.0,0.0,0.0,0.0,0.0,0.0,0.0,0.0,,,0.0,0.0,8.0,14.0,7.0,3.0,Min 3 months,8.0,Fast moving,212.0,Most profitable,Fast moving - Most profitable,-,Profitable - Reorder
758119,744790286205.0,BTC-320BK      ,BRAVE 2-PORT USB WALL CHARGER BLACK                                                                           ,BRAVE                         ,22.0,49.5,99,24.0,0.0,0.0,0.0,0.0,0.0,0.0,0.0,0.0,,,0.0,0.0,3.0,1.0,2.0,1.0,Min 3 months,1.33,Slow moving,36.575,Profitable,Slow moving - Profitable,-,-
758121,6953156288126.0,SUWNT-01       ,BASEUS FOLDING UNIVERSAL STICKER BLACK                                                                        ,BASEUS                        ,7.61,34.5,69,13.0,0.0,0.0,0.0,0.0,0.0,0.0,0.0,0.0,,,0.0,0.0,0.0,3.0,4.0,0.0,0 month,2.33,Slow moving,62.6537,Profitable,Slow moving - Profitable,-,-
758124,6953156288133.0,SUWNT-02       ,BASEUS FOLDING UNIVERSAL STICKER TRANSPARENT                                                                  ,BASEUS                        ,7.61,34.5,69,22.0,0.0,0.0,0.0,0.0,0.0,0.0,0.0,0.0,,,0.0,0.0,0.0,3.0,4.0,0.0,Min 3 months,2.33,Slow moving,62.6537,Profitable,Slow moving - Profitable,-,-
758125,6953156271791.0,WXYL-A01       ,BASEUS OSCULUM WIRELESS GRAVITY CAR CHARGER                                                                   ,BASEUS                        ,37.13,79.5,159,13.0,0.0,0.0,0.0,0.0,0.0,0.0,0.0,0.0,,,0.0,0.0,2.0,2.0,3.0,0.0,Min 3 months,1.67,Slow moving,70.75789999999999,Profitable,Slow moving - Profitable,-,-
758126,6953156278585.0,CATL45-01      ,BASEUS AUDIO CONVERTER CATL45                                                                                 ,BASEUS                        ,9.66,34.5,69,0.0,0.0,0.0,0.0,0.0,0.0,0.0,0.0,0.0,,,0.0,0.0,0.0,0.0,0.0,0.0,Min 3 months,0.0,Run out of stock,0.0,Run out of stock,Run out of stock - Run out of stock,-,-
758127,6953156282278.0,CATL41-01      ,BASEUS TYPE-C TO 3.5MM AUDIO CHARGING ADAPTER BLACK                                                           ,BASEUS                        ,9.9,34.5,69,7.0,0.0,0.0,0.0,0.0,0.0,0.0,0.0,0.0,,,0.0,0.0,0.0,1.0,6.0,1.0,Min 3 months,2.67,Slow moving,65.682,Profitable,Slow moving - Profitable,-,-
758128,6953156285101.0,WXZN-B01       ,BASEUS SMART VEHICLE BRACKET WIRELESS CHARGER WITH INFRARED SENSOR BLACK                                      ,BASEUS                        ,52.61,104.5,209,7.0,0.0,0.0,0.0,0.0,0.0,0.0,0.0,0.0,,,0.0,0.0,0.0,2.0,3.0,2.0,Min 3 months,2.33,Slow moving,120.9037,Most profitable,Slow moving - Most profitable,-,-
758226,6953156290853.0,ACJHQ-01       ,BASEUS MICROMOLECULE FORMALDEHYDE PURIFIER DEEP SPACE BLACK                                                   ,BASEUS                        ,26.0,54.5,109,0.0,0.0,0.0,0.0,0.0,0.0,0.0,0.0,0.0,,,0.0,0.0,0.0,0.0,0.0,0.0,Min 3 months,0.0,Run out of stock,0.0,Run out of stock,Run out of stock - Run out of stock,-,-
758227,6953156290860.0,ACJHQ-0S       ,BASEUS MICROMOLECULE FORMALDEHYDE PURIFIER SILVER                                                             ,BASEUS                        ,26.0,54.5,109,0.0,0.0,0.0,0.0,0.0,0.0,0.0,0.0,0.0,,,0.0,0.0,0.0,0.0,0.0,0.0,Min 3 months,0.0,Run out of stock,0.0,Run out of stock,Run out of stock - Run out of stock,-,-
758228,6953156261358.0,SUHZ-01        ,BASEUS BACK SEAT CAR MOUNT BLACK                                                                              ,BASEUS                        ,14.0,39.5,79,13.0,0.0,0.0,0.0,0.0,0.0,0.0,0.0,0.0,,,0.0,0.0,0.0,2.0,4.0,2.0,Min 3 months,2.67,Slow moving,68.085,Profitable,Slow moving - Profitable,-,-
758229,6953156261365.0,SUHZ-2S        ,BASEUS BACK SEAT CAR MOUNT SILVER                                                                             ,BASEUS                        ,14.0,39.5,79,0.0,0.0,0.0,0.0,0.0,0.0,0.0,0.0,0.0,,,0.0,0.0,0.0,0.0,0.0,0.0,Min 3 months,0.0,Run out of stock,0.0,Run out of stock,Run out of stock - Run out of stock,-,-
758230,6971680477397.0,RPH0890        ,ROCK SHOOTING GAME CONTROLLER WITH HANDLE BLACK                                                               ,ROCK                          ,18.0,39.5,79,0.0,0.0,0.0,0.0,0.0,0.0,0.0,0.0,0.0,,,0.0,0.0,0.0,0.0,0.0,0.0,Min 3 months,0.0,Run out of stock,0.0,Run out of stock,Run out of stock - Run out of stock,-,-
758231,7447902862290.0,BHL-715        ,BRAVE 2-IN-1 UNIVERSAL MAGNETIC HOLDER                                                                        ,BRAVEN                        ,12.0,34.5,69,10.0,0.0,0.0,0.0,0.0,0.0,0.0,0.0,0.0,,,0.0,0.0,17.0,16.0,11.0,0.0,Min 3 months,9.0,Fast moving,202.5,Most profitable,Fast moving - Most profitable,-,Profitable - Reorder
758233,6953156289734.0,SGAPIPH58-WA01 ,BASEUS FULL-SCREEN CURVED TEMPERED GLASS SCREEN PROTECTOR BLACK FOR IPHONE XS/X                               ,BASEUS                        ,9.66,45.0,89,0.0,0.0,0.0,0.0,0.0,0.0,0.0,0.0,0.0,,,0.0,0.0,0.0,0.0,0.0,0.0,Min 3 months,0.0,Run out of stock,0.0,Run out of stock,Run out of stock - Run out of stock,-,-
758235,6953156289758.0,SGAPIPH58-WC01 ,BASEUS FULL-SCREEN CURVED PRIVACY TEMPERED GLASS SCREEN PROTECTOR BLACK FOR IPHONE XS/X                       ,BASEUS                        ,15.69,50.0,99,9.0,0.0,0.0,0.0,0.0,0.0,0.0,0.0,0.0,,,0.0,0.0,0.0,0.0,0.0,1.0,0 month,0.33,Non moving,11.322300000000002,Less profitable,Non moving - Less profitable,-,-
758236,6953156289819.0,SGAPIPH65-WC01 ,BASEUS FULL-SCREEN CURVED PRIVACY TEMPERED GLASS SCREEN PROTECTOR BLACK FOR IPHONE XS MAX                     ,BASEUS                        ,16.0,50.0,99,11.0,0.0,0.0,0.0,0.0,0.0,0.0,0.0,0.0,,,0.0,0.0,0.0,0.0,0.0,1.0,Min 3 months,0.33,Non moving,11.22,Less profitable,Non moving - Less profitable,Buying Price,-
758241,6953156288935.0,CAHUB-T01      ,BASEUS MATE DOCKING TYPE-C HUB DOCKING STATION BLACK                                                          ,BASEUS                        ,55.18,120.0,239,0.0,0.0,0.0,0.0,0.0,0.0,0.0,0.0,0.0,,,0.0,0.0,0.0,0.0,0.0,0.0,Min 3 months,0.0,Run out of stock,0.0,Run out of stock,Run out of stock - Run out of stock,-,-
758244,6953156290488.0,CABA01-01      ,BASEUS BA01 USB WIRELESS ADAPTER CABLE BLACK                                                                  ,BASEUS                        ,18.32,50.0,99,0.0,0.0,0.0,0.0,0.0,0.0,0.0,0.0,0.0,,,0.0,0.0,0.0,0.0,0.0,0.0,Min 3 months,0.0,Run out of stock,0.0,Run out of stock,Run out of stock - Run out of stock,-,-
758245,6953156290495.0,CABA01-09      ,BASEUS BA01 USB WIRELESS ADAPTER CABLE RED                                                                    ,BASEUS                        ,18.32,50.0,99,0.0,0.0,0.0,0.0,0.0,0.0,0.0,0.0,0.0,,,0.0,0.0,0.0,0.0,0.0,0.0,Min 3 months,0.0,Run out of stock,0.0,Run out of stock,Run out of stock - Run out of stock,-,-
762676,6953156291492.0,CATXF-0G       ,BASEUS 7-IN-1 SQUARE DESK TYPE-C MULTI-FUNCTIONAL HUB TYPE-C                                                  ,BASEUS                        ,107.83999999999986,135.0,269,0.0,0.0,0.0,0.0,0.0,0.0,0.0,0.0,0.0,,,,0.0,0.0,0.0,0.0,0.0,Min 3 months,0.0,Run out of stock,0.0,Run out of stock,Run out of stock - Run out of stock,-,-
762677,6953156291638.0,SULR-0G        ,BASEUS UNLIMITED ADJUSTMENT LAZY PHONE HOLDER GREY                                                            ,BASEUS                        ,21.070000000000007,50.0,99,11.0,0.0,0.0,0.0,0.0,0.0,0.0,0.0,0.0,,,,0.0,4.0,11.0,10.0,1.0,Min 3 months,7.33,Fast moving,212.05689999999996,Most profitable,Fast moving - Most profitable,-,Profitable - Reorder
762678,6953156286979.0,CATYW-B03      ,BASEUS ARTISTIC STRIPED TYPE-C 3A CABLE 5M BLUE                                                               ,BASEUS                        ,14.404375000000007,45.0,89,20.0,0.0,0.0,0.0,0.0,0.0,0.0,0.0,0.0,,,,0.0,3.0,2.0,0.0,1.0,Min 3 months,1.0,Slow moving,30.59562499999999,Profitable,Slow moving - Profitable,-,-
762679,6953156286962.0,CATYW-B01      ,BASEUS ARTISTIC STRIPED TYPE-C 3A CABLE 5M BLACK                                                              ,BASEUS                        ,14.390000000000038,45.0,89,23.0,0.0,0.0,0.0,0.0,0.0,0.0,0.0,0.0,,,,0.0,2.0,0.0,1.0,0.0,Min 3 months,0.33,Non moving,10.101299999999988,Less profitable,Non moving - Less profitable,Buying Price,-
762680,6953156286986.0,CATYW-B09      ,BASEUS ARTISTIC STRIPED TYPE-C 3A CABLE 5M RED                                                                ,BASEUS                        ,14.390000000000017,45.0,89,23.0,0.0,0.0,0.0,0.0,0.0,0.0,0.0,0.0,,,,0.0,1.0,1.0,1.0,0.0,Min 3 months,0.67,Non moving,20.50869999999999,Profitable,Non moving - Profitable,Buying Price,-
762681,6953156284739.0,CATSR-01       ,BASEUS FISH-EYE SPRING TYPE-C 2A CABLE 1M BLACK                                                               ,BASEUS                        ,8.43,35.0,69,9.0,0.0,0.0,0.0,0.0,0.0,0.0,0.0,0.0,,,,0.0,5.0,8.0,4.0,0.0,Min 3 months,4.0,Fast moving,106.28,Profitable,Fast moving - Profitable,-,-
762682,6953156284746.0,CATSR-09       ,BASEUS FISH-EYE SPRING TYPE-C 2A CABLE 1M RED                                                                 ,BASEUS                        ,8.43,35.0,69,22.0,0.0,0.0,0.0,0.0,0.0,0.0,0.0,0.0,,,,0.0,1.0,1.0,2.0,0.0,Min 3 months,1.0,Slow moving,26.57,Profitable,Slow moving - Profitable,-,-
762683,7447902861064.0,BCC-36W        ,BRAVE 2-PORT TYPE-C & QUICK CHARGE CAR CHARGER                                                                ,BASEUS                        ,13.44,50.0,99,25.0,0.0,0.0,0.0,0.0,0.0,0.0,0.0,0.0,,,,0.0,0.0,1.0,0.0,0.0,Min 3 months,0.33,Non moving,12.064800000000002,Less profitable,Non moving - Less profitable,Buying Price,-
317277,4716076166958.0,BK18002-BK     ,BONE COLLECTION BIKE TIE PRO 2 BLACK                                                                          ,BONE COLLECTION               ,23.16,44.5,89,0.0,0.0,0.0,0.0,0.0,0.0,0.0,0.0,0.0,,,,,0.0,0.0,0.0,0.0,Min 3 months,0.0,Run out of stock,0.0,Run out of stock,Run out of stock - Run out of stock,-,-
317278,4716076166941.0,BK18002-R      ,BONE COLLECTION BIKE TIE PRO 2 RED                                                                            ,BONE COLLECTION               ,23.16,44.5,89,6.0,0.0,0.0,0.0,0.0,0.0,0.0,0.0,0.0,,,,,0.0,2.0,0.0,0.0,0 month,0.67,Non moving,14.2978,Less profitable,Non moving - Less profitable,-,-
317280,4716076166965.0,BK18002-GR     ,BONE COLLECTION BIKE TIE PRO 2 GREY                                                                           ,BONE COLLECTION               ,23.16,44.5,89,6.0,0.0,0.0,0.0,0.0,0.0,0.0,0.0,0.0,,,,,0.0,2.0,0.0,0.0,Min 3 months,0.67,Non moving,14.2978,Less profitable,Non moving - Less profitable,Buying Price,-
317296,4716076167474.0,PH18502-GR     ,BONE COLLECTION RUN TIE GREY L ARMBAND                                                                        ,BONE COLLECTION               ,28.95,49.5,99,25.0,0.0,0.0,0.0,0.0,0.0,0.0,0.0,0.0,,,,,0.0,1.0,0.0,0.0,Min 3 months,0.33,Non moving,6.7815,Less profitable,Non moving - Less profitable,Buying Price,-
317301,4716076167450.0,PH18501-GR     ,BONE COLLECTION RUN TIE GREY S ARMBAND                                                                        ,BONE COLLECTION               ,28.95000000000001,49.5,99,9.0,0.0,0.0,0.0,0.0,0.0,0.0,0.0,0.0,,,,,1.0,0.0,0.0,0.0,Min 3 months,0.0,Non moving,0.0,Run out of stock,Non moving - Run out of stock,Buying Price,-
317311,4716076168341.0,PH18101-DEE    ,BONE COLLECTION MR DEER QCASE FOR IPHONE XS                                                                   ,BONE COLLECTION               ,22.39,34.5,69,18.0,0.0,0.0,0.0,0.0,0.0,0.0,0.0,0.0,,,,,0.0,2.0,0.0,0.0,Min 3 months,0.67,Non moving,8.1137,Less profitable,Non moving - Less profitable,Buying Price,-
317312,4716076168358.0,PH18101-DUC    ,BONE COLLECTION PATTI DUCK QCASE FOR IPHONE XS                                                                ,BONE COLLECTION               ,22.39,34.5,69,0.0,0.0,0.0,0.0,0.0,0.0,0.0,0.0,0.0,,,,,0.0,1.0,1.0,0.0,Min 3 months,0.67,Run out of stock,8.1137,Less profitable,Run out of stock - Less profitable,-,Stop Ordering
317316,4716076168365.0,PH18101-CAT    ,BONE COLLECTION MIAO CAT QCASE FOR IPHONE XS                                                                  ,BONE COLLECTION               ,22.39,34.5,69,2.0,0.0,0.0,0.0,0.0,0.0,0.0,0.0,0.0,,,,,1.0,4.0,0.0,0.0,Min 3 months,1.33,Slow moving,16.1063,Less profitable,Slow moving - Less profitable,-,-
317320,4716076167856.0,PH18080-DEE    ,BONE COLLECTION MR DEER QCASE FOR IPHONE XS MAX                                                               ,BONE COLLECTION               ,21.23,34.5,69,13.0,0.0,0.0,0.0,0.0,0.0,0.0,0.0,0.0,,,,,1.0,3.0,3.0,0.0,Min 3 months,2.0,Slow moving,26.54,Profitable,Slow moving - Profitable,-,-
317324,4716076167863.0,PH18080-DUC    ,BONE COLLECTION PATTI DUCK QCASE FOR IPHONE XS MAX                                                            ,BONE COLLECTION               ,21.23,34.5,69,0.0,0.0,0.0,0.0,0.0,0.0,0.0,0.0,0.0,,,,,0.0,0.0,0.0,0.0,Min 3 months,0.0,Run out of stock,0.0,Run out of stock,Run out of stock - Run out of stock,-,-
317327,4716076167870.0,PH18080-CAT    ,BONE COLLECTION MIAO CAT QCASE FOR IPHONE XS MAX                                                              ,BONE COLLECTION               ,21.23,34.5,69,9.0,0.0,0.0,0.0,0.0,0.0,0.0,0.0,0.0,,,,,1.0,4.0,3.0,0.0,Min 3 months,2.33,Slow moving,30.9191,Profitable,Slow moving - Profitable,-,-
317333,4716076167924.0,PH18082-PEN    ,BONE COLLECTION MARU PENGUIN BUBBLE CASE FOR IPHONE XS                                                        ,BONE COLLECTION               ,22.39,34.5,69,5.0,0.0,0.0,0.0,0.0,0.0,0.0,0.0,0.0,,,,,0.0,0.0,0.0,0.0,Min 3 months,0.0,Non moving,0.0,Run out of stock,Non moving - Run out of stock,Buying Price,-
317335,4716076167931.0,PH18082-DEE    ,BONE COLLECTION MR DEER BUBBLE CASE FOR IPHONE XS                                                             ,BONE COLLECTION               ,22.39,34.5,69,17.0,0.0,0.0,0.0,0.0,0.0,0.0,0.0,0.0,,,,,0.0,0.0,0.0,1.0,0 month,0.33,Non moving,3.9963,Less profitable,Non moving - Less profitable,-,-
317336,4716076167948.0,PH18082-DUC    ,BONE COLLECTION PATTI DUCK BUBBLE CASE FOR IPHONE XS                                                          ,BONE COLLECTION               ,22.39,34.5,69,6.0,0.0,0.0,0.0,0.0,0.0,0.0,0.0,0.0,,,,,0.0,1.0,0.0,1.0,Min 3 months,0.67,Non moving,8.1137,Less profitable,Non moving - Less profitable,Buying Price,-
317339,4716076167955.0,PH18082-CAT    ,BONE COLLECTION MIAO CAT BUBBLE CASE FOR IPHONE XS                                                            ,BONE COLLECTION               ,22.39,34.5,69,6.0,0.0,0.0,0.0,0.0,0.0,0.0,0.0,0.0,,,,,0.0,6.0,1.0,0.0,Min 3 months,2.33,Slow moving,28.2163,Profitable,Slow moving - Profitable,-,-
317343,4716076167979.0,PH18084-DEE    ,BONE COLLECTION MR DEER BUBBLE CASE FOR IPHONE XS MAX                                                         ,BONE COLLECTION               ,22.39,34.5,69,25.0,0.0,0.0,0.0,0.0,0.0,0.0,0.0,0.0,,,,,0.0,1.0,0.0,0.0,0 month,0.33,Non moving,3.9963,Less profitable,Non moving - Less profitable,-,-
317345,4716076167993.0,PH18084-CAT    ,BONE COLLECTION MIAO CAT BUBBLE CASE FOR IPHONE XS MAX                                                        ,BONE COLLECTION               ,22.39,34.5,69,16.0,0.0,0.0,0.0,0.0,0.0,0.0,0.0,0.0,,,,,1.0,2.0,2.0,0.0,0 month,1.33,Slow moving,16.1063,Less profitable,Slow moving - Less profitable,-,-
663479,6953156293014.0,CAHUB-AZ0G     ,BASEUS SUPERLATIVE MULTIFUNCTIONAL HUB DEEP GREY                                                              ,BASEUS                        ,102.13,155.0,309,23.0,0.0,0.0,0.0,0.0,0.0,0.0,0.0,0.0,,,,,0.0,0.0,2.0,0.0,Min 3 months,0.67,Non moving,35.422900000000006,Profitable,Non moving - Profitable,Buying Price,-
663480,6953156292314.0,NGH15-01       ,BASEUS GAMO H15 BLACK 3.5MM WIRED IN-EAR EARPHONES                                                            ,BASEUS                        ,18.130000000000013,54.5,109,23.0,0.0,0.0,0.0,0.0,0.0,0.0,0.0,0.0,,,,,0.0,1.0,0.0,0.0,0 month,0.33,Non moving,12.002099999999997,Less profitable,Non moving - Less profitable,-,-
663481,6953156292321.0,NGH15-91       ,BASEUS GAMO H15 RES/BLACK 3.5MM WIRED IN-EAR EARPHONES                                                        ,BASEUS                        ,18.13,54.5,109,34.0,0.0,0.0,0.0,0.0,0.0,0.0,0.0,0.0,,,,,0.0,0.0,0.0,0.0,0 month,0.0,Non moving,0.0,Run out of stock,Non moving - Run out of stock,-,-
663501,6953156293267.0,NGW01-01       ,BASEUS ENCOK W01 BLACK TRUE WIRELESS IN-EAR EARPHONES                                                         ,BASEUS                        ,66.22,119.5,239,16.0,0.0,0.0,0.0,0.0,0.0,0.0,0.0,0.0,,,,,0.0,0.0,15.0,3.0,Min 3 months,6.0,Fast moving,319.68,Most profitable,Fast moving - Most profitable,-,Profitable - Reorder
665858,6953156293274.0,NGW01-02       ,BASEUS ENCOK W01 WHITE TRUE WIRELESS IN-EAR EARPHONES                                                         ,BASEUS                        ,66.22000000000001,119.5,239,30.0,0.0,0.0,0.0,0.0,0.0,0.0,0.0,0.0,,,,,0.0,0.0,4.0,0.0,0 month,1.33,Slow moving,70.86239999999998,Profitable,Slow moving - Profitable,-,-
665859,6953156293243.0,NGA03-01       ,BASEUS ENCOK A03 BLACK WIRELESS IN-EAR EARPHONES                                                              ,BASEUS                        ,30.82000000000039,74.5,149,0.0,0.0,0.0,0.0,0.0,0.0,0.0,0.0,0.0,,,,,0.0,0.0,0.0,0.0,2 months,0.0,Run out of stock,0.0,Run out of stock,Run out of stock - Run out of stock,-,-
665860,6953156293250.0,NGA03-02       ,BASEUS ENCOK A03 WHITE WIRELESS IN-EAR EARPHONES                                                              ,BASEUS                        ,27.19,74.5,149,19.0,0.0,0.0,0.0,0.0,0.0,0.0,0.0,0.0,,,,,0.0,1.0,5.0,1.0,2 months,2.33,Slow moving,110.23230000000001,Profitable,Slow moving - Profitable,-,-
665862,6953156294073.0,WXYDIW02-01    ,BASEUS DOTTER BLACK WIRELESS CHARGER FOR APPLE WATCH                                                          ,BASEUS                        ,23.570000000000004,54.5,109,15.0,0.0,0.0,0.0,0.0,0.0,0.0,0.0,0.0,,,,,0.0,5.0,14.0,0.0,0 month,6.33,Fast moving,195.78689999999997,Most profitable,Fast moving - Most profitable,-,Profitable - Reorder
671807,6953156294080.0,WXYDIW02-02    ,BASEUS DOTTER WHITE WIRELESS CHARGER FOR APPLE WATCH                                                          ,BASEUS                        ,23.57,54.5,109,12.0,0.0,0.0,0.0,0.0,0.0,0.0,0.0,0.0,,,,,0.0,2.0,8.0,2.0,0 month,4.0,Fast moving,123.72,Most profitable,Fast moving - Most profitable,-,Profitable - Reorder
671812,6953156292079.0,PPLG-01        ,BASEUS AMBLIGHT 30000MAH POWER BANK BLACK                                                                     ,BASEUS                        ,88.91,149.5,299,0.0,0.0,0.0,0.0,0.0,0.0,0.0,0.0,0.0,,,,,0.0,0.0,0.0,0.0,0 month,0.0,Run out of stock,0.0,Run out of stock,Run out of stock - Run out of stock,-,-
674011,6953156286504.0,SUDYZP-D19     ,BASEUS FULLY FOLDING SELFIE STICK BLACK/RED                                                                   ,BASEUS                        ,45.32,79.5,159,0.0,0.0,0.0,0.0,0.0,0.0,0.0,0.0,0.0,,,,,0.0,0.0,0.0,0.0,0 month,0.0,Run out of stock,0.0,Run out of stock,Run out of stock - Run out of stock,-,-
676636,6953156286498.0,SUDYZP-D1S     ,BASEUS FULLY FOLDING SELFIE STICK BLACK/SLIVER                                                                ,BASEUS                        ,45.32,79.5,159,1.0,0.0,0.0,0.0,0.0,0.0,0.0,0.0,0.0,,,,,0.0,9.0,12.0,0.0,Min 3 months,7.0,Fast moving,239.26,Most profitable,Fast moving - Most profitable,-,Profitable - Reorder
676638,6953156286481.0,SUDYZP-D1V     ,BASEUS FULLY FOLDING SELFIE STICK BLACK/GOLD                                                                  ,BASEUS                        ,45.32,79.5,159,0.0,0.0,0.0,0.0,0.0,0.0,0.0,0.0,0.0,,,,,0.0,0.0,0.0,0.0,Min 3 months,0.0,Run out of stock,0.0,Run out of stock,Run out of stock - Run out of stock,-,-
676641,7447902860074.0,BDC-480 SILVER ,BRAVE MFI LIGHTNING CABLE 1M SILVER                                                                           ,BRAVE                         ,15.43,34.5,69,25.0,0.0,0.0,0.0,0.0,0.0,0.0,0.0,0.0,,,,,0.0,6.0,2.0,1.0,Min 3 months,3.0,Slow moving,57.21,Profitable,Slow moving - Profitable,-,-
676642,7447902862818.0,BDC-480 BLACK  ,BRAVE MFI LIGHTNING CABLE 1M BLACK                                                                            ,BRAVE                         ,15.43,34.5,69,22.0,0.0,0.0,0.0,0.0,0.0,0.0,0.0,0.0,,,,,0.0,8.0,3.0,1.0,Min 3 months,4.0,Fast moving,76.28,Profitable,Fast moving - Profitable,-,-
748127,4716076167467.0,PH18502-BK     ,BONE COLLECTION RUN TIE BLACK LARGE FOR SMARTPHONES 4-6.5 INCH                                                ,BONE COLLECTION               ,28.95000000000001,49.5,99,2.0,0.0,0.0,0.0,0.0,0.0,0.0,0.0,0.0,,,,,3.0,0.0,3.0,0.0,Min 3 months,1.0,Slow moving,20.54999999999999,Profitable,Slow moving - Profitable,-,-
748129,4716076167313.0,DR18041-32BK   ,BONE COLLECTION MARU PENGUIN 32GB USB 3.0                                                                     ,BONE COLLECTION               ,38.22000000000001,58.0,89,21.0,0.0,0.0,0.0,0.0,0.0,0.0,0.0,0.0,,,,,1.0,0.0,3.0,1.0,Min 3 months,1.33,Slow moving,26.307399999999983,Profitable,Slow moving - Profitable,-,-
748131,4716076167337.0,DR18043-32BR   ,BONE COLLECTION MR. DEER 32GB USB 3.0                                                                         ,BONE COLLECTION               ,38.22000000000001,58.0,89,23.0,0.0,0.0,0.0,0.0,0.0,0.0,0.0,0.0,,,,,0.0,1.0,1.0,1.0,Min 3 months,1.0,Slow moving,19.779999999999987,Profitable,Slow moving - Profitable,-,-
766138,6953156295483.0,WX3IN1-01      ,BASEUS SMART 3-IN-1 WIRELESS CHARGER 18W BLACK                                                                ,BASEUS                        ,51.18,100.0,199,0.0,0.0,0.0,0.0,0.0,0.0,0.0,0.0,0.0,,,,,,0.0,0.0,0.0,0 month,0.0,Run out of stock,0.0,Run out of stock,Run out of stock - Run out of stock,-,-
766139,6953156295490.0,WX3IN1-02      ,BASEUS SMART 3-IN-1 WIRELESS CHARGER 18W WHITE                                                                ,BASEUS                        ,55.169999999999845,100.0,199,0.0,0.0,0.0,0.0,0.0,0.0,0.0,0.0,0.0,,,,,,0.0,0.0,0.0,0 month,0.0,Run out of stock,0.0,Run out of stock,Run out of stock - Run out of stock,-,-
766140,6953156293618.0,CA1T4-I0G      ,BASEUS STAR RING SERIES 4-IN-1 CABLE 1.2M DEEP GREY                                                           ,BASEUS                        ,28.962539682539678,69.5,139,0.0,0.0,0.0,0.0,0.0,0.0,0.0,0.0,0.0,,,,,,0.0,0.0,0.0,0 month,0.0,Run out of stock,0.0,Run out of stock,Run out of stock - Run out of stock,-,-
766141,6953156295117.0,WIAPIPH58-QA01 ,BASEUS TRANSPARENT KEY PHONE CASE BLACK FOR IPHONE XS                                                         ,BASEUS                        ,6.599999999999998,34.5,69,21.0,0.0,0.0,0.0,0.0,0.0,0.0,0.0,0.0,,,,,,0.0,3.0,0.0,Min 3 months,1.0,Slow moving,27.900000000000002,Profitable,Slow moving - Profitable,-,-
766142,6953156295124.0,WIAPIPH58-QA02 ,BASEUS TRANSPARENT KEY PHONE CASE TRANSPARENT FOR IPHONE XS                                                   ,BASEUS                        ,6.599999999999999,34.5,69,18.0,0.0,0.0,0.0,0.0,0.0,0.0,0.0,0.0,,,,,,1.0,3.0,2.0,Min 3 months,2.0,Slow moving,55.800000000000004,Profitable,Slow moving - Profitable,-,-
