Part No,Description,UPC,ARQOOB SOH,HMV_SOH,VMS-U_SOH,VMS-Q_SOH,Vir_SOH,Retailer SOH,HMV_Cost,VMS-U_Cost,VMS-Q_Cost,Vir (QAR)_Cost,Final_Cost,HMV_Price,VMS-U_Price,VMS-Q_Price,Vir (QAR)_Price,HMV_RRP,VMS-U_RRP,VMS-Q_RRP,Vir (QAR)_RRP,Jan_HMV,Jan_VMS-U,Jan_VMS-Q,Jan_Vir,Jan_Total,Feb_HMV,Feb_VMS-U,Feb_VMS-Q,Feb_Vir,Feb_Total,Mar_HMV,Mar_VMS-U,Mar_VMS-Q,Mar_Vir,Mar_Total,Apr_HMV,Apr_VMS-U,Apr_VMS-Q,Apr_Vir,Apr_Total,May_HMV,May_VMS-U,May_VMS-Q,May_Vir,May_Total,Jun_HMV,Jun_VMS-U,Jun_VMS-Q,Jun_Vir,Jun_Total,Jul_HMV,Jul_VMS-U,Jul_VMS-Q,Jul_Vir,Jul_Total,Month,Weeks
,Baseus Cafule Cable Durable Nylon Braided Wire USB/ micro US,6.95316E+11,,,,,0,0,,,,,0,,,,,,,,37,,,,,0,,,,,0,,,,0,0,,,,,0,,,,0,0,,,,0,0,,,,0,0,0,5
BTC-320BK      ,Brave 2-port USB Wall Charger Black,7.4479E+11,,5,38,27,,70,18.71,22,22,,22,54.45,44.5,49.5,,,93,99,,,,,,0,,,,,0,,,,,0,,0,0,,0,,12,0,,12,,20,3,,23,,20,1,,21,3,5
BAC-106,Brave Lightning to 3.5mm Audio Cable Black,7.4479E+11,15,0,,,,0,,,,,0,,,,,,,,,,,,,0,,,,,0,,,,,0,,,,,0,,,,,0,,,,,0,3,,,,3,1,5
BHL-712        ,BRAVE LOTTO SERIES MAGNETIC CAR MOUNTS                                                                        ,7.4479E+11,,,40,,,40,,12.99,,,12.99,,34.5,,,,69,,,,6,,,6,,13,,,13,,16,,,16,,21,,,21,,5,,,5,,10,,,10,,30,,,30,7,5
BHL-713        ,BRAVE 2-IN-1 UNIVERSAL MAGNETIC HOLDER                                                                        ,7.4479E+11,,,48,,,48,,12.81,,,12.81,,29.5,,,,59,,,,12,,,12,,18,,,18,,14,,,14,,44,,,44,,30,,,30,,47,,,47,,40,,,40,7,5
BTC-320BK,Brave 2-port USB Wall Charger Black,7.4479E+11,3662,5,,,,5,,,,,0,,,,,,,,,,,,,0,,,,,0,,,,,0,,,,,0,,,,,0,,,,,0,0,,,,0,0,5
BAC-106,Brave Lightning to 3.5mm Audio Cable Black,7.44796E+11,,5,,,,5,22.36,,,,22.36,54.45,,,,,,,,,,,,0,,,,,0,,,,,0,,,,,0,,,,,0,2,,,,2,,,,,0,1,5
BTC-320,Brave 2-port USB Wall Charger White,7.44796E+11,,5,,,,5,18.71,,,,18.71,54.45,,,,,,,,,,,,0,,,,,0,,,,,0,,,,,0,,,,,0,,,,,0,,,,,0,0,5
BTC-320,Brave 2-port USB Wall Charger White,7.44796E+11,,4,,,,4,,,,,0,,,,,,,,,,,,,0,,,,,0,,,,,0,,,,,0,,,,,0,,,,,0,1,,,,1,1,5
FE020-1W,Bone Collection PANDA STRAP-WHITE,4.71282E+12,16,3,,,,3,7.33,,,,7.33,26.95,,,,,,,,,,,,0,,,,,0,,,,,0,,,,,0,,,,,0,,,,,0,0,,,,0,0,5
FE021-1G,Bone Collection DINOSAUR STRAP-GREEN,4.71282E+12,19,3,,,,3,7.33,,,,7.33,26.95,,,,,,,,,,,,0,,,,,0,,,,,0,,,,,0,,,,,0,,,,,0,0,,,,0,0,5
FE030-1GR,Bone Collection TIGER STRAP-GREY,4.71282E+12,20,3,,,,3,7.33,,,,7.33,26.95,,,,,,,,,,,,0,,,,,0,,,,,0,,,,,0,,,,,0,,,,,0,0,,,,0,0,5
FE031-1R,Bone Collection NINJA STRAP-RED,4.71282E+12,16,3,,,,3,7.33,,,,7.33,26.95,,,,,,,,,,,,0,,,,,0,,,,,0,,,,,0,,,,,0,,,,,0,0,,,,0,0,5
FE031-1BK,Bone Collection NINJA STRAP-BLACK,4.71282E+12,14,3,,,,3,7.33,,,,7.33,26.95,,,,,,,,,,,,0,,,,,0,,,,,0,,,,,0,,,,,0,,,,,0,0,,,,0,0,5
FE036-1G,Bone Collection OWL STRAP-GREEN,4.71282E+12,20,3,,,,3,7.33,,,,7.33,26.95,,,,,,,,,,,,0,,,,,0,,,,,0,,,,,0,,,,,0,,,,,0,0,,,,0,0,5
FE038-1BR,Bone Collection DEER STRAP-BROWN,4.71282E+12,19,3,,,,3,7.33,,,,7.33,26.95,,,,,,,,,,,,0,,,,,0,,,,,0,,,,,0,,,,,0,,,,,0,0,,,,0,0,5
FE045-BK,Bone Collection CAT STRAP-BLACK,4.71608E+12,21,3,,,,3,7.33,,,,7.33,26.95,,,,,,,,,,,,0,,,,,0,,,,,0,,,,,0,,,,,0,,,,,0,0,,,,0,0,5
FE053-BK,Bone Collection Candy Maru Strap-BLACK,4.71608E+12,27,3,,,,3,7.33,,,,7.33,26.95,,,,,,,,,,,,0,,,,,0,,,,,0,,,,,0,,,,,0,,,,,0,0,,,,0,0,5
FE059-R,Bone Collection Ninja Wrap-RED,4.71608E+12,83,3,,,,3,7.35,,,,7.35,26.95,,,,,,,,,,,,0,,,,,0,,,,,0,,,,,0,,,,,0,,,,,0,0,,,,0,0,5
AP14021-BK     ,Bone Collection LinKey Lightning-BLACK,4.71608E+12,33,5,2,,,7,25.09,25.09,,,25.09,65.45,59.5,,,,129,,,,1,,,1,,7,,,7,,0,,,0,,2,,,2,,0,,,0,,0,,,0,0,0,,,0,3,5
LF14062-D,Bone Collection Q Cord Ties-SML(D),4.71608E+12,30,2,,,,2,11.19,,,,11.19,32.45,,,,,,,,,,,,0,,,,,0,,,,,0,,,,,0,,,,,0,1,,,,1,0,,,,0,1,5
LF14062-C,Bone Collection Q Cord Ties-SML(C),4.71608E+12,86,2,,,,2,11.19,,,,11.19,32.45,,,,,,,,,,,,0,,,,,0,,,,,0,,,,,0,,,,,0,1,,,,1,0,,,,0,1,5
LF16001-PEN,Bone Collection Cord Pocket-Maru Penguin,4.71608E+12,16,3,,,,3,10.81,,,,10.81,32.45,,,,,,,,,,,,0,,,,,0,,,,,0,,,,,0,,,,,0,,,,,0,0,,,,0,0,5
LF16001-DUC,Bone Collection Cord Pocket-Patti Duck,4.71608E+12,17,3,,,,3,10.81,,,,10.81,32.45,,,,,,,,,,,,0,,,,,0,,,,,0,,,,,0,,,,,0,,,,,0,0,,,,0,0,5
LF16001-DEE,Bone Collection Cord Pocket-Mr. Deer,4.71608E+12,16,3,,,,3,10.81,,,,10.81,32.45,,,,,,,,,,,,0,,,,,0,,,,,0,,,,,0,,,,,0,,,,,0,0,,,,0,0,5
LF16301-PEN,Bone Collection Charm Lanyard Plus-Maru Penguin,4.71608E+12,48,5,,,,5,11.19,,,,11.19,32.45,,,,,,,,,,,,0,,,,,0,,,,,0,,,,,0,,,,,0,,,,,0,0,,,,0,0,5
LF16301-DUC,Bone Collection Charm Lanyard Plus-Patti Duck,4.71608E+12,49,5,,,,5,11.19,,,,11.19,32.45,,,,,,,,,,,,0,,,,,0,,,,,0,,,,,0,,,,,0,,,,,0,0,,,,0,0,5
LF16301-DEE,Bone Collection Charm Lanyard Plus-Mr. Deer,4.71608E+12,45,5,,,,5,11.19,,,,11.19,32.45,,,,,,,,,,,,0,,,,,0,,,,,0,,,,,0,,,,,0,,,,,0,0,,,,0,0,5
BK18002-R      ,BONE COLLECTION BIKE TIE PRO 2 RED                                                                            ,4.71608E+12,2,,35,6,,41,,23.16,23.16,,23.16,,39.5,44.5,,,79,89,,,,,,0,,,,,0,,,,,0,,,,,0,,,,,0,,0,0,,0,,1,2,,3,1,5
BK18002-BK     ,BONE COLLECTION BIKE TIE PRO 2 BLACK                                                                          ,4.71608E+12,1,,6,0,,6,,23.16,23.16,,23.16,,39.5,44.5,,,79,89,,,,,,0,,,,,0,,,,,0,,,,,0,,,,,0,,0,0,,0,,6,0,,6,1,5
BK18002-GR     ,BONE COLLECTION BIKE TIE PRO 2 GREY                                                                           ,4.71608E+12,1,,29,6,,35,,23.16,23.16,,23.16,,39.5,44.5,,,79,89,,,,,,0,,,,,0,,,,,0,,,,,0,,,,,0,,2,0,,2,,7,2,,9,2,5
DR18041-32BK   ,BONE COLLECTION MARU PENGUIN 16GB USB 3.0                                                                     ,4.71608E+12,22,,58,25,,83,,38.22,38.22,,38.22,,116.35,58,,,189,89,,,3,,,3,,2,,,2,,2,,,2,,1,,,1,,0,,,0,,4,1,,5,,2,0,,2,6,5
DR18043-32BR   ,BONE COLLECTION MR. DEER 16GB USB 3.0                                                                         ,4.71608E+12,22,,63,25,,88,,38.22,38.22,,38.22,,116.35,58,,,189,89,,,1,,,1,,1,,,1,,0,,,0,,0,,,0,,0,,,0,,5,0,,5,,2,1,,3,4,5
PH18501-BK     ,BONE COLLECTION RUN TIE BLACK SMALL                                                                           ,4.71608E+12,31,,2,,,2,,28.95,,,28.95,,69.5,,,,149,,,,7,,,7,,6,,,6,,1,,,1,,0,,,0,,1,,,1,,1,,,1,,0,,,0,5,5
PH18501-GR     ,BONE COLLECTION RUN TIE GREY S ARMBAND                                                                        ,4.71608E+12,,,29,9,,38,,28.95,28.95,,28.95,,44.5,49.5,,,89,99,,,,,,0,,,,,0,,,,,0,,,,,0,,,,,0,,1,1,,2,,0,0,,0,1,5
PH18502-BK     ,BONE COLLECTION RUN TIE BLACK LARGE FOR SMARTPHONES 4-6.5 INCH                                                ,4.71608E+12,1,,26,5,,31,,28.95,28.95,,28.95,,69.5,49.5,,,149,99,,,11,,,11,,2,,,2,,6,,,6,,0,,,0,,1,,,1,,2,3,,5,,4,0,,4,6,5
PH18502-GR     ,BONE COLLECTION RUN TIE GREY L ARMBAND                                                                        ,4.71608E+12,10,,49,25,,74,,28.95,28.95,,28.95,,44.5,49.5,,,89,99,,,,,,0,,,,,0,,,,,0,,,,,0,,,,,0,,4,0,,4,,8,1,,9,2,5
PH18081-DEE,Bone Collection Phone Qcase XR-Mr. Deer,4.71608E+12,55,3,,,,3,21.23,,,,21.23,59.95,,,,,,,,,,,,0,,,,,0,,,,,0,,,,,0,,,,,0,,,,,0,0,,,,0,0,5
PH18081-DUC,Bone Collection Phone Qcase XR-Patti Duck,4.71608E+12,24,3,,,,3,21.23,,,,21.23,59.95,,,,,,,,,,,,0,,,,,0,,,,,0,,,,,0,,,,,0,,,,,0,0,,,,0,0,5
PH18081-CAT,Bone Collection Phone Qcase XR-Miao Cat,4.71608E+12,60,3,,,,3,21.23,,,,21.23,59.95,,,,,,,,,,,,0,,,,,0,,,,,0,,,,,0,,,,,0,,,,,0,0,,,,0,0,5
PH18080-DEE    ,Bone Collection Phone Qcase XS Max-Mr. Deer,4.71608E+12,2,3,18,16,,37,21.23,21.23,21.23,,21.23,59.95,29.5,34.5,,,59,69,,,,,,0,,,,,0,,,,,0,,,,,0,,,,,0,,2,1,,3,0,9,3,,12,2,5
PH18080-DUC    ,Bone Collection Phone Qcase XS Max-Patti Duck,4.71608E+12,2,3,0,0,,3,21.23,21.23,21.23,,21.23,59.95,29.5,34.5,,,59,69,,,,,,0,,,,,0,,,,,0,,,,,0,,,,,0,,1,0,,1,0,5,0,,5,2,5
PH18080-CAT    ,Bone Collection Phone Qcase XS Max-Miao Cat,4.71608E+12,2,1,11,12,,24,21.23,21.23,21.23,,21.23,59.95,29.5,34.5,,,59,69,,,,,,0,,,,,0,,,,,0,,,,,0,,,,,0,1,4,1,,6,1,8,4,,13,2,5
PH18082-PEN    ,Bone Collection Phone Bubble XS-Maru Penguin,4.71608E+12,2,3,10,5,,18,22.39,22.39,22.39,,22.39,59.95,29.5,34.5,,,59,69,,,,,,0,,,,,0,,,,,0,,,,,0,,,,,0,,0,0,,0,0,2,0,,2,1,5
PH18082-DEE    ,Bone Collection Phone Bubble XS-Mr. Deer,4.71608E+12,2,3,31,18,,52,22.39,22.39,22.39,,22.39,59.95,29.5,34.5,,,59,69,,,,,,0,,,,,0,,,,,0,,,,,0,,,,,0,,0,0,,0,0,5,0,,5,1,5
PH18082-DUC    ,Bone Collection Phone Bubble XS-Patti Duck,4.71608E+12,2,3,9,7,,19,22.39,22.39,22.39,,22.39,59.95,29.5,34.5,,,59,69,,,,,,0,,,,,0,,,,,0,,,,,0,,,,,0,,2,0,,2,0,4,1,,5,2,5
PH18082-CAT    ,Bone Collection Phone Bubble XS-Miao Cat,4.71608E+12,,3,24,7,,34,22.39,22.39,22.39,,22.39,59.95,29.5,34.5,,,59,69,,,,,,0,,,,,0,,,,,0,,,,,0,,,,,0,,1,0,,1,0,7,6,,13,2,5
PH18084-DEE    ,Bone Collection Phone Bubble XS Max-Mr. Deer,4.71608E+12,3,3,43,25,,71,22.39,22.39,22.39,,22.39,59.95,29.5,34.5,,,59,69,,,,,,0,,,,,0,,,,,0,,,,,0,,,,,0,,0,0,,0,0,4,1,,5,1,5
PH18084-CAT    ,Bone Collection Phone Bubble XS Max-Miao Cat,4.71608E+12,10,1,27,18,,46,22.39,22.39,22.39,,22.39,59.95,29.5,34.5,,,59,69,,,,,,0,,,,,0,,,,,0,,,,,0,2,,,,2,,0,1,,1,1,8,2,,11,3,5
LF18091-PEN,Bone Collection Lanyard PhoneTie-Maru Penguin,4.71608E+12,5,3,,,,3,22,,,,22,59.95,,,,,,,,,,,,0,,,,,0,,,,,0,,,,,0,,,,,0,,,,,0,0,,,,0,0,5
LF18091-WH,Bone Collection Lanyard PhoneTie-Original White,4.71608E+12,4,1,,,,1,18.14,,,,18.14,48.95,,,,,,,,,,,,0,,,,,0,,,,,0,,,,,0,,,,,0,2,,,,2,0,,,,0,1,5
LF18091-BK,Bone Collection Lanyard PhoneTie-Black,4.71608E+12,1,2,,,,2,18.14,,,,18.14,48.95,,,,,,,,,,,,0,,,,,0,,,,,0,,,,,0,,,,,0,1,,,,1,0,,,,0,1,5
PH18101-DEE    ,Bone Collection Phone Qcase XS-Mr. Deer,4.71608E+12,4,5,20,18,,43,22.39,22.39,22.39,,22.39,59.95,29.5,34.5,,,59,69,,,,,,0,,,,,0,,,,,0,,,,,0,,,,,0,3,3,0,,6,,9,2,,11,2,5
PH18101-DUC    ,BONE COLLECTION PATTI DUCK QCASE FOR IPHONE XS                                                                ,4.71608E+12,2,,1,1,,2,,22.39,22.39,,22.39,,29.5,34.5,,,59,69,,,,,,0,,,,,0,,,,,0,,,,,0,,,,,0,,2,0,,2,,7,1,,8,2,5
PH18101-CAT    ,Bone Collection Phone Qcase XS-Miao Cat,4.71608E+12,3,2,9,2,,13,22.39,22.39,22.39,,22.39,59.95,29.5,34.5,,,59,69,,,,,,0,,,,,0,,,,,0,,,,,0,,,,,0,,7,1,,8,1,10,4,,15,2,5
SUGENT-NT0S,Baseus 360-degree Rotation Magnetic Mount Holder(Paste type) Silv,6.95316E+12,282,4,,,,4,7.28,,,,7.28,26.95,,,,,,,,,,,,0,,,,,0,,,,,0,,,,,0,1,,,,1,,,,,0,0,,,,0,1,5
SUMQ-01,Baseus Privity Ring Bracket Black,6.95316E+12,93,1,,,,1,6.59,,,,6.59,26.95,,,,,,,,,,,,0,,,,,0,,,,,0,,,,,0,,,,,0,1,,,,1,3,,,,3,2,5
SUER-A01       ,BASEUS SMALL EARS MAGNETIC CAR VENT SUCTION BRACKET BLACK                                                     ,6.95316E+12,174,,8,11,,19,,11.76,11.76,,11.76,,24.5,24.5,,,49,49,,,3,,,3,,6,9,,15,,11,5,,16,,8,7,,15,,5,5,,10,,15,0,,15,,4,4,,8,7,5
SUER-A0S       ,BASEUS SMALL EARS MAGNETIC CAR VENT SUCTION BRACKET ROSE SILVER                                               ,6.95316E+12,139,,3,8,,11,,12.05,12.05,,12.05,,24.5,24.5,,,49,49,,,4,,,4,,5,4,,9,,9,5,,14,,10,9,,19,,4,4,,8,,4,1,,5,,0,1,,1,7,5
SUER-A0R       ,BASEUS SMALL EARS MAGNETIC CAR VENT SUCTION BRACKET ROSE GOLD                                                 ,6.95316E+12,,,2,,,2,,11.11,,,11.11,,24.5,,,,49,,,,2,,,2,,1,,,1,,1,,,1,,0,,,0,,0,,,0,,1,,,1,,0,,,0,4,5
SUER-A0V       ,BASEUS SMALL EARS MAGNETIC CAR VENT SUCTION BRACKET ROSE GOLD                                                 ,6.95316E+12,131,,2,,,2,,11.11,,,11.11,,24.5,,,,49,,,,3,,,3,,0,,,0,,6,,,6,,1,,,1,,0,,,0,,4,,,4,,2,,,2,5,5
SUER-B01       ,Baseus Small Ears Series Magnetic Bracketï¿½ï¿½ï¿½ï¿½ï¿½ï¿½ï¿,6.95316E+12,523,5,12,8,,25,11.53,11.76,11.76,,11.76,32.45,24.5,24.5,,,49,49,,,12,,,12,,12,8,,20,,16,8,,24,,21,13,,34,,21,4,,25,,11,3,,14,0,6,9,,15,7,5
SUER-B0S       ,Baseus Small Ears Series Magnetic Bracketï¿½ï¿½ï¿½ï¿½ï¿½ï¿½ï¿½,6.95316E+12,,5,16,16,,37,11.53,11.76,11.76,,11.76,32.45,24,24.5,,,49,49,,,1,,,1,,2,8,,10,,10,5,,15,,5,7,,12,,6,3,,9,,12,3,,15,0,28,3,,31,7,5
SUER-B0R       ,BASEUS SMALL EARS VERTICAL MAGNETIC BRACKET ROSE GOLD                                                         ,6.95316E+12,4,,0,,,0,,11.76,,,11.76,,24.5,,,,49,,,,0,,,0,,3,,,3,,2,,,2,,2,,,2,,0,,,0,,2,,,2,,0,,,0,4,5
SUER-B0V       ,BASEUS SMALL EARS VERTICAL MAGNETIC BRACKET ROSE GOLD                                                         ,6.95316E+12,,,6,,,6,,12.05,,,12.05,,24.5,,,,49,,,,5,,,5,,5,,,5,,0,,,0,,9,,,9,,4,,,4,,5,,,5,,6,,,6,6,5
SUER-C0V,Baseus Small ears series Magnetic suction bracketï¿½ï¿½ï¿½ï¿½ï¿½,6.95316E+12,8,5,,,,5,7.76,,,,7.76,26.95,,,,,,,,,,,,0,,,,,0,,,,,0,,,,,0,,,,,0,,,,,0,0,,,,0,0,5
SUMR-0R,Baseus Multifunctional Ring Bracket Rose Gold,6.95316E+12,5,4,,,,4,3.65,,,,3.65,26.95,,,,,,,,,,,,0,,,,,0,,,,,0,,,,,0,,,,,0,1,,,,1,0,,,,0,1,5
SUMR-0V,Baseus Multifunctional Ring Bracket Gold,6.95316E+12,,4,,,,4,3.65,,,,3.65,26.95,,,,,,,,,,,,0,,,,,0,,,,,0,,,,,0,,,,,0,1,,,,1,0,,,,0,1,5
SUMR-01,Baseus Multifunctional Ring Bracket Black,6.95316E+12,134,1,,,,1,3.66,,,,3.66,26.95,,,,,,,,,,,,0,,,,,0,,,,,0,,,,,0,1,,,,1,1,,,,1,1,,,,1,3,5
SUGENT-ATR01   ,BASEUS CURVE MAGNET CAR MOUNT                                                                                 ,6.95316E+12,1,,0,0,,0,,11,11,,11,,24.5,24.5,,,49,49,,,0,,,0,,0,0,,0,,2,0,,2,,0,0,,0,,0,0,,0,,0,0,,0,,0,0,,0,1,5
,Baseus Rapid  3-in-1 Cable M+L+Type-C 1.2M Black,6.95316E+12,,,,,2,2,,,,,0,,,,37.5705,,,,69,,,,,0,,,,,0,,,,0,0,,,,0,0,,,,4,4,,,,3,3,,,,1,1,3,5
,Baseus Rapid  3-in-1 Cable M+L+Type-C 3A 1.2M Red,6.95316E+12,2,,,,4,4,,,,,0,,,,37.5705,,,,69,,,,,0,,,,,0,,,,0,0,,,,1,1,,,,1,1,,,,2,2,,,,2,2,4,5
,Baseus Rapid 3-n-1 Cable M+L+Type-C 1.2M Dark Blue,6.95316E+12,1,,,,0,0,,,,,0,,,,37.5705,,,,69,,,,,0,,,,,0,,,,0,0,,,,2,2,,,,0,0,,,,7,7,,,,1,1,3,5
CAMLL-SU09,Baseus Rapid Series 3-in-1 Cable Micro+Dual Lightning 3A 1.2M Red,6.95316E+12,81,3,,,,3,9.66,,,,9.66,37.95,,,,,,,,,,,,0,,,,,0,,,,,0,,,,,0,,,,,0,2,,,,2,0,,,,0,1,5
CAM30-A91,Baseus Yiven Audio Cable 3.5 male Audio M30  0.5M Red+ Black,6.95316E+12,3,5,,,,5,4.81,,,,4.81,26.95,,,,,,,,,,,,0,,,,,0,,,,,0,,,,,0,,,,,0,,,,,0,0,,,,0,0,5
CAM30-B91,Baseus Yiven Audio Cable 3.5 male Audio M30 1M Red+ Black,6.95316E+12,49,5,,,,5,5.49,,,,5.49,26.95,,,,,,,,,,,,0,,,,,0,,,,,0,,,,,0,,,,,0,,,,,0,0,,,,0,0,5
CAM30-BS1,Baseus Yiven Audio Cable 3.5 male Audio M30 1M Silver+ Black,6.95316E+12,1,0,,,,0,5.46,,,,5.46,26.95,,,,,,,,,,,,0,,,,,0,,,,,0,,,,,0,,,,,0,2,,,,2,3,,,,3,2,5
CATSX-D0G      ,Baseu Enjoyment Type-C to HDMI+USB HUB  Gray,6.95316E+12,4,,0,,2,2,,61,,,61,,124.5,,146.4705,,259,,269,,0,,,0,,0,,,0,,0,,0,0,,0,,0,0,,0,,0,0,,0,,0,0,,0,,0,0,0,5
,Baseus Enjoyment  Type-C to VGA+ USB 3.0  HUB Gray,6.95316E+12,,,,,3,3,,,,,0,,,,64.7955,,,,119,,,,,0,,,,,0,,,,0,0,,,,0,0,,,,0,0,,,,0,0,,,,0,0,0,5
NGA02-03,Baseus Encok Mini Wireless Earphone A02 Blue,6.95316E+12,27,1,,,,1,20.21,,,,20.21,48.95,,,,,,,,,,,,0,,,,,0,,,,,0,,,,,0,1,,,,1,,,,,0,0,,,,0,1,5
NGA02-0V,Baseus Encok Mini Wireless Earphone A02 Gold,6.95316E+12,,3,,,,3,19.42,,,,19.42,48.95,,,,,,,,,,,,0,,,,,0,,,,,0,,,,,0,1,,,,1,2,,,,2,0,,,,0,2,5
NGA02-0A,Baseus Encok Mini Wireless Earphone A02 Tarnish,6.95316E+12,,1,,,,1,19.42,,,,19.42,48.95,,,,,,,,,,,,0,,,,,0,,,,,0,,,,,0,2,,,,2,,,,,0,1,,,,1,2,5
SUER-A09       ,BASEUS SMALL EARS MAGNETIC CAR VENT SUCTION BRACKET ROSE RED                                                  ,6.95316E+12,38,,1,,,1,,11.11,,,11.11,,24.5,,,,49,,,,1,,,1,,2,,,2,,0,,,0,,0,,,0,,2,,,2,,1,,,1,,0,,,0,4,5
SUER-B09       ,BASEUS SMALL EARS VERTICAL MAGNETIC BRACKET ROSE RED                                                          ,6.95316E+12,1,,0,,,0,,11.76,,,11.76,,24.5,,,,49,,,,4,,,4,,2,,,2,,7,,,7,,2,,,2,,0,,,0,,0,,,0,,0,,,0,4,5
SUPMD-01,Baseus Symbol Ring Bracket Black,6.95316E+12,7,4,,,4,8,7.19,,,,7.19,32.45,,,32.1255,,,,59,,,,,0,,,,,0,,,,0,0,,,,1,1,,,,0,0,1,,,1,2,0,,,0,0,2,5
SUPMD-03,Baseus Symbol Ring Bracket Blue,6.95316E+12,33,5,,,6,11,7.19,,,,7.19,32.45,,,32.1255,,,,59,,,,,0,,,,,0,,,,0,0,,,,0,0,,,,0,0,,,,0,0,0,,,0,0,0,5
,Baseus Symbol Ring Bracket Red,6.95316E+12,25,,,,6,6,,,,,0,,,,32.1255,,,,59,,,,,0,,,,,0,,,,0,0,,,,0,0,,,,0,0,,,,0,0,,,,0,0,0,5
,Baseus Symbol Ring Bracket Glod,6.95316E+12,46,,,,5,5,,,,,0,,,,32.1255,,,,59,,,,,0,,,,,0,,,,0,0,,,,1,1,,,,0,0,,,,0,0,,,,0,0,1,5
SUHS-DP01      ,BASEUS DOUBLE CLIP HORIZONTAL VEHICLE MOUNT BLACK                                                             ,6.95316E+12,6,,0,16,,16,,13.48,13.48,,13.48,,29.5,29.5,,,59,59,,,5,,,5,,1,10,,11,,4,2,,6,,1,3,,4,,0,1,,1,,0,2,,2,,0,2,,2,7,5
SUHS-DP0S      ,BASEUS DOUBLE CLIP HORIZONTAL VEHICLE MOUNT SILVER                                                            ,6.95316E+12,,,0,,,0,,13.51,,,13.51,,29.5,,,,59,,,,3,,,3,,2,,,2,,0,,,0,,0,,,0,,0,,,0,,0,,,0,,0,,,0,2,5
SUGX-A01       ,BASEUS MAGNETIC AIR VENT CAR MOUNT HOLDER WITH CABLE CLIP BLACK                                               ,6.95316E+12,81,,0,,,0,,12.05,,,12.05,,29.5,,,,59,,,,0,,,0,,0,,,0,,0,,,0,,0,,,0,,0,,,0,,0,,,0,,0,,,0,0,5
SUGX-A0V       ,BASEUS MAGNETIC AIR VENT CAR MOUNT HOLDER WITH CABLE CLIP GOLD                                                ,6.95316E+12,11,,0,,,0,,11.76,,,11.76,,29.5,,,,59,,,,0,,,0,,0,,,0,,0,,,0,,0,,,0,,0,,,0,,0,,,0,,0,,,0,0,5
SUGX-A09       ,BASEUS MAGNETIC AIR VENT CAR MOUNT HOLDER WITH CABLE CLIP RED                                                 ,6.95316E+12,100,,0,,,0,,11.65,,,11.65,,29.5,,,,59,,,,0,,,0,,0,,,0,,0,,,0,,0,,,0,,0,,,0,,0,,,0,,0,,,0,0,5
SUGX-A0S       ,Baseus Magnetic Air Vent Car Mount Holder with cable clip Silver,6.95316E+12,61,4,0,,,4,11.4,11.7,,,11.7,37.95,24.5,,,,49,,,,0,,,0,,0,,,0,,0,,,0,,0,,,0,1,0,,,1,,0,,,0,0,0,,,0,1,5
SUHZ-01        ,BASEUS BACK SEAT CAR MOUNT BLACK                                                                              ,6.95316E+12,10,,8,13,,21,,14,14,,14,,35,39.5,,,73,79,,,,,,0,,,,,0,,,,,0,,0,0,,0,,2,0,,2,,14,0,,14,,16,2,,18,3,5
SUHZ-2S        ,BASEUS BACK SEAT CAR MOUNT SILVER                                                                             ,6.95316E+12,1,,0,0,,0,,14,14,,14,,35,39.5,,,73,79,,,,,,0,,,,,0,,,,,0,,0,0,,0,,0,0,,0,,0,0,,0,,0,0,,0,0,5
SUHZ-91,Baseus Back Seat Car Mount Holder Black+Red,6.95316E+12,,2,,,,2,,,,,0,37.95,,,,,,,,,,,,0,,,,,0,,,,,0,,,,,0,,,,,0,,,,,0,0,,,,0,0,5
,Baseus Cross Peas Cable Clip Black,6.95316E+12,4,,,,5,5,,,,,0,,,,26.6805,,,,49,,,,,0,,,,,0,,,,0,0,,,,0,0,,,,0,0,,,,0,0,,,,0,0,0,5
CATCY-B0G      ,BASEUS TYPE C TO HDMI JOINT ADAPTER CABLE 1.8M DARK GREY                                                      ,6.95316E+12,1,,1,,,1,,65,,,65,,129.5,,,,269,,,,1,,,1,,0,,,0,,0,,,0,,0,,,0,,0,,,0,,0,,,0,,0,,,0,1,5
,Baseus iP Male to iP+iP Female Adapter L37 Black,6.95316E+12,56,,,,2,2,,,,,0,,,,64.7955,,,,119,,,,,0,,,,,0,,,,1,1,,,,0,0,,,,0,0,,,,0,0,,,,0,0,1,5
,Baseus Enjoyment  USB to 3xUSB3.0  Dark gray,6.95316E+12,1,,,,3,3,,,,,0,,,,53.9055,,,,99,,,,,0,,,,,0,,,,0,0,,,,0,0,,,,0,0,,,,0,0,,,,0,0,0,5
,Baseus Thin QC30 display Power bank 10000mAh Black,6.95316E+12,63,,,,3,3,,,,,0,,,,119.2455,,,,219,,,,,0,,,,,0,,,,0,0,,,,0,0,,,,0,0,,,,0,0,,,,0,0,0,5
,Baseus Thin display Power bank 10000mAh Red,6.95316E+12,35,,,,0,0,,,,,0,,,,119.2455,,,,219,,,,,0,,,,,0,,,,0,0,,,,0,0,,,,1,1,,,,0,0,,,,0,0,1,5
,Baseus wheel Ring Bracket Black+Silver,6.95316E+12,,,,,4,4,,,,,0,,,,32.1255,,,,59,,,,,0,,,,,0,,,,5,5,,,,0,0,,,,0,0,,,,0,0,,,,1,1,2,5
,Baseus wheel Ring Bracket B+S,6.95316E+12,6,,,,5,5,,,,,0,,,,32.1255,,,,59,,,,,0,,,,,0,,,,1,1,,,,0,0,,,,3,3,,,,0,0,,,,1,1,3,5
,Baseus Encok Neck Hung Bluetooth  S16  Black,6.95316E+12,6,,,,3,3,,,,,0,,,,124.6905,,,,219,,,,,0,,,,,0,,,,0,0,,,,0,0,,,,0,0,,,,0,0,,,,0,0,0,5
,Baseus Encok Neck Hung Bluetooth  S16  White,6.95316E+12,39,,,,3,3,,,,,0,,,,119.2455,,,,219,,,,,0,,,,,0,,,,0,0,,,,0,0,,,,0,0,,,,0,0,,,,0,0,0,5
NGS16-06       ,BASEUS ENCOK NECK HUNG BLUETOOTH EARPHONES S16 GREEN                                                          ,6.95316E+12,52,,0,,,0,,46.37,,,46.37,,99.5,,,,209,,,,0,,,0,,0,,,0,,0,,,0,,0,,,0,,0,,,0,,0,,,0,,0,,,0,0,5
NGS16-09       ,Baseus Encok Neck Hung Bluetooth Earphone S16  Red,6.95316E+12,1,,0,,1,1,,46.64,,,46.64,,99.5,,119.2455,,209,,219,,0,,,0,,0,,,0,,0,,2,2,,0,,0,0,,0,,0,0,,0,,0,0,,0,,0,0,1,5
SGAPIPHX-TZ01  ,BASEUS GLASS FILM SET BLACK FOR IPHONE X                                                                      ,6.95316E+12,272,,17,,,17,,11.77,,,11.77,,49.5,,,,109,,,,0,,,0,,1,,,1,,14,,,14,,14,,,14,,6,,,6,,15,,,15,,2,,,2,6,5
ACAPIPH-EA9    ,BASEUS RED-HAT TYPE-C 32GB USB FLASH DISK                                                                     ,6.95316E+12,36,,1,,,1,,47.3,,,47.3,,104.5,,,,219,,,,2,,,2,,0,,,0,,0,,,0,,0,,,0,,1,,,1,,0,,,0,,0,,,0,2,5
CAMLT-FW09,Baseus Rapid Series 3-in-1 cable 1.2m For IP+Micro+Type-C Red,6.95316E+12,6,4,,,,4,15.09,,,,15.09,37.95,,,,,,,,,,,,0,,,,,0,,,,,0,,,,,0,,,,,0,,,,,0,1,,,,1,1,5
,Baseus Type-C Male To Type-C Female +3.5 L40 Black,6.95316E+12,90,,,,2,2,,,,,0,,,,37.5705,,,,69,,,,,0,,,,,0,,,,1,1,,,,0,0,,,,0,0,,,,0,0,,,,0,0,1,5
,Baseus Type-C Male To Type-C  +3.5 L40 Sil+ Black,6.95316E+12,97,,,,3,3,,,,,0,,,,37.5705,,,,69,,,,,0,,,,,0,,,,0,0,,,,0,0,,,,0,0,,,,0,0,,,,0,0,0,5
,Baseus Encok Wireless Headphone D01 red,6.95316E+12,9,,,,1,1,,,,,0,,,,113.8005,,,,209,,,,,0,,,,,0,,,,0,0,,,,1,1,,,,0,0,,,,1,1,,,,0,0,2,5
,Baseus Encok Wireless Headphone D01 Blush gold,6.95316E+12,2,,,,1,1,,,,,0,,,,113.8005,,,,209,,,,,0,,,,,0,,,,0,0,,,,0,0,,,,0,0,,,,1,1,,,,1,1,2,5
,Baseus Encok Wireless Headphone D01 Tarnish,6.95316E+12,13,,,,2,2,,,,,0,,,,113.8005,,,,209,,,,,0,,,,,0,,,,0,0,,,,0,0,,,,0,0,,,,0,0,,,,1,1,1,5
ACAPIPHX-BJ01  ,BASEUS PLAID BLACK 3500MAH POWER BANK FOR IPHONE X                                                            ,6.95316E+12,30,,0,8,,8,,46.78,46.78,,46.78,,89.5,94.5,,,189,189,,,5,,,5,,2,16,,18,,0,7,,7,,0,15,,15,,0,6,,6,,0,5,,5,,0,7,,7,7,5
CATSY-0G       ,BASEUS TYPE-C MALE TO HDMI MALE 4K HD ADAPTER CABLE 1.8M                                                      ,6.95316E+12,15,,1,,,1,,40.99,,,40.99,,89.5,,,,189,,,,3,,,3,,2,,,2,,4,,,4,,0,,,0,,1,,,1,,0,,,0,,0,,,0,4,5
CATSX-F0G      ,BASEUS 10-IN-1 HUB ADAPTER                                                                                    ,6.95316E+12,19,,0,,,0,,161.91,,,161.91,,344.5,,,,719,,,,1,,,1,,1,,,1,,1,,,1,,0,,,0,,0,,,0,,0,,,0,,0,,,0,3,5
PPKC-A01       ,Baseus Quick Charge Power Bank(20000 mAh Black,6.95316E+12,40,,11,,3,14,,61.89,,,61.89,,119.5,,141.0255,,249,,259,,1,,,1,,0,,,0,,0,,0,0,,4,,1,5,,5,,0,5,,5,,1,6,,7,,0,7,5,5
PPKC-A02       ,Baseus Quick Charge Power Bank(20000 mAhWhite,6.95316E+12,33,,3,,4,7,,63.4,,,63.4,,119.5,,141.0255,,249,,259,,0,,,0,,0,,,0,,1,,0,1,,1,,1,2,,4,,0,4,,4,,0,4,,3,,0,3,5,5
PPKC-A09       ,Baseus Quick Charge Power Bank(20000 mAhRed,6.95316E+12,27,,0,,2,2,,63.4,,,63.4,,119.5,,141.0255,,249,,259,,0,,,0,,0,,,0,,2,,3,5,,1,,0,1,,2,,0,2,,1,,0,1,,0,,0,0,4,5
NGS07-01       ,BASEUS ENCOK BLACK SPORTS WIRELESS IN-EAR EARPHONES S07                                                       ,6.95316E+12,34,,5,,,5,,27.24,,,27.24,,49.5,,,,99,,,,0,,,0,,1,,,1,,0,,,0,,0,,,0,,0,,,0,,0,,,0,,0,,,0,1,5
NGS07-S9       ,BASEUS ENCOK SILVER/RED SPORTS WIRELESS IN-EAR EARPHONES S07                                                  ,6.95316E+12,20,,0,,,0,,27.24,,,27.24,,49.5,,,,99,,,,0,,,0,,0,,,0,,0,,,0,,0,,,0,,0,,,0,,0,,,0,,0,,,0,0,5
NGS07-19       ,BASEUS ENCOK RED/BLACK SPORTS WIRELESS IN-EAR EARPHONES S07                                                   ,6.95316E+12,,,0,,,0,,26.99,,,26.99,,49.5,,,,99,,,,0,,,0,,0,,,0,,0,,,0,,0,,,0,,0,,,0,,0,,,0,,0,,,0,0,5
WXJS-A1        ,BASEUS METAL WIRELESS CHARGER TARNISH/BLACK                                                                   ,6.95316E+12,47,,0,,,0,,31.09,,,31.09,,79.5,,,,169,,,,0,,,0,,1,,,1,,0,,,0,,0,,,0,,0,,,0,,0,,,0,,0,,,0,1,5
WXJS-S2        ,BASEUS METAL WIRELESS CHARGER SILVER/WHITE                                                                    ,6.95316E+12,60,,0,,,0,,31.03,,,31.03,,79.5,,,,169,,,,1,,,1,,0,,,0,,0,,,0,,0,,,0,,0,,,0,,0,,,0,,0,,,0,1,5
WXYL-A01       ,Baseus Osculum Wireless Gravity Car Charger,6.95316E+12,119,5,24,16,,45,29.11,37.13,37.13,,37.13,87.45,74.5,79.5,,,156,159,,,,,,0,,,,,0,,,,,0,,8,0,,8,,16,0,,16,,9,2,,11,0,12,2,,14,4,5
,Baseus Encok Headphone Holder DB01,6.95316E+12,32,,,,5,5,,,,,0,,,,53.9055,,,,99,,,,,0,,,,,0,,,,0,0,,,,0,0,,,,0,0,,,,0,0,,,,0,0,0,5
ACAPIPHX-ABJ01 ,BASEUS 1+1 BLACK WIRELESS CHARGE 5000MAH POWER BANK FOR IPHONE XS/X                                           ,6.95316E+12,,,0,,,0,,63.54,,,63.54,,119.5,,,,249,,,,3,,,3,,1,,,1,,1,,,1,,2,,,2,,0,,,0,,0,,,0,,0,,,0,4,5
CCALL-JK01     ,Baseus Simple Wireless Charger Black,6.95316E+12,4,3,0,,,3,25.97,25.97,,,25.97,70.95,54.5,,,,119,,,,1,,,1,,1,,,1,,3,,,3,,0,,,0,,0,,,0,,0,,,0,0,0,,,0,3,5
CCALL-JK02     ,BASEUS SIMPLE WIRELESS CHARGER WHITE                                                                          ,6.95316E+12,13,,1,,,1,,25.65,,,25.65,,54.5,,,,119,,,,3,,,3,,0,,,0,,1,,,1,,0,,,0,,0,,,0,,0,,,0,,0,,,0,2,5
PPALL-EX01     ,BASEUS DUAL OUTPUT WIRELESS CHARGE POWER BANK 8000MAH BLACK                                                   ,6.95316E+12,2,,0,,,0,,43.38,,,43.38,,79.5,,,,169,,,,4,,,4,,3,,,3,,4,,,4,,9,,,9,,0,,,0,,0,,,0,,2,,,2,5,5
PPALL-EX09     ,Baseus full screen bracket wireless charge Power Bank 8000mAh red,6.95316E+12,,2,4,,,6,,43.13,,,43.13,98.45,79.5,,,,169,,,,1,,,1,,1,,,1,,5,,,5,,1,,,1,,0,,,0,,1,,,1,0,0,,,0,5,5
ACCHZ-01       ,Baseus Rotation Type Universal Charger Black,6.95316E+12,60,5,12,3,,20,24.31,25.36,25.36,,25.36,65.45,49.5,54.5,,,109,109,,,4,,,4,,3,1,,4,,2,5,,7,,10,1,,11,,5,2,,7,,11,0,,11,0,9,1,,10,7,5
SUYZD-01       ,BASEUS BULLET ON-BOARD CAR MAGNETIC BRACKET BLACK                                                             ,6.95316E+12,777,,31,18,,49,,13.62,13.62,,13.62,,34.5,34.5,,,69,69,,,11,,,11,,11,13,,24,,19,11,,30,,26,11,,37,,28,9,,37,,23,11,,34,,30,12,,42,7,5
SUYZD-09       ,BASEUS BULLET ON-BOARD CAR MAGNETIC BRACKET RED                                                               ,6.95316E+12,15,,16,7,,23,,13.95,13.95,,13.95,,34.5,34.5,,,69,69,,,8,,,8,,2,4,,6,,5,7,,12,,8,4,,12,,6,6,,12,,5,1,,6,,9,4,,13,7,5
SUYZD-0S       ,BASEUS BULLET ON-BOARD CAR MAGNETIC BRACKET SILVER                                                            ,6.95316E+12,264,,33,16,,49,,13.95,13.95,,13.95,,34.5,34.5,,,69,69,,,11,,,11,,4,12,,16,,22,5,,27,,18,12,,30,,9,3,,12,,8,4,,12,,14,15,,29,7,5
PPALL-PX01     ,Baseus Parallel line portable version Power Bank 10000mAh Black,6.95316E+12,18,5,0,,2,7,26.9,26.9,,,26.9,76.45,59.5,,75.6855,,129,,139,,2,,,2,,0,,,0,,0,,0,0,,4,,0,4,,1,,0,1,,1,,1,2,0,0,,0,0,4,5
PPALL-PX02     ,Baseus Parallel line  Power Bank 10000mAh White,6.95316E+12,13,,9,,1,10,,26.9,,,26.9,,59.5,,75.6855,,129,,139,,0,,,0,,1,,,1,,7,,0,7,,5,,0,5,,9,,0,9,,5,,0,5,,5,,1,6,6,5
PPALL-PX03     ,Baseus Parallel line  Power Bank 10000mAh Blue,6.95316E+12,31,,0,,1,1,,26.96,,,26.96,,59.5,,75.6855,,129,,139,,0,,,0,,0,,,0,,0,,0,0,,0,,0,0,,0,,0,0,,0,,2,2,,0,,0,0,1,5
CCALL-AJK01    ,BASEUS SIMPLE WIRELESS CHARGER TRANSPARENT                                                                    ,6.95316E+12,9,,0,,,0,,24.62,,,24.62,,54.5,,,,119,,,,1,,,1,,2,,,2,,2,,,2,,0,,,0,,0,,,0,,0,,,0,,0,,,0,3,5
NGW02-01       ,Baseus Encok W02 TWS Truly Wireless headset Black,6.95316E+12,4,2,7,8,,17,53.34,57.06,57.06,,57.06,120.45,104.5,109.5,,,219,219,,,10,,,10,,4,4,,8,,11,10,,21,,5,3,,8,,7,2,,9,3,1,6,,10,1,3,6,,10,7,5
NGW02-02       ,BASEUS ENCOK W02 TWS TRULY WIRELESS HEADSET WHITE                                                             ,6.95316E+12,51,,6,11,,17,,53.97,53.97,,53.97,,104.5,109.5,,,219,219,,,3,,,3,,4,3,,7,,4,7,,11,,4,3,,7,,1,3,,4,,1,2,,3,,0,5,,5,7,5
CAMLT-ASY01,Baseus Three Primary Colors 3-in-1 Cable USB For M+L+T 3.5A 30C,6.95316E+12,91,2,,,0,2,7.99,,,,7.99,32.45,,,32.1255,,,,59,,,,,0,,,,,0,,,,1,1,,,,1,1,1,,,2,3,1,,,3,4,1,,,0,1,5,5
CALXD-A01,Baseus X-type Light Cable For Lightning 2A 0.5M Black,6.95316E+12,19,5,,,0,5,7.85,,,,7.85,32.45,,,32.1255,,,,59,,,,,0,,,,,0,,,,1,1,,,,1,1,,,,1,1,,,,2,2,0,,,0,0,4,5
,Baseus X-type  Cable For Lightning 2.4A .5M Purple,6.95316E+12,32,,,,0,0,,,,,0,,,,32.1255,,,,59,,,,,0,,,,,0,,,,0,0,,,,0,0,,,,2,2,,,,2,2,,,,1,1,3,5
CALXD-A09,Baseus X-type Light Cable For Lightning 2.4A 0.5M Red,6.95316E+12,25,2,,,0,2,7.85,,,,7.85,32.45,,,32.1255,,,,59,,,,,0,,,,,0,,,,0,0,,,,0,0,,,,0,0,1,,,3,4,2,,,2,4,2,5
PPALL-QY01     ,BASEUS THIN WIRELESS CHARGE 10000MAH POWER BANK BLACK                                                         ,6.95316E+12,3,,3,,,3,,50.97,,,50.97,,109.5,,,,229,,,,0,,,0,,1,,,1,,2,,,2,,0,,,0,,0,,,0,,0,,,0,,0,,,0,2,5
PPALL-QY02     ,BASEUS THIN WIRELESS CHARGE 10000 MAH POWER BANK WHITE                                                        ,6.95316E+12,,,2,,,2,,49.81,,,49.81,,109.5,,,,229,,,,0,,,0,,0,,,0,,5,,,5,,6,,,6,,6,,,6,,4,,,4,,4,,,4,5,5
PPALL-QY04     ,BASEUS THIN WIRELESS CHARGE 10000MAH POWER BANK PINK                                                          ,6.95316E+12,23,,1,,,1,,49.81,,,49.81,,109.5,,,,229,,,,0,,,0,,0,,,0,,0,,,0,,0,,,0,,0,,,0,,0,,,0,,0,,,0,0,5
WXHSG-01       ,Baseus Silicone Horizontal Desktop Wireless Charger Black,6.95316E+12,30,3,0,,,3,28.72,28.72,,,28.72,76.45,59.5,,,,129,,,,0,,,0,,0,,,0,,0,,,0,,0,,,0,,0,,,0,,0,,,0,0,0,,,0,0,5
WXHSG-02       ,BASEUS SILCIONE HORIZONTAL DESKTOP WIRELESS CHARGER WHITE                                                     ,6.95316E+12,39,,0,,,0,,28.72,,,28.72,,59.5,,,,129,,,,0,,,0,,1,,,1,,0,,,0,,0,,,0,,0,,,0,,0,,,0,,0,,,0,1,5
,Baseus Encok S10 Dual Dynamic Bluetooth  White,6.95316E+12,26,,,,3,3,,,,,0,,,,124.6905,,,,229,,,,,0,,,,,0,,,,0,0,,,,0,0,,,,0,0,,,,0,0,,,,0,0,0,5
,Baseus Encok S10 Dual Dynamic Bluetooth  Red,6.95316E+12,6,,,,2,2,,,,,0,,,,124.6905,,,,229,,,,,0,,,,,0,,,,0,0,,,,0,0,,,,0,0,,,,0,0,,,,1,1,1,5
WXXHJ-B01      ,Baseus Dual Wireless Charger Black,6.95316E+12,6,5,0,,,5,77.21,77.21,,,77.21,164.45,139.5,,,,289,,,,5,,,5,,1,,,1,,3,,,3,,0,,,0,,0,,,0,,0,,,0,0,0,,,0,3,5
WXXHJ-B0S      ,Baseus Dual Wireless Charger Silver,6.95316E+12,,5,15,,,20,76.08,76.08,,,76.08,164.45,139.5,,,,289,,,,0,,,0,,0,,,0,,4,,,4,,8,,,8,,7,,,7,,12,,,12,,0,,,0,4,5
CCALL-RH01     ,BASEUS LOCOMOTIVE BLUETOOTH MP3 VEHICLE CHARGER BLACK                                                         ,6.95316E+12,5,,3,19,,22,,24.73,24.73,,24.73,,44.5,49.5,,,99,99,,,12,,,12,,8,11,,19,,13,6,,19,,3,6,,9,,3,5,,8,,3,1,,4,,1,13,,14,7,5
CAHUB-B0G      ,BASEUS THUNDERBOLT C+ DUAL TYPE-C TO USB3.0/HDMI/TYPE-C FEMALE HUB CONVERTER DEEP SPACE GRAY                  ,6.95316E+12,20,,1,,,1,,79.89,,,79.89,,169.5,,,,359,,,,5,,,5,,1,,,1,,3,,,3,,2,,,2,,6,,,6,,0,,,0,,0,,,0,5,5
SUJX-01        ,BASEUS GOLD AROMATIZING AIR VENT CAR MOUNT                                                                    ,6.95316E+12,,,0,,,0,,22,,,22,,44.5,,,,99,,,,3,,,3,,1,,,1,,2,,,2,,0,,,0,,0,,,0,,0,,,0,,0,,,0,3,5
ACSR-MS01      ,BASEUS MAGIC MONSTER GAMEPAD STYLE POWER BANK 2000MAH                                                         ,6.95316E+12,,,0,0,,0,,24.14,24.14,,24.14,,49.5,54.5,,,109,109,,,7,,,7,,2,0,,2,,6,0,,6,,4,0,,4,,3,0,,3,,2,0,,2,,0,0,,0,6,5
,Baseus Dual Wireless Plastic Style Charger Black,6.95316E+12,,,,,2,2,,,,,0,,,,151.9155,,,,279,,,,,0,,,,,0,,,,0,0,,,,1,1,,,,0,0,,,,0,0,,,,0,0,1,5
,Baseus Dual Wireless Plastic Style Charger White,6.95316E+12,3,,,,3,3,,,,,0,,,,151.9155,,,,279,,,,,0,,,,,0,,,,0,0,,,,0,0,,,,0,0,,,,0,0,,,,0,0,0,5
SUBR-08,Baseus Bear Finger Metal Ring Grip Stand Holder Brown,6.95316E+12,,3,,,6,9,6.49,,,,6.49,26.95,,,26.6805,,,,49,,,,,0,,,,,0,,,,0,0,,,,0,0,,,,0,0,,,,0,0,1,,,0,1,1,5
,Baseus Bear Finger Metal Ring Grip  Red,6.95316E+12,2,,,,6,6,,,,,0,,,,26.6805,,,,49,,,,,0,,,,,0,,,,0,0,,,,0,0,,,,0,0,,,,0,0,,,,0,0,0,5
,Baseus Fish eye Spring Data Cable Black,6.95316E+12,4,,,,2,2,,,,,0,,,,37.5705,,,,69,,,,,0,,,,,0,,,,0,0,,,,0,0,,,,1,1,,,,2,2,,,,0,0,2,5
,Baseus Fish eye Spring Data Cable Red,6.95316E+12,88,,,,0,0,,,,,0,,,,37.5705,,,,69,,,,,0,,,,,0,,,,2,2,,,,1,1,,,,0,0,,,,0,0,,,,2,2,3,5
SGAPIPHX-RA01  ,BASEUS DROP-PROOF CURVED FULL SCREEN TEMPERED GLASS BLACK FOR IPHONE X                                        ,6.95316E+12,44,,2,,,2,,7.44,,,7.44,,44.5,,,,99,,,,4,,,4,,12,,,12,,26,,,26,,16,,,16,,3,,,3,,2,,,2,,1,,,1,7,5
CAMLT-PY09,Baseus Data Faction 3-in-1 Cable USB For M+L+T 3.5A 1.2M Red,6.95316E+12,,3,,,,3,10.98,,,,10.98,37.95,,,,,,,,,,,,0,,,,,0,,,,,0,,,,,0,1,,,,1,,,,,0,1,,,,1,2,5
WXBV-01        ,BASEUS BV WIRELESS CHARGER BLACK                                                                              ,6.95316E+12,25,,0,,,0,,20.21,,,20.21,,44.5,,,,99,,,,2,,,2,,1,,,1,,3,,,3,,0,,,0,,0,,,0,,0,,,0,,0,,,0,3,5
WXBV-02        ,BASEUS BV WIRELESS CHARGER WHITE                                                                              ,6.95316E+12,52,,0,,,0,,20.25,,,20.25,,44.5,,,,99,,,,0,,,0,,0,,,0,,3,,,3,,0,,,0,,0,,,0,,0,,,0,,0,,,0,1,5
WXBV-03        ,BASEUS BV WIRELESS CHARGER BLUE                                                                               ,6.95316E+12,,,0,,,0,,20.25,,,20.25,,44.5,,,,99,,,,0,,,0,,0,,,0,,0,,,0,,0,,,0,,0,,,0,,0,,,0,,0,,,0,0,5
CA1T4-B01,Baseus Fast 4-in-1 Cable For lightning+Type-C(2)+Micro 3.5A 1.2M B,6.95316E+12,97,4,,,,4,10.86,,,,10.86,37.95,,,,,,,,,,,,0,,,,,0,,,,,0,,,,,0,,,,,0,,,,,0,1,,,,1,1,5
ACDKQ-HG01     ,BASEUS PENDANT CARD READER BLACK                                                                              ,6.95316E+12,1,,0,,,0,,17.55,,,17.55,,39.5,,,,79,,,,0,,,0,,0,,,0,,0,,,0,,0,,,0,,0,,,0,,0,,,0,,0,,,0,0,5
ACDKQ-HG0S     ,BASEUS PENDANT CARD READER SILVER                                                                             ,6.95316E+12,,,0,,,0,,17.55,,,17.55,,39.5,,,,79,,,,0,,,0,,0,,,0,,0,,,0,,0,,,0,,0,,,0,,0,,,0,,0,,,0,0,5
ACBZ-AP01      ,BASEUS AP PENCIL SILICONE CHARGING STAND FOR APPLE PENCIL BLACK                                               ,6.95316E+12,97,,3,,,3,,9.37,,,9.37,,24.5,,,,49,,,,1,,,1,,0,,,0,,1,,,1,,0,,,0,,1,,,1,,0,,,0,,0,,,0,3,5
ACBZ-AP09      ,BASEUS AP PENCIL SILICONE CHARGING STAND FOR APPLE PENCIL RED                                                 ,6.95316E+12,70,,3,,,3,,9.37,,,9.37,,24.5,,,,49,,,,0,,,0,,0,,,0,,1,,,1,,1,,,1,,0,,,0,,0,,,0,,0,,,0,2,5
ACBZ-AP0G      ,BASEUS AP PENCIL SILICONE CHARGING STAND FOR APPLE PENCIL GREY                                                ,6.95316E+12,65,,0,,,0,,9.37,,,9.37,,24.5,,,,49,,,,1,,,1,,1,,,1,,0,,,0,,0,,,0,,0,,,0,,0,,,0,,0,,,0,2,5
CATL45-01      ,BASEUS AUDIO CONVERTER CATL45                                                                                 ,6.95316E+12,2,,19,0,,19,,9.66,9.66,,9.66,,29.5,34.5,,,62,69,,,,,,0,,,,,0,,,,,0,,2,0,,2,,13,0,,13,,8,0,,8,,8,0,,8,4,5
,Baseus Cube USB to USB3.0*+USB2.0*2 HUB  Dark gray,6.95316E+12,13,,,,2,2,,,,,0,,,,70.2405,,,,129,,,,,0,,,,,0,,,,0,0,,,,1,1,,,,0,0,,,,1,1,,,,1,1,3,5
CAHUB-D0G      ,BASEUS CUBE TYPE-C TO USB3.0X3+USB2.0X2 HUB ADAPTER DARK GRAY                                                 ,6.95316E+12,1,,0,5,,5,,27,27,,27,,59.5,64.5,,,129,129,,,8,,,8,,7,2,,9,,5,2,,7,,3,3,,6,,0,3,,3,,0,2,,2,,1,1,,2,7,5
CAHUB-E0G      ,Baseus Little box  TYPE-C to HDMI+TypeC  Dark gray,6.95316E+12,11,,0,,4,4,,55.7,,,55.7,,114.5,,135.5805,,239,,249,,0,,,0,,0,,,0,,0,,0,0,,0,,0,0,,0,,0,0,,0,,1,1,,0,,0,0,1,5
CCALL-TM01     ,BASEUS T TYPED BLUETOOTH MP3 CHARGER WITH CAR HOLDER BLACK                                                    ,6.95316E+12,3,,0,,,0,,24.02,,,24.02,,49.5,,,,109,,,,3,,,3,,2,,,2,,1,,,1,,1,,,1,,0,,,0,,0,,,0,,0,,,0,4,5
CCALL-TM0A     ,BASEUS T TYPED BLUETOOTH MP3 CHARGER WITH CAR HOLDER TARNISH                                                  ,6.95316E+12,,,0,,,0,,23.39,,,23.39,,49.5,,,,109,,,,0,,,0,,0,,,0,,1,,,1,,0,,,0,,0,,,0,,0,,,0,,0,,,0,1,5
CCALL-TM12     ,BASEUS T TYPED BLUETOOTH MP3 CHARGER WITH CAR HOLDER DARK COFFEE                                              ,6.95316E+12,10,,1,,,1,,22.86,,,22.86,,49.5,,,,109,,,,0,,,0,,0,,,0,,3,,,3,,4,,,4,,1,,,1,,0,,,0,,0,,,0,3,5
CCALL-XK01     ,BASEUS DESKTOP WIRELESS/WIRED CHARGER BLACK                                                                   ,6.95316E+12,106,,0,,,0,,54.33,,,54.33,,109.5,,,,229,,,,1,,,1,,0,,,0,,0,,,0,,0,,,0,,0,,,0,,0,,,0,,0,,,0,1,5
WXHSD-D01      ,Baseus Wireless charger power bank 10000mAh(Dual coil /Typec /P,6.95316E+12,1,5,0,,2,7,66.12,67.55,,,67.55,153.45,129.5,,151.9155,,269,,279,,0,,,0,,0,,,0,,0,,0,0,,0,,1,1,,0,,0,0,,0,,0,0,0,0,,0,0,1,5
WXHSD-D02      ,BASEUS WIRELESS CHARGER POWER BANK 10000MAH WHITE                                                             ,6.95316E+12,,,0,,,0,,67.55,,,67.55,,129.5,,,,269,,,,0,,,0,,0,,,0,,0,,,0,,0,,,0,,0,,,0,,0,,,0,,0,,,0,0,5
PPALL-AKU01    ,Baseus Mini Cu display Power Bank 10000mAh Black,6.95316E+12,9,,10,17,1,28,,37.62,37.62,,37.62,,64.5,69.5,81.1305,,139,139,149,,4,,,4,,3,5,,8,,10,3,0,13,,8,1,1,10,,6,1,1,8,,5,3,0,8,,21,1,0,22,7,5
PPALL-AKU02    ,Baseus Mini Cu digital display Power Bank 10000mAh White,6.95316E+12,37,3,11,,1,15,29.74,31.07,,,31.07,81.95,64.5,,81.1305,,139,,149,,1,,,1,,0,,,0,,2,,1,3,,3,,1,4,,7,,0,7,,5,,0,5,0,4,,0,4,6,5
SUCJG9-01      ,Baseus G9 Mobile Game scoring tool Black,6.95316E+12,73,,9,13,10,32,,5.26,5.26,,5.26,,24.5,24.5,37.5705,,49,49,69,,38,,,38,,20,10,,30,,12,6,1,19,,10,5,1,16,,7,5,2,14,,3,4,9,16,,4,2,2,8,7,5
SUCJG9-02      ,Baseus G9 Mobile Game scoring tool White,6.95316E+12,86,,42,23,13,78,,5.26,5.26,,5.26,,24.5,24.5,37.5705,,49,49,69,,36,,,36,,12,11,,23,,14,12,0,26,,16,12,5,33,,23,13,1,37,,31,8,3,42,,21,14,3,38,7,5
SUGENT-XF01    ,Baseus Suspension glass Desktop Bracket Black,6.95316E+12,6,5,21,23,,49,18.21,17.77,17.77,,17.77,54.45,39.5,39.5,,,79,79,,,10,,,10,,8,4,,12,,9,4,,13,,10,7,,17,,18,1,,19,,6,1,,7,0,19,4,,23,7,5
SUGENT-XF0S    ,Baseus Suspension glass Desktop Bracket Silver,6.95316E+12,14,5,17,,,22,17.78,17.78,,,17.78,54.45,39.5,,,,79,,,,11,,,11,,7,,,7,,2,,,2,,9,,,9,,16,,,16,,7,,,7,0,3,,,3,7,5
SGAPIPD-BX02   ,BASEUS 0.3MM ANTI-BLUE LIGHT TEMPERED GLASS FILM TRANSPARENT FOR IPAD PRO 12.9-INCH 3RD GEN                   ,6.95316E+12,177,,1,,,1,,21.8,,,21.8,,44.5,,,,99,,,,2,,,2,,1,,,1,,4,,,4,,4,,,4,,2,,,2,,5,,,5,,4,,,4,7,5
SGAPIPD-CX02   ,BASEUS 0.3MM TEMPERED GLASS FILM TRANSPARENT FOR IPAD PRO 11-INCH                                             ,6.95316E+12,404,,1,4,,5,,14.43,14.43,,14.43,,39.5,39.5,,,79,79,,,7,,,7,,2,8,,10,,4,2,,6,,-1,0,,-1,,0,3,,3,,0,0,,0,,-1,0,,-1,6,5
SGAPIPD-DX02   ,BASEUS 0.3MM ANTI-BLUE LIGHT TEMPERED GLASS FILM TRANSPARENT FOR IPAD PRO 11-INCH                             ,6.95316E+12,171,,2,3,,5,,16.32,16.32,,16.32,,44.5,49.5,,,89,99,,,2,,,2,,0,1,,1,,1,0,,1,,0,1,,1,,0,1,,1,,0,0,,0,,0,0,,0,5,5
WX2IN1-02      ,Baseus Smart 2in1 Wireless Charger White,6.95316E+12,,,31,15,3,49,,41.15,41.15,,41.15,,84.5,89.5,102.9105,,179,179,189,,19,,,19,,4,0,,4,,14,11,0,25,,29,12,0,41,,23,10,0,33,,12,9,0,21,,17,10,0,27,7,5
CCALL-YX01     ,BASEUS Y TYPE DUAL USB+ CAR CHARGER BLACK                                                                     ,6.95316E+12,1,,0,,,0,,11.14,,,11.14,,39.5,,,,79,,,,0,,,0,,0,,,0,,0,,,0,,0,,,0,,0,,,0,,0,,,0,,0,,,0,0,5
CCALL-YX02     ,BASEUS Y TYPE DUAL USB+ CAR CHARGER WHITE                                                                     ,6.95316E+12,39,,0,,,0,,11.14,,,11.14,,39.5,,,,79,,,,0,,,0,,0,,,0,,0,,,0,,0,,,0,,0,,,0,,0,,,0,,0,,,0,0,5
ACXUN-02       ,BASEUS AROMA DIFFUSER CREAM WHITE                                                                             ,6.95316E+12,81,,8,,,8,,36.14,,,36.14,,64.5,,,,139,,,,4,,,4,,4,,,4,,4,,,4,,4,,,4,,3,,,3,,4,,,4,,5,,,5,7,5
CAMKLF-C09,Baseus Cafule Cable Durable Nylon Braided Wire USB / micro USB QC3.0 1.5A 2M red-red,6.95316E+12,6,10,,,,10,,,,,0,,,,,,,,,,,,,0,,,,,0,,,,,0,,,,,0,,,,,0,,,,,0,0,,,,0,0,5
CAMKLF-C91,Baseus Cafule Cable Durable Nylon Braided Wire USB / micro USB QC3.0 1.5A 2M black-red,6.95316E+12,18,15,,,18,33,,,,,0,,,,,,,,37,,,,,0,,,,,0,,,,0,0,,,,,0,,,,0,0,,,,0,0,0,,,32,32,1,5
SUCH-01        ,BASEUS XIAOCHUN MAGNETIC CAR PHONE HOLDER BLACK                                                               ,6.95316E+12,7,,0,,,0,,10.26,,,10.26,,24.5,,,,49,,,,1,,,1,,0,,,0,,2,,,2,,0,,,0,,1,,,1,,0,,,0,,0,,,0,3,5
SUCH-02        ,BASEUS XIAOCHUN MAGNETIC CAR PHONE HOLDER SILVER                                                              ,6.95316E+12,66,,0,,,0,,10.2,,,10.2,,24.5,,,,49,,,,1,,,1,,0,,,0,,0,,,0,,0,,,0,,0,,,0,,0,,,0,,0,,,0,1,5
SUBR-A01       ,BASEUS BEAR MAGNETIC CAR BRACKET BLACK                                                                        ,6.95316E+12,,,0,,,0,,0,,,0,,29.5,,,,59,,,,0,,,0,,0,,,0,,0,,,0,,0,,,0,,0,,,0,,0,,,0,,0,,,0,0,5
SUBR-A08       ,BASEUS BEAR MAGNETIC CAR BRACKET BROWN                                                                        ,6.95316E+12,,,0,,,0,,0,,,0,,29.5,,,,59,,,,0,,,0,,0,,,0,,0,,,0,,0,,,0,,0,,,0,,0,,,0,,0,,,0,0,5
SUBR-A09       ,BASEUS BEAR MAGNETIC CAR BRACKET RED                                                                          ,6.95316E+12,,,0,,,0,,0,,,0,,29.5,,,,59,,,,0,,,0,,0,,,0,,0,,,0,,0,,,0,,0,,,0,,0,,,0,,0,,,0,0,5
SUBR-ASG       ,BASEUS BEAR MAGNETIC CAR BRACKET SILVER GRAY                                                                  ,6.95316E+12,,,0,,,0,,0,,,0,,29.5,,,,59,,,,0,,,0,,0,,,0,,0,,,0,,0,,,0,,0,,,0,,0,,,0,,0,,,0,0,5
SUXUN-BY01     ,BASEUS FRAGRANCE/CAR MOUNT BLACK                                                                              ,6.95316E+12,55,,0,,,0,,12.63,,,12.63,,24.5,,,,49,,,,1,,,1,,0,,,0,,2,,,2,,1,,,1,,0,,,0,,0,,,0,,0,,,0,3,5
SUXUN-BY09     ,BASEUS FRAGRANCE/CAR MOUNT RED                                                                                ,6.95316E+12,70,,0,,,0,,12.62,,,12.62,,24.5,,,,49,,,,2,,,2,,0,,,0,,0,,,0,,0,,,0,,1,,,1,,0,,,0,,0,,,0,2,5
SUXUN-BY0G     ,BASEUS FRAGRANCE/CAR MOUNT GREY                                                                               ,6.95316E+12,64,,0,,,0,,12.62,,,12.62,,24.5,,,,49,,,,2,,,2,,0,,,0,,0,,,0,,0,,,0,,0,,,0,,0,,,0,,0,,,0,1,5
CALLG-01       ,Baseus Glowing Data cable USB For Lightning Black,6.95316E+12,22,5,0,,,5,15.69,15.69,,,15.69,43.45,29.5,,,,59,,,,0,,,0,,0,,,0,,0,,,0,,0,,,0,,0,,,0,,0,,,0,0,0,,,0,0,5
CALLG-09       ,Baseus Glowing Data cable USB For Lightning Red,6.95316E+12,54,5,0,,,5,15.6,15.6,,,15.6,43.45,29.5,,,,59,,,,0,,,0,,0,,,0,,0,,,0,,0,,,0,,0,,,0,,0,,,0,0,0,,,0,0,5
TZARGS-01      ,BASEUS CASE FOR AIRPODS BLACK                                                                                 ,6.95316E+12,77,,2,5,,7,,7.61,7.61,,7.61,,24.5,24.5,,,49,49,,,14,,,14,,15,8,,23,,11,7,,18,,11,7,,18,,6,10,,16,,1,1,,2,,1,5,,6,7,5
TZARGS-09      ,Baseus Baseus case for Airpods Red,6.95316E+12,24,3,2,14,,19,7.61,7.46,7.46,,7.46,37.95,24.5,24.5,,,49,49,,,9,,,9,,2,8,,10,,3,1,,4,,7,4,,11,,1,2,,3,,1,5,,6,1,0,2,,3,7,5
TZARGS-G2      ,BASEUS CASE FOR AIRPODS GRAY                                                                                  ,6.95316E+12,56,,1,27,,28,,7.61,7.61,,7.61,,24.5,24.5,,,49,49,,,11,,,11,,3,8,,11,,6,2,,8,,3,5,,8,,2,4,,6,,0,4,,4,,1,4,,5,7,5
WXZN-01        ,BASEUS CAR WIRELESS CHARGER SMART VEHICLE BRACKET                                                             ,6.95316E+12,10,,13,20,,33,,51.99,51.99,,51.99,,69.5,74.5,,,149,149,,,6,,,6,,4,4,,8,,15,5,,20,,6,3,,9,,15,6,,21,,9,2,,11,,30,4,,34,7,5
WXXP-01        ,BASEUS WIRELESS CHARGER SUCTION CUP BLACK                                                                     ,6.95316E+12,4,,3,3,,6,,22.19,22.19,,22.19,,44.5,44.5,,,89,89,,,2,,,2,,1,2,,3,,2,4,,6,,0,5,,5,,0,1,,1,,0,0,,0,,0,0,,0,5,5
WXXP-02        ,BASEUS WIRELESS CHARGER SUCTION CUP WHITE                                                                     ,6.95316E+12,5,,1,,,1,,20.91,,,20.91,,44.5,,,,99,,,,1,,,1,,0,,,0,,0,,,0,,0,,,0,,0,,,0,,0,,,0,,0,,,0,1,5
CALEYE-01      ,BASEUS BIG EYE DIGITAL DISPLAY LIGHTNING CABLE BLACK                                                          ,6.95316E+12,,,0,,,0,,14.32,,,14.32,,39.5,,,,79,,,,0,,,0,,0,,,0,,0,,,0,,0,,,0,,0,,,0,,0,,,0,,0,,,0,0,5
CALEYE-02      ,Baseus Big Eye Digital display Data Cable White,6.95316E+12,,,0,,2,2,,14.32,,,14.32,,39.5,,53.9055,,79,,99,,0,,,0,,0,,,0,,0,,0,0,,0,,0,0,,0,,0,0,,0,,1,1,,0,,0,0,1,5
WIAPIPH58-BE01 ,BASEUS BEAR SILICONE CASE BLACK FOR IPHONE XS                                                                 ,6.95316E+12,4,,0,,,0,,7.84,,,7.84,,24.5,,,,49,,,,0,,,0,,0,,,0,,0,,,0,,0,,,0,,0,,,0,,0,,,0,,0,,,0,0,5
WIAPIPH58-BE04 ,BASEUS BEAR SILICONE CASE PINK FOR IPHONE XS                                                                  ,6.95316E+12,,,0,,,0,,7.84,,,7.84,,24.5,,,,49,,,,0,,,0,,0,,,0,,0,,,0,,0,,,0,,0,,,0,,0,,,0,,0,,,0,0,5
WIAPIPH58-BE08 ,BASEUS BEAR SILICONE CASE BROWN FOR IPHONE XS                                                                 ,6.95316E+12,,,0,,,0,,7.84,,,7.84,,24.5,,,,49,,,,0,,,0,,0,,,0,,0,,,0,,0,,,0,,0,,,0,,0,,,0,,0,,,0,0,5
WIAPIPH61-BE01 ,BASEUS BEAR SILICONE CASE BLACK FOR IPHONE XR                                                                 ,6.95316E+12,56,,0,,,0,,7.84,,,7.84,,24.5,,,,49,,,,0,,,0,,0,,,0,,0,,,0,,0,,,0,,0,,,0,,0,,,0,,0,,,0,0,5
WIAPIPH61-BE04 ,BASEUS BEAR SILICONE CASE PINK FOR IPHONE XR                                                                  ,6.95316E+12,6,,0,,,0,,7.84,,,7.84,,24.5,,,,49,,,,0,,,0,,0,,,0,,0,,,0,,0,,,0,,0,,,0,,0,,,0,,0,,,0,0,5
WIAPIPH61-BE08 ,BASEUS BEAR SILICONE CASE BROWN FOR IPHONE XR                                                                 ,6.95316E+12,26,,0,,,0,,7.84,,,7.84,,24.5,,,,49,,,,0,,,0,,0,,,0,,0,,,0,,0,,,0,,0,,,0,,0,,,0,,0,,,0,0,5
WIAPIPH65-BE01 ,BASEUS BEAR SILICONE CASE BLACK FOR IPHONE XS MAX                                                             ,6.95316E+12,55,,0,,,0,,7.62,,,7.62,,24.5,,,,49,,,,0,,,0,,0,,,0,,0,,,0,,0,,,0,,0,,,0,,0,,,0,,0,,,0,0,5
WIAPIPH65-BE04 ,BASEUS BEAR SILICONE CASE PINK FOR IPHONE XS MAX                                                              ,6.95316E+12,17,,0,,,0,,7.62,,,7.62,,24.5,,,,49,,,,0,,,0,,0,,,0,,0,,,0,,0,,,0,,0,,,0,,0,,,0,,0,,,0,0,5
WIAPIPH65-BE08 ,BASEUS BEAR SILICONE CASE BROWN FOR IPHONE XS MAX                                                             ,6.95316E+12,48,,0,,,0,,7.71,,,7.71,,24.5,,,,49,,,,0,,,0,,0,,,0,,0,,,0,,0,,,0,,0,,,0,,0,,,0,,0,,,0,0,5
LTAPIPD-ASM01  ,BASEUS SIMPLISM Y-TYPE LEATHER CASE BLACK FOR IPAD PRO 11-INCH                                                ,6.95316E+12,58,,0,,,0,,38.39,,,38.39,,74.5,,,,159,,,,4,,,4,,2,,,2,,0,,,0,,2,,,2,,0,,,0,,0,,,0,,0,,,0,3,5
LTAPIPD-ASM03  ,BASEUS SIMPLISM Y-TYPE LEATHER CASE BLUE FOR IPAD PRO 11-INCH                                                 ,6.95316E+12,89,,2,10,,12,,38.14,38.14,,38.14,,74.5,79.5,,,159,159,,,2,,,2,,1,4,,5,,0,0,,0,,0,3,,3,,0,0,,0,,0,0,,0,,0,1,,1,4,5
LTAPIPD-BSM01  ,BASEUS SIMPLISM Y-TYPE LEATHER CASE BLACK FOR IPAD PRO 12.9-INCH 3RD GEN                                      ,6.95316E+12,20,,0,,,0,,44.2,,,44.2,,89.5,,,,189,,,,3,,,3,,2,,,2,,0,,,0,,0,,,0,,0,,,0,,0,,,0,,0,,,0,2,5
LTAPIPD-BSM03  ,BASEUS SIMPLISM Y-TYPE LEATHER CASE BLUE FOR IPAD PRO 12.9-INCH 3RD GEN                                       ,6.95316E+12,140,,0,,,0,,44.34,,,44.34,,89.5,,,,189,,,,7,,,7,,0,,,0,,1,,,1,,0,,,0,,1,,,1,,0,,,0,,0,,,0,3,5
NGH08-01       ,BASEUS H08 BLACK IMMERSIVE VIRTUAL 3D GAMING IN-EAR EARPHONES                                                 ,6.95316E+12,7,,4,7,,11,,76,76,,76,,140,144.5,,,289,289,,,23,,,23,,5,3,,8,,9,6,,15,,9,0,,9,,6,1,,7,,6,1,,7,,3,2,,5,7,5
NGH08-2G       ,BASEUS H08 WHITE/GREY IMMERSIVE VIRTUAL 3D GAMING IN-EAR EARPHONES                                            ,6.95316E+12,8,,3,,,3,,76,,,76,,140,,,,289,,,,14,,,14,,9,,,9,,5,,,5,,2,,,2,,3,,,3,,0,,,0,,0,,,0,5,5
CATL41-01      ,BASEUS TYPE-C TO 3.5MM AUDIO CHARGING ADAPTER BLACK                                                           ,6.95316E+12,36,,0,14,,14,,9.9,9.9,,9.9,,29.5,34.5,,,62,69,,,,,,0,,,,,0,,,,,0,,0,0,,0,,0,0,,0,,0,0,,0,,0,1,,1,1,5
SUGENT-ZN01    ,BASEUS SMART CAR MOUNT CELL PHONE HOLDER BLACK                                                                ,6.95316E+12,32,,0,,,0,,34.57,,,34.57,,69.5,,,,149,,,,4,,,4,,1,,,1,,1,,,1,,0,,,0,,0,,,0,,0,,,0,,0,,,0,3,5
SUGENT-ZN03    ,BASEUS SMART CAR MOUNT PHONE HOLDER BLUE                                                                      ,6.95316E+12,34,,0,,,0,,34.52,,,34.52,,69.5,,,,149,,,,0,,,0,,0,,,0,,0,,,0,,0,,,0,,0,,,0,,0,,,0,,0,,,0,0,5
SUGENT-ZN0S    ,BASEUS SMART CAR MOUNT PHONE HOLDER SILVER                                                                    ,6.95316E+12,47,,0,,,0,,34.52,,,34.52,,69.5,,,,149,,,,0,,,0,,0,,,0,,0,,,0,,0,,,0,,0,,,0,,0,,,0,,0,,,0,0,5
ACAPIPH58-BJ01,Baseus Continuous Backpack Power Bank 4000mAh Black iPhone X/,6.95316E+12,40,5,,,,5,37.73,,,,37.73,92.95,,,,,,,,,,,,0,,,,,0,,,,,0,,,,,0,,,,,0,,,,,0,0,,,,0,0,5
ACSR-XJ09      ,Baseus Adapter X-Men Audio Radiator Red/Black,6.95316E+12,21,4,0,,5,9,23.46,23.46,,,23.46,65.45,49.5,,64.7955,,99,,119,,4,,,4,,1,,,1,,4,,0,4,,1,,0,1,,0,,0,0,1,0,,0,1,0,0,,0,0,5,5
ACSR-XJ0A      ,BASEUS ADAPTER X-MEN AUDIO RADIATOR BLACK                                                                     ,6.95316E+12,41,,0,,,0,,23.46,,,23.46,,49.5,,,,99,,,,4,,,4,,2,,,2,,1,,,1,,0,,,0,,0,,,0,,0,,,0,,0,,,0,3,5
WIAPPOD-01     ,Baseus wireless charger for Airpods Black,6.95316E+12,4,3,15,13,,31,16.91,17.33,17.33,,17.33,59.95,44.5,49.5,,,99,99,,,29,,,29,,15,10,,25,,16,17,,33,,18,17,,35,,15,6,,21,1,9,7,,17,0,1,8,,9,7,5
WIAPPOD-09     ,BASEUS PROTECTIVE CASE/WIRELESS CHARGER RED FOR AIRPODS                                                       ,6.95316E+12,,,8,9,,17,,17.33,17.33,,17.33,,44.5,49.5,,,99,99,,,12,,,12,,10,6,,16,,8,8,,16,,12,6,,18,,5,2,,7,,1,3,,4,,4,4,,8,7,5
ACHDCJ-01      ,Baseus Holder Red-Dot Mobile Game Scoring Tool Black,6.95316E+12,330,2,34,25,3,64,6.52,5.26,5.26,,5.26,37.95,24.5,24.5,37.5705,,49,49,69,,82,,,82,,36,18,,54,,40,21,1,62,,33,14,3,50,,33,22,4,59,3,25,19,3,50,0,9,16,1,26,7,5
ACHDCJ-02      ,Baseus Holder Red-Dot Mobile Game Scoring Tool Transparent,6.95316E+12,,1,42,38,,81,6.52,5.39,5.39,,5.39,37.95,24.5,24.5,,,49,49,,,67,,,67,,37,25,,62,,33,14,,47,,37,11,,48,,36,11,,47,3,15,2,,20,2,21,17,,40,7,5
,Baseus Mini Q Light and Portable 10000mAh Black,6.95316E+12,35,,,,0,0,,,,,0,,,,75.6855,,,,139,,,,,0,,,,,0,,,,4,4,,,,1,1,,,,0,0,,,,0,0,,,,0,0,2,5
,Baseus Mini Q Light and Portable 10000mAh White,6.95316E+12,,,,,0,0,,,,,0,,,,75.6855,,,,139,,,,,0,,,,,0,,,,2,2,,,,3,3,,,,0,0,,,,0,0,,,,0,0,2,5
CALL50-01,Baseus iP Male to iP & 3.5mm Female Adapter L50 Black,6.95316E+12,,1,,,,1,51.31,,,,51.31,81.95,,,,,,,,,,,,0,,,,,0,,,,,0,,,,,0,1,,,,1,,,,,0,2,,,,2,2,5
CALL50S-01,Baseus iP Male to iP & 3.5mm Female Adapter L50S Black,6.95316E+12,5,4,,,,4,51.31,,,,51.31,81.95,,,,,,,,,,,,0,,,,,0,,,,,0,,,,,0,,,,,0,1,,,,1,0,,,,0,1,5
CAHUB-F01      ,Baseus round box HUB adapter ï¿½ï¿½ï¿½ï¿½ï¿½ï¿½ï¿½ï¿½ï¿½ï¿½,6.95316E+12,36,3,2,,,5,12.71,12.71,,,12.71,48.95,29.5,,,,59,,,,1,,,1,,3,,,3,,1,,,1,,2,,,2,,0,,,0,,1,,,1,0,0,,,0,5,5
CAHUB-F02      ,Baseus round box HUB adapter ï¿½ï¿½ï¿½ï¿½ï¿½ï¿½ï¿½ï¿½ï¿½ï¿½,6.95316E+12,13,1,0,,,1,12.31,12.31,,,12.31,48.95,29.5,,,,59,,,,0,,,0,,0,,,0,,0,,,0,,0,,,0,,0,,,0,1,0,,,1,0,0,,,0,1,5
CAHUB-G01      ,BASEUS ROUND BOX TYPE-C HUB ADAPTER BLACK                                                                     ,6.95316E+12,27,,1,,,1,,12.71,,,12.71,,29.5,,,,59,,,,0,,,0,,1,,,1,,4,,,4,,3,,,3,,2,,,2,,2,,,2,,0,,,0,5,5
ACPCL-01       ,Baseus Golden Cudgel Capacitive Stylus Pen Black,6.95316E+12,32,0,19,36,5,60,14.58,14.47,14.47,,14.47,43.45,29.5,29.5,43.0155,,59,59,79,,12,,,12,,9,14,,23,,18,15,0,33,,18,15,0,33,1,15,13,0,29,1,7,6,0,14,2,8,4,0,14,7,5
ACPCL-0S,Baseus Golden Cudgel Capacitive Stylus Pen Silver,6.95316E+12,15,0,,,5,5,14.58,,,,14.58,43.45,,,43.0155,,,,79,,,,,0,,,,,0,,,,0,0,,,,0,0,,,,0,0,2,,,0,2,2,,,0,2,2,5
ACSLCJ-01      ,Baseus grenade handle for games Black,6.95316E+12,1,8,53,25,,86,9.28,9.31,9.31,,9.31,37.95,24.5,24.5,,,49,49,,,55,,,55,,26,17,,43,,36,26,,62,,39,14,,53,1,44,19,,64,2,52,26,,80,2,51,23,,76,7,5
ACSLCJ-06      ,Baseus grenade handle for games Army green,6.95316E+12,14,12,38,28,1,79,9.51,9.51,9.51,,9.51,37.95,24.5,24.5,37.5705,,49,49,69,,89,,,89,,35,11,,46,,30,16,7,53,,29,10,5,44,1,31,20,1,53,,38,10,6,54,2,25,16,0,43,7,5
CATSR-01       ,BASEUS FISH-EYE SPRING TYPE-C 2A CABLE 1M BLACK                                                               ,6.95316E+12,143,,12,12,,24,,8.43,8.43,,8.43,,30,35,,,59,69,,,,,,0,,,,,0,,,,,0,,,,,0,,5,0,,5,,5,5,,10,,4,8,,12,3,5
CATSR-09       ,BASEUS FISH-EYE SPRING TYPE-C 2A CABLE 1M RED                                                                 ,6.95316E+12,95,,15,23,,38,,8.43,8.43,,8.43,,30,35,,,29,69,,,,,,0,,,,,0,,,,,0,,,,,0,,2,0,,2,,6,1,,7,,10,1,,11,3,5
WIAPIPH58-ASL01,BASEUS ORIGINAL LSR CASE BLACK FOR IPHONE XS                                                                  ,6.95316E+12,40,,4,,,4,,11.7,,,11.7,,34.5,,,,69,,,,16,,,16,,18,,,18,,24,,,24,,26,,,26,,17,,,17,,4,,,4,,1,,,1,7,5
WIAPIPH58-ASL03,BASEUS ORIGINAL LSR CASE LIGHT AQUA MARINE FOR IPHONE XS                                                      ,6.95316E+12,,,6,5,,11,,12.38,12.38,,12.38,,34.5,34.5,,,69,69,,,15,,,15,,7,1,,8,,9,2,,11,,11,4,,15,,8,4,,12,,5,7,,12,,7,0,,7,7,5
WIAPIPH58-ASL04,BASEUS ORIGINAL LSR CASE PINK FOR IPHONE XS                                                                   ,6.95316E+12,3,,2,0,,2,,12.68,12.68,,12.68,,34.5,34.5,,,69,69,,,16,,,16,,5,12,,17,,15,4,,19,,12,14,,26,,13,6,,19,,2,0,,2,,1,0,,1,7,5
WIAPIPH58-ASL09,BASEUS ORIGINAL LSR CASE RED FOR IPHONE XS                                                                    ,6.95316E+12,26,,3,,,3,,12.38,,,12.38,,34.5,,,,69,,,,10,,,10,,5,,,5,,9,,,9,,5,,,5,,3,,,3,,3,,,3,,7,,,7,7,5
WIAPIPH65-ASL01,BASEUS ORIGINAL LSR CASE BLACK FOR IPHONE XS MAX                                                              ,6.95316E+12,47,,6,,,6,,11.99,,,11.99,,34.5,,,,69,,,,11,,,11,,12,,,12,,11,,,11,,8,,,8,,9,,,9,,8,,,8,,2,,,2,7,5
WIAPIPH65-ASL03,BASEUS ORIGINAL LSR CASE LIGHT AQUA MARINE FOR IPHONE XS MAX                                                  ,6.95316E+12,60,,1,,,1,,11.99,,,11.99,,34.5,,,,69,,,,3,,,3,,5,,,5,,1,,,1,,3,,,3,,1,,,1,,0,,,0,,1,,,1,6,5
WIAPIPH65-ASL04,BASEUS ORIGINAL LSR CASE PINK FOR IPHONE XS MAX                                                               ,6.95316E+12,33,,0,,,0,,11.99,,,11.99,,34.5,,,,69,,,,5,,,5,,4,,,4,,2,,,2,,4,,,4,,3,,,3,,0,,,0,,0,,,0,5,5
WIAPIPH65-ASL09,BASEUS ORIGINAL LSR CASE RED FOR IPHONE XS MAX                                                                ,6.95316E+12,51,,0,,,0,,11.99,,,11.99,,34.5,,,,69,,,,2,,,2,,3,,,3,,6,,,6,,0,,,0,,0,,,0,,0,,,0,,0,,,0,3,5
WXZN-B01       ,BASEUS SMART VEHICLE BRACKET WIRELESS CHARGER WITH INFRARED SENSOR BLACK                                      ,6.95316E+12,3,,19,12,,31,,52.61,52.61,,52.61,,99.5,104.5,,,209,209,,,,,,0,,,,,0,,,,,0,,1,0,,1,,10,0,,10,,11,0,,11,,12,2,,14,4,5
CAHUB-K0G      ,BASEUS HARMONICA 5-IN-1 HUB ADAPTER GREY                                                                      ,6.95316E+12,,,0,,,0,,0,,,0,,74.5,,,,159,,,,0,,,0,,0,,,0,,0,,,0,,0,,,0,,0,,,0,,0,,,0,,0,,,0,0,5
CATKC-A01      ,BASEUS DOUBLE FAST CHARGING TYPE-C CABLE 1M BLACK                                                             ,6.95316E+12,46,,17,,,17,,7.27,,,7.27,,29.5,,,,59,,,,1,,,1,,3,,,3,,11,,,11,,3,,,3,,11,,,11,,7,,,7,,8,,,8,7,5
CATKC-A09      ,BASEUS DOUBLE FAST CHARGING TYPE-C CABLE 1M RED                                                               ,6.95316E+12,44,,10,,,10,,7.27,,,7.27,,29.5,,,,59,,,,10,,,10,,3,,,3,,5,,,5,,1,,,1,,4,,,4,,7,,,7,,3,,,3,7,5
SUJG-ALR01,Baseus New Neck-Mounted Lazy Bracket Black,6.95316E+12,1,2,,,,2,15.04,,,,15.04,48.95,,,,,,,,,,,,0,,,,,0,,,,,0,,,,,0,,,,,0,,,,,0,1,,,,1,1,5
SUDYZP-D1V     ,BASEUS FULLY FOLDING SELFIE STICK BLACK/GOLD                                                                  ,6.95316E+12,,,0,0,,0,,45.32,45.32,,45.32,,74.5,79.5,,,159,159,,,,,,0,,,,,0,,,,,0,,,,,0,,,,,0,,0,0,,0,,0,0,,0,0,5
SUDYZP-D1S     ,BASEUS FULLY FOLDING SELFIE STICK BLACK/SLIVER                                                                ,6.95316E+12,,,52,13,,65,,45.32,45.32,,45.32,,74.5,79.5,,,159,159,,,,,,0,,,,,0,,,,,0,,,,,0,,,,,0,,0,0,,0,,11,9,,20,1,5
SUDYZP-D19     ,BASEUS FULLY FOLDING SELFIE STICK BLACK/RED                                                                   ,6.95316E+12,,,0,0,,0,,45.32,45.32,,45.32,,74.5,79.5,,,159,159,,,,,,0,,,,,0,,,,,0,,,,,0,,,,,0,,0,0,,0,,0,0,,0,0,5
PPALL-MY01,Baseus Mu Light Power Bank 2000mAh with Voltage/Power Display P,6.95316E+12,,5,,,,5,61.89,,,,61.89,147.95,,,,,,,,,,,,0,,,,,0,,,,,0,,,,,0,,,,,0,,,,,0,0,,,,0,0,5
SUCJLF-01      ,Baseus winner cooling heat sink Black,6.95316E+12,143,1,23,15,,39,20.64,21.04,21.04,,21.04,65.45,44.5,49.5,,,99,99,,,27,,,27,,10,4,,14,,7,7,,14,,23,5,,28,,10,9,,19,3,15,7,,25,0,21,7,,28,7,5
CATYW-B01      ,BASEUS ARTISTIC STRIPED TYPE-C 3A CABLE 5M BLACK                                                              ,6.95316E+12,73,,26,24,,50,,14.39,14.39,,14.39,,40,45,,,79,89,,,,,,0,,,,,0,,,,,0,,,,,0,,5,0,,5,,10,2,,12,,8,0,,8,3,5
CATYW-B03      ,BASEUS ARTISTIC STRIPED TYPE-C 3A CABLE 5M BLUE                                                               ,6.95316E+12,59,,7,21,,28,,14.4,14.4,,14.4,,40,45,,,79,89,,,,,,0,,,,,0,,,,,0,,,,,0,,0,0,,0,,3,3,,6,,1,2,,3,2,5
CATYW-B09      ,BASEUS ARTISTIC STRIPED TYPE-C 3A CABLE 5M RED                                                                ,6.95316E+12,39,,5,24,,29,,14.39,14.39,,14.39,,40,45,,,79,89,,,,,,0,,,,,0,,,,,0,,,,,0,,0,0,,0,,4,1,,5,,3,1,,4,2,5
ACNXB-02       ,BASEUS WARM LITTLE WHITE FAN HEATER                                                                           ,6.95316E+12,,,0,,,0,,0,,,0,,79.5,,,,169,,,,0,,,0,,0,,,0,,0,,,0,,0,,,0,,0,,,0,,0,,,0,,0,,,0,0,5
SGAPWA4-A01    ,BASEUS 0.3MM FULL-SCREEN CURVED TEMPERED FILM BLACK FOR APPLE WATCH SERIES 4 40MM                             ,6.95316E+12,28,,16,,,16,,13.19,,,13.19,,29.5,,,,59,,,,,,,0,,21,,,21,,40,,,40,,30,,,30,,16,,,16,,6,,,6,,2,,,2,6,5
SGAPWA4-B01    ,BASEUS 0.3MM FULL-SCREEN CURVED TEMPERED FILM BLACK FOR APPLE WATCH SERIES 4 44MM                             ,6.95316E+12,20,,6,,,6,,13.95,,,13.95,,29.5,,,,59,,,,,,,0,,37,,,37,,52,,,52,,11,,,11,,6,,,6,,0,,,0,,0,,,0,4,5
SUWNT-01       ,BASEUS FOLDING UNIVERSAL STICKER BLACK                                                                        ,6.95316E+12,21,,9,17,,26,,7.61,7.61,,7.61,,29.5,34.5,,,62,69,,,,,,0,,,,,0,,,,,0,,0,0,,0,,2,0,,2,,1,0,,1,,1,3,,4,3,5
SUWNT-02       ,BASEUS FOLDING UNIVERSAL STICKER TRANSPARENT                                                                  ,6.95316E+12,4,,9,26,,35,,7.61,7.61,,7.61,,29.5,34.5,,,62,69,,,,,,0,,,,,0,,,,,0,,1,0,,1,,12,0,,12,,14,0,,14,,6,3,,9,4,5
ACPBCJ-01      ,BASEUS SHOOTING GAME TOOL FOR PAD BLACK                                                                       ,6.95316E+12,8,,13,,,13,,9.51,,,9.51,,34.5,,,,69,,,,,,,0,,12,,,12,,24,,,24,,9,,,9,,20,,,20,,21,,,21,,6,,,6,6,5
ACPBCJ-02      ,BASEUS SHOOTING GAME TOOL FOR PAD TRANSPARENT                                                                 ,6.95316E+12,13,,18,,,18,,9.51,,,9.51,,34.5,,,,69,,,,,,,0,,10,,,10,,25,,,25,,22,,,22,,19,,,19,,13,,,13,,11,,,11,6,5
CAHUB-T01      ,BASEUS MATE DOCKING TYPE-C HUB DOCKING STATION BLACK                                                          ,6.95316E+12,1,,0,0,,0,,55.18,55.18,,55.18,,114.5,120,,,241,239,,,,,,0,,,,,0,,,,,0,,0,0,,0,,0,0,,0,,0,0,,0,,0,0,,0,0,5
CAMLT-BYG1,Baseus Fabric 3-in-1 Flexible Cable USB For M+L+T 3.5A 1.2m Dark,6.95316E+12,,5,,,,5,,,,,0,43.45,,,,,,,,,,,,0,,,,,0,,,,,0,,,,,0,,,,,0,,,,,0,0,,,,0,0,5
SGAPIPH58-WA01 ,BASEUS FULL-SCREEN CURVED TEMPERED GLASS SCREEN PROTECTOR BLACK FOR IPHONE XS/X                               ,6.95316E+12,8,,12,0,,12,,9.66,9.66,,9.66,,40,45,,,83,89,,,,,,0,,,,,0,,,,,0,,0,0,,0,,10,0,,10,,23,0,,23,,26,0,,26,3,5
SGAPIPH58-WC01 ,BASEUS FULL-SCREEN CURVED PRIVACY TEMPERED GLASS SCREEN PROTECTOR BLACK FOR IPHONE XS/X                       ,6.95316E+12,181,,28,0,,28,,15.69,15.69,,15.69,,45,50,,,93,99,,,,,,0,,,,,0,,,,,0,,0,0,,0,,12,0,,12,,15,0,,15,,21,0,,21,3,5
SGAPIPH65-WA01 ,BASEUS FULL-SCREEN CURVED TEMPERED GLASS SCREEN PROTECTOR BLACK FOR IPHONE XS MAX                             ,6.95316E+12,32,,6,,,6,,10.26,,,10.26,,40,,,,83,,,,,,,0,,,,,0,,,,,0,,0,,,0,,2,,,2,,14,,,14,,7,,,7,3,5
SGAPIPH65-WC01 ,BASEUS FULL-SCREEN CURVED PRIVACY TEMPERED GLASS SCREEN PROTECTOR BLACK FOR IPHONE XS MAX                     ,6.95316E+12,167,,21,0,,21,,16,16,,16,,45,50,,,93,99,,,,,,0,,,,,0,,,,,0,,0,0,,0,,11,0,,11,,15,0,,15,,19,0,,19,3,5
CABA01-01      ,BASEUS BA01 USB WIRELESS ADAPTER CABLE BLACK                                                                  ,6.95316E+12,40,,0,0,,0,,18.32,18.32,,18.32,,44.5,50,,,94,99,,,,,,0,,,,,0,,,,,0,,0,0,,0,,0,0,,0,,0,0,,0,,0,0,,0,0,5
CABA01-09      ,BASEUS BA01 USB WIRELESS ADAPTER CABLE RED                                                                    ,6.95316E+12,23,,0,0,,0,,18.32,18.32,,18.32,,44.5,50,,,94,99,,,,,,0,,,,,0,,,,,0,,0,0,,0,,0,0,,0,,0,0,,0,,0,0,,0,0,5
CALMC-A03,Baseus Camouflage Mobile Game Cable USB For iP 2.4A 1m Blue,6.95316E+12,,4,,,,4,6.69,,,,6.69,26.95,,,,,,,,,,,,0,,,,,0,,,,,0,,,,,0,,,,,0,,,,,0,1,,,,1,1,5
ACJHQ-01       ,BASEUS MICROMOLECULE FORMALDEHYDE PURIFIER DEEP SPACE BLACK                                                   ,6.95316E+12,6,,11,0,,11,,26,26,,26,,50,54.5,,,104,109,,,,,,0,,,,,0,,,,,0,,0,0,,0,,1,0,,1,,2,0,,2,,2,0,,2,3,5
ACJHQ-0S       ,BASEUS MICROMOLECULE FORMALDEHYDE PURIFIER SILVER                                                             ,6.95316E+12,3,,9,0,,9,,26,26,,26,,50,54.5,,,104,109,,,,,,0,,,,,0,,,,,0,,0,0,,0,,0,0,,0,,3,0,,3,,1,0,,1,2,5
CATXF-0G       ,BASEUS 7-IN-1 SQUARE DESK TYPE-C MULTI-FUNCTIONAL HUB TYPE-C                                                  ,6.95316E+12,2,,0,0,,0,,107.84,107.84,,107.84,,125,135,,,259,269,,,,,,0,,,,,0,,,,,0,,,,,0,,0,0,,0,,0,0,,0,,0,0,,0,0,5
SULR-0G        ,BASEUS UNLIMITED ADJUSTMENT LAZY PHONE HOLDER GREY                                                            ,6.95316E+12,,,17,22,,39,,21.07,21.07,,21.07,,45,50,,,89,99,,,,,,0,,,,,0,,,,,0,,,,,0,,0,0,,0,,9,4,,13,,19,11,,30,2,5
PPLG-01        ,Baseus Amblight Quick Charge power bank 33W 30000mAh Black,6.95316E+12,,5,0,0,,5,,88.91,88.91,,88.91,,144.5,149.5,,,299,299,,,,,,0,,,,,0,,,,,0,,,,,0,,,,,0,,0,0,,0,0,0,0,,0,0,5
NGH15-01       ,BASEUS GAMO H15 BLACK 3.5MM WIRED IN-EAR EARPHONES                                                            ,6.95316E+12,,,52,23,,75,,18.13,18.13,,18.13,,49.5,54.5,,,109,109,,,,,,0,,,,,0,,,,,0,,,,,0,,,,,0,,0,0,,0,,8,1,,9,1,5
NGH15-91       ,BASEUS GAMO H15 RES/BLACK 3.5MM WIRED IN-EAR EARPHONES                                                        ,6.95316E+12,5,,54,34,,88,,18.13,18.13,,18.13,,49.5,54.5,,,109,109,,,,,,0,,,,,0,,,,,0,,,,,0,,,,,0,,0,0,,0,,8,0,,8,1,5
NGC15-01,Baseus GAMO Type-c Wired Earphone C15 Black,6.95316E+12,45,5,,,,5,,,,,0,,,,,,,,,,,,,0,,,,,0,,,,,0,,,,,0,,,,,0,,,,,0,0,,,,0,0,5
NGC15-91,Baseus GAMO Type-c Wired Earphone C15 Red-black,6.95316E+12,12,5,,,,5,,,,,0,,,,,,,,,,,,,0,,,,,0,,,,,0,,,,,0,,,,,0,,,,,0,0,,,,0,0,5
CAHUB-AZ0G     ,BASEUS SUPERLATIVE MULTIFUNCTIONAL HUB DEEP GREY                                                              ,6.95316E+12,53,,50,25,,75,,102.13,102.13,,102.13,,150,155,,,309,309,,,,,,0,,,,,0,,,,,0,,,,,0,,,,,0,,0,0,,0,,3,0,,3,1,5
CAHUB-CZ0G,Baseus Multi-functional HUB (Type-C to 3xUSB3.0+HD4K+SD/TF+PD) Deep gray,6.95316E+12,12,5,,,,5,,,,,0,,,,,,,,,,,,,0,,,,,0,,,,,0,,,,,0,,,,,0,,,,,0,0,,,,0,0,5
CAHUB-DZ0G,Baseus Multi-functional HUB (Type-C to 3xUSB3.0+HD4K+RJ45+PD) Deep gray,6.95316E+12,21,5,,,,5,,,,,0,,,,,,,,,,,,,0,,,,,0,,,,,0,,,,,0,,,,,0,,,,,0,0,,,,0,0,5
CAHUB-EZ0G,Baseus Multi-functional HUB (Type-C to 4xUSB3.0+PD) Deep gray,6.95316E+12,3,5,,,,5,,,,,0,,,,,,,,,,,,,0,,,,,0,,,,,0,,,,,0,,,,,0,,,,,0,0,,,,0,0,5
NGA03-01       ,Baseus Encok Wireless Earphone A03 Black,6.95316E+12,1,2,39,0,,41,,30.82,30.82,,30.82,,69.5,74.5,,,149,149,,,,,,0,,,,,0,,,,,0,,,,,0,,,,,0,,0,0,,0,2,12,0,,14,1,5
NGA03-02       ,Baseus Encok Wireless Earphone A03 White,6.95316E+12,21,11,53,25,,89,,27.19,27.19,,27.19,,69.5,74.5,,,149,149,,,,,,0,,,,,0,,,,,0,,,,,0,,,,,0,,0,0,,0,1,10,1,,12,1,5
NGW01-01       ,BASEUS ENCOK W01 BLACK TRUE WIRELESS IN-EAR EARPHONES                                                         ,6.95316E+12,16,,58,34,,92,,66.22,66.22,,66.22,,114.5,119.5,,,239,239,,,,,,0,,,,,0,,,,,0,,,,,0,,,,,0,,0,0,,0,,5,0,,5,1,5
NGW01-02       ,BASEUS ENCOK W01 WHITE TRUE WIRELESS IN-EAR EARPHONES                                                         ,6.95316E+12,38,,53,34,,87,,66.22,66.22,,66.22,,114.5,119.5,,,239,239,,,,,,0,,,,,0,,,,,0,,,,,0,,,,,0,,4,0,,4,,4,0,,4,2,5
CATMBJ-BG1,Baseus Simple HW Quick Charge Charging Data Cable USB For Type-C 40W 23cm Gray black,6.95316E+12,7,10,,,,10,,,,,0,,,,,,,,,,,,,0,,,,,0,,,,,0,,,,,0,,,,,0,,,,,0,0,,,,0,0,5
CATMBJ-BV3,Baseus Simple HW Quick Charge Charging Data Cable USB For Type-C 40W 23cm gold blue,6.95316E+12,22,10,,,,10,,,,,0,,,,,,,,,,,,,0,,,,,0,,,,,0,,,,,0,,,,,0,,,,,0,0,,,,0,0,5
CA1T4-I0G      ,Baseus Star Ring Series Four-in-one Wireless Charging Cable USB For+M+L+T+iW 1.2m Deep gray,6.95316E+12,115,10,0,0,,10,,28.96,28.96,,28.96,,65,69.5,,,65,139,,,,,,0,,,,,0,,,,,0,,,,,0,,,0,,0,,,0,,0,0,0,0,,0,0,5
WXYYQIW03-01,Baseus YOYO Wireless Charger for iWï¿½ï¿½ï¿½ï¿½ï¿½ï¿½ï¿,6.95316E+12,41,5,,,,5,,,,,0,,,,,,,,,,,,,0,,,,,0,,,,,0,,,,,0,,,,,0,,,,,0,0,,,,0,0,5
WXYYQIW03-02,Baseus YOYO Wireless Charger for iWï¿½ï¿½ï¿½ï¿½ï¿½ï¿½ï¿,6.95316E+12,6,5,,,,5,,,,,0,,,,,,,,,,,,,0,,,,,0,,,,,0,,,,,0,,,,,0,,,,,0,0,,,,0,0,5
CAHUB-AH01,Baseus Converter (HD4K to VGA+Micro+DC3.5) Black,6.95316E+12,4,5,,,,5,,,,,0,,,,,,,,,,,,,0,,,,,0,,,,,0,,,,,0,,,,,0,,,,,0,0,,,,0,0,5
WXYDIW02-01    ,Baseus Dotter Wireless Charger for AP Watch Black,6.95316E+12,18,5,56,28,,89,,23.57,23.57,,23.57,,49.5,54.5,,,109,109,,,,,,0,,,,,0,,,,,0,,,,,0,,,,,0,,1,0,,1,0,9,5,,14,2,5
WXYDIW02-02    ,BASEUS DOTTER WHITE WIRELESS CHARGER FOR APPLE WATCH                                                          ,6.95316E+12,19,,56,22,,78,,23.57,23.57,,23.57,,49.5,54.5,,,109,109,,,,,,0,,,,,0,,,,,0,,,,,0,,,,,0,,0,0,,0,,8,2,,10,1,5
WIAPIPH58-QA01 ,Baseus Transparent Key Phone Case For IPX/XS 5.8inch Black,6.95316E+12,,5,46,24,,75,,6.6,6.6,,6.6,,30,34.5,,,30,69,,,,,,0,,,,,0,,,,,0,,,,,0,,,0,,0,,,0,,0,0,8,0,,8,1,5
WIAPIPH58-QA02 ,Baseus Transparent Key Phone Case For IPX/XS 5.8inch Transparent,6.95316E+12,6,4,45,23,,72,,6.6,6.6,,6.6,,30,34.5,,,30,69,,,,,,0,,,,,0,,,,,0,,,,,0,,,0,,0,,,0,,0,1,7,1,,9,1,5
WIAPPOD-BZ01,Baseus Ultrathin Series Silica Gel Protector for Airpods 1/2 Black,6.95316E+12,15,5,,,,5,,,,,0,,,,,,,,,,,,,0,,,,,0,,,,,0,,,,,0,,,,,0,,,,,0,5,,,,5,1,5
WIAPPOD-BZ04,Baseus Ultrathin Series Silica Gel Protector for Airpods 1/2 Pink,6.95316E+12,40,0,,,,0,,,,,0,,,,,,,,,,,,,0,,,,,0,,,,,0,,,,,0,,,,,0,,,,,0,5,,,,5,1,5
WIAPPOD-BZ0Y,Baseus Ultrathin Series Silica Gel Protector for Airpods 1/2 Yellow,6.95316E+12,32,4,,,,4,,,,,0,,,,,,,,,,,,,0,,,,,0,,,,,0,,,,,0,,,,,0,,,,,0,1,,,,1,1,5
WIAPPOD-BZ0G,Baseus Ultrathin Series Silica Gel Protector for Airpods 1/2 Grey,6.95316E+12,15,5,,,,5,,,,,0,,,,,,,,,,,,,0,,,,,0,,,,,0,,,,,0,,,,,0,,,,,0,0,,,,0,0,5
WX3IN1-01      ,Baseus Smart 3in1 Wireless Charger For Phone+Watch+Podsï¿½ï¿½ï¿½ï¿½ï¿,6.95316E+12,9,4,39,0,,43,,51.18,51.18,,51.18,,95,100,,,95,199,,,,,,0,,,,,0,,,,,0,,,,,0,,,0,,0,,,0,,0,1,9,0,,10,1,5
WX3IN1-02      ,Baseus Smart 3in1 Wireless Charger For Phone+Watch+Podsï¿½ï¿½ï¿½ï¿½ï¿,6.95316E+12,4,5,20,0,,25,,55.17,55.17,,55.17,,95,100,,,95,199,,,,,,0,,,,,0,,,,,0,,,,,0,,,0,,0,,,0,,0,0,8,0,,8,1,5
4KCD6901       ,USAMS 4000MAH POWER BANK CASE BLACK FOR IPHONE XS MAX                                                         ,6.95844E+12,,,0,,,0,,45,,,45,,94.5,,,,199,,,,34,,,34,,9,,,9,,0,,,0,,0,,,0,,0,,,0,,0,,,0,,0,,,0,2,5
RPH0890        ,ROCK SHOOTING GAME CONTROLLER WITH HANDLE BLACK                                                               ,6.97168E+12,,,0,0,,0,,18,18,,18,,35,39.5,,,73,79,,,,,,0,,,,,0,,,,,0,,0,0,,0,,0,0,,0,,0,0,,0,,0,0,,0,0,5
BDC-480 SILVER ,Brave Lightning USB Fast Charger Data Cable 2.4A 1m (MFI Certified) - Silver,7.4479E+12,2680,8,52,28,,88,,15.43,15.43,,15.43,,29.5,34.5,,,59,69,,,,,,0,,,,,0,,,,,0,,,,,0,,,,,0,,5,0,,5,2,33,6,,41,2,5
BBP-905        ,Brave Backapck with Bluetooth Speaker and Power Bank 5000mAh Nylon Beige,7.4479E+12,87,5,0,,,5,197.68,197.68,,,197.68,324.35,487,,,,787,,,,0,,,0,,1,,,1,,0,,,0,,1,,,1,1,0,,,1,,0,,,0,0,0,,,0,3,5
BBP-904        ,Brave Backapck with Bluetooth Speaker and Power Bank 5000mAh Nylon Dark Camouflage,7.4479E+12,28,3,0,,0,3,197.68,197.68,,,197.68,324.35,487,,513.81,,787,,799,,1,,,1,,2,,,2,,1,,0,1,,3,,0,3,,0,,0,0,4,0,,2,6,2,0,,0,2,6,5
BBP-903        ,Brave Backapck with Bluetooth Speaker and Power Bank 5000mAh Nylon Army Grey,7.4479E+12,33,1,-1,,,0,197.68,197.68,,,197.68,324.35,487,,,,787,,,,0,,,0,,0,,,0,,1,,,1,,2,,,2,,0,,,0,,0,,,0,0,0,,,0,2,5
BBP-902        ,Brave Backapck with Bluetooth Speaker and Power Bank 5000mAh Nylon Black Circuit Pattern,7.4479E+12,101,1,0,,0,1,197.68,197.68,,,197.68,324.35,487,,513.81,,787,,799,,1,,,1,,5,,,5,,0,,0,0,,2,,0,2,,0,,0,0,1,0,,2,3,1,0,,0,1,5,5
BBP-901        ,Brave Backapck with Bluetooth Speaker and Power Bank 5000mAh Leather Black PU,7.4479E+12,141,4,0,,0,4,197.68,197.68,,,197.68,324.35,487,,513.81,,787,,799,,1,,,1,,3,,,3,,0,,0,0,,2,,1,3,1,0,,0,1,2,0,,1,3,1,0,,0,1,6,5
BCC-36W        ,BRAVE 2-PORT TYPE-C & QUICK CHARGE CAR CHARGER                                                                ,7.4479E+12,1684,,32,25,,57,,13.44,13.44,,13.44,,45,50,,,89,99,,,,,,0,,,,,0,,,,,0,,,,,0,,11,0,,11,,17,0,,17,,20,1,,21,3,5
BAC-105        ,Brave Lightning to 3.5mm Audio Cable White,7.4479E+12,,2,42,18,,62,22.36,23,23,,23,54.45,44.5,49.5,,,93,99,,,,,,0,,,,,0,,,,,0,,2,0,,2,,14,0,,14,3,25,8,,36,0,15,14,,29,4,5
BHL-715        ,BRAVE 2-IN-1 UNIVERSAL MAGNETIC HOLDER                                                                        ,7.4479E+12,1645,,38,20,,58,,12,12,,12,,30,34.5,,,62,69,,,,,,0,,,,,0,,,,,0,,0,0,,0,,33,0,,33,,50,17,,67,,34,16,,50,3,5
BDC-480 BLACK  ,Brave Lightning USB Fast Charger Data Cable 2.4A 1m (MFI Certified) - Black,7.4479E+12,2623,9,45,26,,80,,15.43,15.43,,15.43,,29.5,34.5,,,59,69,,,,,,0,,,,,0,,,,,0,,,,,0,,,,,0,,5,0,,5,1,35,8,,44,2,5
