Part No,Description,UPC,ARQOOB SOH,Retailer SOH,Final_Cost,Month,Weeks,Product Lead Time (Days),Last Update,January_QTY,February_QTY,March_QTY,April_QTY,May_QTY,June_QTY,July_QTY,QTY Sold,Avh per Day,Avg per Month,Closing Stock,Days Stock in Hand,Deviation from Minimum Stock Level,MSL (2 Mont Covering),Current Stock Cover upto (Date)
,Baseus Cafule Cable Durable Nylon Braided Wire USB/ micro US,695000000000.0,0.0,0,0.0,0,5,14,07/27/2019,0,0,0,0,0,0,0,0,0.0,0.0,0.0,Not Sold,-,0.0,Not Sold
BTC-320BK      ,Brave 2-port USB Wall Charger Black,745000000000.0,0.0,70,22.0,3,5,14,07/27/2019,0,0,0,0,12,23,21,56,0.45,18.67,70.0,155.55555555555554,-,37.34,Not Sold
BAC-106,Brave Lightning to 3.5mm Audio Cable Black,745000000000.0,15.0,0,0.0,1,5,14,07/27/2019,0,0,0,0,0,0,3,3,0.05,3.0,15.0,300.0,-,6.0,Not Sold
BHL-712        ,BRAVE LOTTO SERIES MAGNETIC CAR MOUNTS                                                                        ,745000000000.0,0.0,40,12.99,7,5,14,07/27/2019,6,13,16,21,5,10,30,101,0.41,14.43,40.0,97.5609756097561,-,28.86,Not Sold
BHL-713        ,BRAVE 2-IN-1 UNIVERSAL MAGNETIC HOLDER                                                                        ,745000000000.0,0.0,48,12.81,7,5,14,07/27/2019,12,18,14,44,30,47,40,205,0.84,29.29,48.0,57.142857142857146,-,58.58,Not Sold
BTC-320BK,Brave 2-port USB Wall Charger Black,745000000000.0,3662.0,5,0.0,0,5,14,07/27/2019,0,0,0,0,0,0,0,0,0.0,0.0,3667.0,Not Sold,-,0.0,Not Sold
BAC-106,Brave Lightning to 3.5mm Audio Cable Black,745000000000.0,0.0,5,22.36,1,5,14,07/27/2019,0,0,0,0,0,2,0,2,0.07,2.0,5.0,71.42857142857142,-,4.0,Not Sold
BTC-320,Brave 2-port USB Wall Charger White,745000000000.0,0.0,5,18.71,0,5,14,07/27/2019,0,0,0,0,0,0,0,0,0.0,0.0,5.0,Not Sold,-,0.0,Not Sold
BTC-320,Brave 2-port USB Wall Charger White,745000000000.0,0.0,4,0.0,1,5,14,07/27/2019,0,0,0,0,0,0,1,1,0.02,1.0,4.0,200.0,-,2.0,Not Sold
FE020-1W,Bone Collection PANDA STRAP-WHITE,4710000000000.0,16.0,3,7.33,0,5,14,07/27/2019,0,0,0,0,0,0,0,0,0.0,0.0,19.0,Not Sold,-,0.0,Not Sold
FE021-1G,Bone Collection DINOSAUR STRAP-GREEN,4710000000000.0,19.0,3,7.33,0,5,14,07/27/2019,0,0,0,0,0,0,0,0,0.0,0.0,22.0,Not Sold,-,0.0,Not Sold
FE030-1GR,Bone Collection TIGER STRAP-GREY,4710000000000.0,20.0,3,7.33,0,5,14,07/27/2019,0,0,0,0,0,0,0,0,0.0,0.0,23.0,Not Sold,-,0.0,Not Sold
FE031-1R,Bone Collection NINJA STRAP-RED,4710000000000.0,16.0,3,7.33,0,5,14,07/27/2019,0,0,0,0,0,0,0,0,0.0,0.0,19.0,Not Sold,-,0.0,Not Sold
FE031-1BK,Bone Collection NINJA STRAP-BLACK,4710000000000.0,14.0,3,7.33,0,5,14,07/27/2019,0,0,0,0,0,0,0,0,0.0,0.0,17.0,Not Sold,-,0.0,Not Sold
FE036-1G,Bone Collection OWL STRAP-GREEN,4710000000000.0,20.0,3,7.33,0,5,14,07/27/2019,0,0,0,0,0,0,0,0,0.0,0.0,23.0,Not Sold,-,0.0,Not Sold
FE038-1BR,Bone Collection DEER STRAP-BROWN,4710000000000.0,19.0,3,7.33,0,5,14,07/27/2019,0,0,0,0,0,0,0,0,0.0,0.0,22.0,Not Sold,-,0.0,Not Sold
FE045-BK,Bone Collection CAT STRAP-BLACK,4720000000000.0,21.0,3,7.33,0,5,14,07/27/2019,0,0,0,0,0,0,0,0,0.0,0.0,24.0,Not Sold,-,0.0,Not Sold
FE053-BK,Bone Collection Candy Maru Strap-BLACK,4720000000000.0,27.0,3,7.33,0,5,14,07/27/2019,0,0,0,0,0,0,0,0,0.0,0.0,30.0,Not Sold,-,0.0,Not Sold
FE059-R,Bone Collection Ninja Wrap-RED,4720000000000.0,83.0,3,7.35,0,5,14,07/27/2019,0,0,0,0,0,0,0,0,0.0,0.0,86.0,Not Sold,-,0.0,Not Sold
AP14021-BK     ,Bone Collection LinKey Lightning-BLACK,4720000000000.0,33.0,7,25.09,3,5,14,07/27/2019,1,7,0,2,0,0,0,10,0.11,3.33,40.0,363.6363636363636,-,6.66,Not Sold
LF14062-D,Bone Collection Q Cord Ties-SML(D),4720000000000.0,30.0,2,11.19,1,5,14,07/27/2019,0,0,0,0,0,1,0,1,0.03,1.0,32.0,1066.6666666666667,-,2.0,Not Sold
LF14062-C,Bone Collection Q Cord Ties-SML(C),4720000000000.0,86.0,2,11.19,1,5,14,07/27/2019,0,0,0,0,0,1,0,1,0.03,1.0,88.0,2933.3333333333335,-,2.0,Not Sold
LF16001-PEN,Bone Collection Cord Pocket-Maru Penguin,4720000000000.0,16.0,3,10.81,0,5,14,07/27/2019,0,0,0,0,0,0,0,0,0.0,0.0,19.0,Not Sold,-,0.0,Not Sold
LF16001-DUC,Bone Collection Cord Pocket-Patti Duck,4720000000000.0,17.0,3,10.81,0,5,14,07/27/2019,0,0,0,0,0,0,0,0,0.0,0.0,20.0,Not Sold,-,0.0,Not Sold
LF16001-DEE,Bone Collection Cord Pocket-Mr. Deer,4720000000000.0,16.0,3,10.81,0,5,14,07/27/2019,0,0,0,0,0,0,0,0,0.0,0.0,19.0,Not Sold,-,0.0,Not Sold
LF16301-PEN,Bone Collection Charm Lanyard Plus-Maru Penguin,4720000000000.0,48.0,5,11.19,0,5,14,07/27/2019,0,0,0,0,0,0,0,0,0.0,0.0,53.0,Not Sold,-,0.0,Not Sold
LF16301-DUC,Bone Collection Charm Lanyard Plus-Patti Duck,4720000000000.0,49.0,5,11.19,0,5,14,07/27/2019,0,0,0,0,0,0,0,0,0.0,0.0,54.0,Not Sold,-,0.0,Not Sold
LF16301-DEE,Bone Collection Charm Lanyard Plus-Mr. Deer,4720000000000.0,45.0,5,11.19,0,5,14,07/27/2019,0,0,0,0,0,0,0,0,0.0,0.0,50.0,Not Sold,-,0.0,Not Sold
BK18002-R      ,BONE COLLECTION BIKE TIE PRO 2 RED                                                                            ,4720000000000.0,2.0,41,23.16,1,5,14,07/27/2019,0,0,0,0,0,0,3,3,0.05,3.0,43.0,860.0,-,6.0,Not Sold
BK18002-BK     ,BONE COLLECTION BIKE TIE PRO 2 BLACK                                                                          ,4720000000000.0,1.0,6,23.16,1,5,14,07/27/2019,0,0,0,0,0,0,6,6,0.09,6.0,7.0,77.77777777777779,-,12.0,Not Sold
BK18002-GR     ,BONE COLLECTION BIKE TIE PRO 2 GREY                                                                           ,4720000000000.0,1.0,35,23.16,2,5,14,07/27/2019,0,0,0,0,0,2,9,11,0.12,5.5,36.0,300.0,-,11.0,Not Sold
DR18041-32BK   ,BONE COLLECTION MARU PENGUIN 16GB USB 3.0                                                                     ,4720000000000.0,22.0,83,38.22,6,5,14,07/27/2019,3,2,2,1,0,5,2,15,0.07,2.5,105.0,1499.9999999999998,-,5.0,Not Sold
DR18043-32BR   ,BONE COLLECTION MR. DEER 16GB USB 3.0                                                                         ,4720000000000.0,22.0,88,38.22,4,5,14,07/27/2019,1,1,0,0,0,5,3,10,0.06,2.5,110.0,1833.3333333333335,-,5.0,Not Sold
PH18501-BK     ,BONE COLLECTION RUN TIE BLACK SMALL                                                                           ,4720000000000.0,31.0,2,28.95,5,5,14,07/27/2019,7,6,1,0,1,1,0,16,0.11,3.2,33.0,300.0,-,6.4,Not Sold
PH18501-GR     ,BONE COLLECTION RUN TIE GREY S ARMBAND                                                                        ,4720000000000.0,0.0,38,28.95,1,5,14,07/27/2019,0,0,0,0,0,2,0,2,0.07,2.0,38.0,542.8571428571428,-,4.0,Not Sold
PH18502-BK     ,BONE COLLECTION RUN TIE BLACK LARGE FOR SMARTPHONES 4-6.5 INCH                                                ,4720000000000.0,1.0,31,28.95,6,5,14,07/27/2019,11,2,6,0,1,5,4,29,0.13,4.83,32.0,246.15384615384613,-,9.66,Not Sold
PH18502-GR     ,BONE COLLECTION RUN TIE GREY L ARMBAND                                                                        ,4720000000000.0,10.0,74,28.95,2,5,14,07/27/2019,0,0,0,0,0,4,9,13,0.14,6.5,84.0,599.9999999999999,-,13.0,Not Sold
PH18081-DEE,Bone Collection Phone Qcase XR-Mr. Deer,4720000000000.0,55.0,3,21.23,0,5,14,07/27/2019,0,0,0,0,0,0,0,0,0.0,0.0,58.0,Not Sold,-,0.0,Not Sold
PH18081-DUC,Bone Collection Phone Qcase XR-Patti Duck,4720000000000.0,24.0,3,21.23,0,5,14,07/27/2019,0,0,0,0,0,0,0,0,0.0,0.0,27.0,Not Sold,-,0.0,Not Sold
PH18081-CAT,Bone Collection Phone Qcase XR-Miao Cat,4720000000000.0,60.0,3,21.23,0,5,14,07/27/2019,0,0,0,0,0,0,0,0,0.0,0.0,63.0,Not Sold,-,0.0,Not Sold
PH18080-DEE    ,Bone Collection Phone Qcase XS Max-Mr. Deer,4720000000000.0,2.0,37,21.23,2,5,14,07/27/2019,0,0,0,0,0,3,12,15,0.16,7.5,39.0,243.75,-,15.0,Not Sold
PH18080-DUC    ,Bone Collection Phone Qcase XS Max-Patti Duck,4720000000000.0,2.0,3,21.23,2,5,14,07/27/2019,0,0,0,0,0,1,5,6,0.06,3.0,5.0,83.33333333333334,-,6.0,Not Sold
PH18080-CAT    ,Bone Collection Phone Qcase XS Max-Miao Cat,4720000000000.0,2.0,24,21.23,2,5,14,07/27/2019,0,0,0,0,0,6,13,19,0.2,9.5,26.0,130.0,-,19.0,Not Sold
PH18082-PEN    ,Bone Collection Phone Bubble XS-Maru Penguin,4720000000000.0,2.0,18,22.39,1,5,14,07/27/2019,0,0,0,0,0,0,2,2,0.03,2.0,20.0,666.6666666666667,-,4.0,Not Sold
PH18082-DEE    ,Bone Collection Phone Bubble XS-Mr. Deer,4720000000000.0,2.0,52,22.39,1,5,14,07/27/2019,0,0,0,0,0,0,5,5,0.08,5.0,54.0,675.0,-,10.0,Not Sold
PH18082-DUC    ,Bone Collection Phone Bubble XS-Patti Duck,4720000000000.0,2.0,19,22.39,2,5,14,07/27/2019,0,0,0,0,0,2,5,7,0.07,3.5,21.0,299.99999999999994,-,7.0,Not Sold
PH18082-CAT    ,Bone Collection Phone Bubble XS-Miao Cat,4720000000000.0,0.0,34,22.39,2,5,14,07/27/2019,0,0,0,0,0,1,13,14,0.15,7.0,34.0,226.66666666666669,-,14.0,Not Sold
PH18084-DEE    ,Bone Collection Phone Bubble XS Max-Mr. Deer,4720000000000.0,3.0,71,22.39,1,5,14,07/27/2019,0,0,0,0,0,0,5,5,0.08,5.0,74.0,925.0,-,10.0,Not Sold
PH18084-CAT    ,Bone Collection Phone Bubble XS Max-Miao Cat,4720000000000.0,10.0,46,22.39,3,5,14,07/27/2019,0,0,0,0,2,1,11,14,0.11,4.67,56.0,509.09090909090907,-,9.34,Not Sold
LF18091-PEN,Bone Collection Lanyard PhoneTie-Maru Penguin,4720000000000.0,5.0,3,22.0,0,5,14,07/27/2019,0,0,0,0,0,0,0,0,0.0,0.0,8.0,Not Sold,-,0.0,Not Sold
LF18091-WH,Bone Collection Lanyard PhoneTie-Original White,4720000000000.0,4.0,1,18.14,1,5,14,07/27/2019,0,0,0,0,0,2,0,2,0.07,2.0,5.0,71.42857142857142,-,4.0,Not Sold
LF18091-BK,Bone Collection Lanyard PhoneTie-Black,4720000000000.0,1.0,2,18.14,1,5,14,07/27/2019,0,0,0,0,0,1,0,1,0.03,1.0,3.0,100.0,-,2.0,Not Sold
PH18101-DEE    ,Bone Collection Phone Qcase XS-Mr. Deer,4720000000000.0,4.0,43,22.39,2,5,14,07/27/2019,0,0,0,0,0,6,11,17,0.18,8.5,47.0,261.11111111111114,-,17.0,Not Sold
PH18101-DUC    ,BONE COLLECTION PATTI DUCK QCASE FOR IPHONE XS                                                                ,4720000000000.0,2.0,2,22.39,2,5,14,07/27/2019,0,0,0,0,0,2,8,10,0.11,5.0,4.0,36.36363636363637,-,10.0,Not Sold
PH18101-CAT    ,Bone Collection Phone Qcase XS-Miao Cat,4720000000000.0,3.0,13,22.39,2,5,14,07/27/2019,0,0,0,0,0,8,15,23,0.24,11.5,16.0,66.66666666666667,-,23.0,Not Sold
SUGENT-NT0S,Baseus 360-degree Rotation Magnetic Mount Holder(Paste type) Silv,6950000000000.0,282.0,4,7.28,1,5,14,07/27/2019,0,0,0,0,1,0,0,1,0.03,1.0,286.0,9533.333333333334,-,2.0,Not Sold
SUMQ-01,Baseus Privity Ring Bracket Black,6950000000000.0,93.0,1,6.59,2,5,14,07/27/2019,0,0,0,0,0,1,3,4,0.04,2.0,94.0,2350.0,-,4.0,Not Sold
SUER-A01       ,BASEUS SMALL EARS MAGNETIC CAR VENT SUCTION BRACKET BLACK                                                     ,6950000000000.0,174.0,19,11.76,7,5,14,07/27/2019,3,15,16,15,10,15,8,82,0.33,11.71,193.0,584.8484848484849,-,23.42,Not Sold
SUER-A0S       ,BASEUS SMALL EARS MAGNETIC CAR VENT SUCTION BRACKET ROSE SILVER                                               ,6950000000000.0,139.0,11,12.05,7,5,14,07/27/2019,4,9,14,19,8,5,1,60,0.24,8.57,150.0,625.0,-,17.14,Not Sold
SUER-A0R       ,BASEUS SMALL EARS MAGNETIC CAR VENT SUCTION BRACKET ROSE GOLD                                                 ,6950000000000.0,0.0,2,11.11,4,5,14,07/27/2019,2,1,1,0,0,1,0,5,0.04,1.25,2.0,50.0,-,2.5,Not Sold
SUER-A0V       ,BASEUS SMALL EARS MAGNETIC CAR VENT SUCTION BRACKET ROSE GOLD                                                 ,6950000000000.0,131.0,2,11.11,5,5,14,07/27/2019,3,0,6,1,0,4,2,16,0.09,3.2,133.0,1477.7777777777778,-,6.4,Not Sold
SUER-B01       ,Baseus Small Ears Series Magnetic Bracketï¿½ï¿½ï¿½ï¿½ï¿½ï¿½ï¿,6950000000000.0,523.0,25,11.76,7,5,14,07/27/2019,12,20,24,34,25,14,15,144,0.59,20.57,548.0,928.8135593220339,-,41.14,Not Sold
SUER-B0S       ,Baseus Small Ears Series Magnetic Bracketï¿½ï¿½ï¿½ï¿½ï¿½ï¿½ï¿½,6950000000000.0,0.0,37,11.76,7,5,14,07/27/2019,1,10,15,12,9,15,31,93,0.38,13.29,37.0,97.36842105263158,-,26.58,Not Sold
SUER-B0R       ,BASEUS SMALL EARS VERTICAL MAGNETIC BRACKET ROSE GOLD                                                         ,6950000000000.0,4.0,0,11.76,4,5,14,07/27/2019,0,3,2,2,0,2,0,9,0.08,2.25,4.0,50.0,-,4.5,Not Sold
SUER-B0V       ,BASEUS SMALL EARS VERTICAL MAGNETIC BRACKET ROSE GOLD                                                         ,6950000000000.0,0.0,6,12.05,6,5,14,07/27/2019,5,5,0,9,4,5,6,34,0.16,5.67,6.0,37.5,-,11.34,Not Sold
SUER-C0V,Baseus Small ears series Magnetic suction bracketï¿½ï¿½ï¿½ï¿½ï¿½,6950000000000.0,8.0,5,7.76,0,5,14,07/27/2019,0,0,0,0,0,0,0,0,0.0,0.0,13.0,Not Sold,-,0.0,Not Sold
SUMR-0R,Baseus Multifunctional Ring Bracket Rose Gold,6950000000000.0,5.0,4,3.65,1,5,14,07/27/2019,0,0,0,0,0,1,0,1,0.03,1.0,9.0,300.0,-,2.0,Not Sold
SUMR-0V,Baseus Multifunctional Ring Bracket Gold,6950000000000.0,0.0,4,3.65,1,5,14,07/27/2019,0,0,0,0,0,1,0,1,0.03,1.0,4.0,133.33333333333334,-,2.0,Not Sold
SUMR-01,Baseus Multifunctional Ring Bracket Black,6950000000000.0,134.0,1,3.66,3,5,14,07/27/2019,0,0,0,0,1,1,1,3,0.02,1.0,135.0,6750.0,-,2.0,Not Sold
SUGENT-ATR01   ,BASEUS CURVE MAGNET CAR MOUNT                                                                                 ,6950000000000.0,1.0,0,11.0,1,5,14,07/27/2019,0,0,2,0,0,0,0,2,0.07,2.0,1.0,14.285714285714285,-,4.0,Not Sold
,Baseus Rapid  3-in-1 Cable M+L+Type-C 1.2M Black,6950000000000.0,0.0,2,0.0,3,5,14,07/27/2019,0,0,0,0,4,3,1,8,0.06,2.67,2.0,33.333333333333336,-,5.34,Not Sold
,Baseus Rapid  3-in-1 Cable M+L+Type-C 3A 1.2M Red,6950000000000.0,2.0,4,0.0,4,5,14,07/27/2019,0,0,0,1,1,2,2,6,0.04,1.5,6.0,150.0,-,3.0,Not Sold
,Baseus Rapid 3-n-1 Cable M+L+Type-C 1.2M Dark Blue,6950000000000.0,1.0,0,0.0,3,5,14,07/27/2019,0,0,0,2,0,7,1,10,0.08,3.33,1.0,12.5,-,6.66,Not Sold
CAMLL-SU09,Baseus Rapid Series 3-in-1 Cable Micro+Dual Lightning 3A 1.2M Red,6950000000000.0,81.0,3,9.66,1,5,14,07/27/2019,0,0,0,0,0,2,0,2,0.07,2.0,84.0,1199.9999999999998,-,4.0,Not Sold
CAM30-A91,Baseus Yiven Audio Cable 3.5 male Audio M30  0.5M Red+ Black,6950000000000.0,3.0,5,4.81,0,5,14,07/27/2019,0,0,0,0,0,0,0,0,0.0,0.0,8.0,Not Sold,-,0.0,Not Sold
CAM30-B91,Baseus Yiven Audio Cable 3.5 male Audio M30 1M Red+ Black,6950000000000.0,49.0,5,5.49,0,5,14,07/27/2019,0,0,0,0,0,0,0,0,0.0,0.0,54.0,Not Sold,-,0.0,Not Sold
CAM30-BS1,Baseus Yiven Audio Cable 3.5 male Audio M30 1M Silver+ Black,6950000000000.0,1.0,0,5.46,2,5,14,07/27/2019,0,0,0,0,0,2,3,5,0.05,2.5,1.0,20.0,-,5.0,Not Sold
CATSX-D0G      ,Baseu Enjoyment Type-C to HDMI+USB HUB  Gray,6950000000000.0,4.0,2,61.0,0,5,14,07/27/2019,0,0,0,0,0,0,0,0,0.0,0.0,6.0,Not Sold,-,0.0,Not Sold
,Baseus Enjoyment  Type-C to VGA+ USB 3.0  HUB Gray,6950000000000.0,0.0,3,0.0,0,5,14,07/27/2019,0,0,0,0,0,0,0,0,0.0,0.0,3.0,Not Sold,-,0.0,Not Sold
NGA02-03,Baseus Encok Mini Wireless Earphone A02 Blue,6950000000000.0,27.0,1,20.21,1,5,14,07/27/2019,0,0,0,0,1,0,0,1,0.03,1.0,28.0,933.3333333333334,-,2.0,Not Sold
NGA02-0V,Baseus Encok Mini Wireless Earphone A02 Gold,6950000000000.0,0.0,3,19.42,2,5,14,07/27/2019,0,0,0,0,1,2,0,3,0.05,1.5,3.0,60.0,-,3.0,Not Sold
NGA02-0A,Baseus Encok Mini Wireless Earphone A02 Tarnish,6950000000000.0,0.0,1,19.42,2,5,14,07/27/2019,0,0,0,0,2,0,1,3,0.03,1.5,1.0,33.333333333333336,-,3.0,Not Sold
SUER-A09       ,BASEUS SMALL EARS MAGNETIC CAR VENT SUCTION BRACKET ROSE RED                                                  ,6950000000000.0,38.0,1,11.11,4,5,14,07/27/2019,1,2,0,0,2,1,0,6,0.05,1.5,39.0,780.0,-,3.0,Not Sold
SUER-B09       ,BASEUS SMALL EARS VERTICAL MAGNETIC BRACKET ROSE RED                                                          ,6950000000000.0,1.0,0,11.76,4,5,14,07/27/2019,4,2,7,2,0,0,0,15,0.12,3.75,1.0,8.333333333333334,-,7.5,Not Sold
SUPMD-01,Baseus Symbol Ring Bracket Black,6950000000000.0,7.0,8,7.19,2,5,14,07/27/2019,0,0,0,1,0,2,0,3,0.05,1.5,15.0,300.0,-,3.0,Not Sold
SUPMD-03,Baseus Symbol Ring Bracket Blue,6950000000000.0,33.0,11,7.19,0,5,14,07/27/2019,0,0,0,0,0,0,0,0,0.0,0.0,44.0,Not Sold,-,0.0,Not Sold
,Baseus Symbol Ring Bracket Red,6950000000000.0,25.0,6,0.0,0,5,14,07/27/2019,0,0,0,0,0,0,0,0,0.0,0.0,31.0,Not Sold,-,0.0,Not Sold
,Baseus Symbol Ring Bracket Glod,6950000000000.0,46.0,5,0.0,1,5,14,07/27/2019,0,0,0,1,0,0,0,1,0.03,1.0,51.0,1700.0,-,2.0,Not Sold
SUHS-DP01      ,BASEUS DOUBLE CLIP HORIZONTAL VEHICLE MOUNT BLACK                                                             ,6950000000000.0,6.0,16,13.48,7,5,14,07/27/2019,5,11,6,4,1,2,2,31,0.13,4.43,22.0,169.23076923076923,-,8.86,Not Sold
SUHS-DP0S      ,BASEUS DOUBLE CLIP HORIZONTAL VEHICLE MOUNT SILVER                                                            ,6950000000000.0,0.0,0,13.51,2,5,14,07/27/2019,3,2,0,0,0,0,0,5,0.08,2.5,0.0,0.0,-,5.0,Not Sold
SUGX-A01       ,BASEUS MAGNETIC AIR VENT CAR MOUNT HOLDER WITH CABLE CLIP BLACK                                               ,6950000000000.0,81.0,0,12.05,0,5,14,07/27/2019,0,0,0,0,0,0,0,0,0.0,0.0,81.0,Not Sold,-,0.0,Not Sold
SUGX-A0V       ,BASEUS MAGNETIC AIR VENT CAR MOUNT HOLDER WITH CABLE CLIP GOLD                                                ,6950000000000.0,11.0,0,11.76,0,5,14,07/27/2019,0,0,0,0,0,0,0,0,0.0,0.0,11.0,Not Sold,-,0.0,Not Sold
SUGX-A09       ,BASEUS MAGNETIC AIR VENT CAR MOUNT HOLDER WITH CABLE CLIP RED                                                 ,6950000000000.0,100.0,0,11.65,0,5,14,07/27/2019,0,0,0,0,0,0,0,0,0.0,0.0,100.0,Not Sold,-,0.0,Not Sold
SUGX-A0S       ,Baseus Magnetic Air Vent Car Mount Holder with cable clip Silver,6950000000000.0,61.0,4,11.7,1,5,14,07/27/2019,0,0,0,0,1,0,0,1,0.03,1.0,65.0,2166.666666666667,-,2.0,Not Sold
SUHZ-01        ,BASEUS BACK SEAT CAR MOUNT BLACK                                                                              ,6950000000000.0,10.0,21,14.0,3,5,14,07/27/2019,0,0,0,0,2,14,18,34,0.27,11.33,31.0,114.81481481481481,-,22.66,Not Sold
SUHZ-2S        ,BASEUS BACK SEAT CAR MOUNT SILVER                                                                             ,6950000000000.0,1.0,0,14.0,0,5,14,07/27/2019,0,0,0,0,0,0,0,0,0.0,0.0,1.0,Not Sold,-,0.0,Not Sold
SUHZ-91,Baseus Back Seat Car Mount Holder Black+Red,6950000000000.0,0.0,2,0.0,0,5,14,07/27/2019,0,0,0,0,0,0,0,0,0.0,0.0,2.0,Not Sold,-,0.0,Not Sold
,Baseus Cross Peas Cable Clip Black,6950000000000.0,4.0,5,0.0,0,5,14,07/27/2019,0,0,0,0,0,0,0,0,0.0,0.0,9.0,Not Sold,-,0.0,Not Sold
CATCY-B0G      ,BASEUS TYPE C TO HDMI JOINT ADAPTER CABLE 1.8M DARK GREY                                                      ,6950000000000.0,1.0,1,65.0,1,5,14,07/27/2019,1,0,0,0,0,0,0,1,0.03,1.0,2.0,66.66666666666667,-,2.0,Not Sold
,Baseus iP Male to iP+iP Female Adapter L37 Black,6950000000000.0,56.0,2,0.0,1,5,14,07/27/2019,0,0,1,0,0,0,0,1,0.03,1.0,58.0,1933.3333333333335,-,2.0,Not Sold
,Baseus Enjoyment  USB to 3xUSB3.0  Dark gray,6950000000000.0,1.0,3,0.0,0,5,14,07/27/2019,0,0,0,0,0,0,0,0,0.0,0.0,4.0,Not Sold,-,0.0,Not Sold
,Baseus Thin QC30 display Power bank 10000mAh Black,6950000000000.0,63.0,3,0.0,0,5,14,07/27/2019,0,0,0,0,0,0,0,0,0.0,0.0,66.0,Not Sold,-,0.0,Not Sold
,Baseus Thin display Power bank 10000mAh Red,6950000000000.0,35.0,0,0.0,1,5,14,07/27/2019,0,0,0,0,1,0,0,1,0.03,1.0,35.0,1166.6666666666667,-,2.0,Not Sold
,Baseus wheel Ring Bracket Black+Silver,6950000000000.0,0.0,4,0.0,2,5,14,07/27/2019,0,0,5,0,0,0,1,6,0.06,3.0,4.0,66.66666666666667,-,6.0,Not Sold
,Baseus wheel Ring Bracket B+S,6950000000000.0,6.0,5,0.0,3,5,14,07/27/2019,0,0,1,0,3,0,1,5,0.04,1.67,11.0,275.0,-,3.34,Not Sold
,Baseus Encok Neck Hung Bluetooth  S16  Black,6950000000000.0,6.0,3,0.0,0,5,14,07/27/2019,0,0,0,0,0,0,0,0,0.0,0.0,9.0,Not Sold,-,0.0,Not Sold
,Baseus Encok Neck Hung Bluetooth  S16  White,6950000000000.0,39.0,3,0.0,0,5,14,07/27/2019,0,0,0,0,0,0,0,0,0.0,0.0,42.0,Not Sold,-,0.0,Not Sold
NGS16-06       ,BASEUS ENCOK NECK HUNG BLUETOOTH EARPHONES S16 GREEN                                                          ,6950000000000.0,52.0,0,46.37,0,5,14,07/27/2019,0,0,0,0,0,0,0,0,0.0,0.0,52.0,Not Sold,-,0.0,Not Sold
NGS16-09       ,Baseus Encok Neck Hung Bluetooth Earphone S16  Red,6950000000000.0,1.0,1,46.64,1,5,14,07/27/2019,0,0,2,0,0,0,0,2,0.07,2.0,2.0,28.57142857142857,-,4.0,Not Sold
SGAPIPHX-TZ01  ,BASEUS GLASS FILM SET BLACK FOR IPHONE X                                                                      ,6950000000000.0,272.0,17,11.77,6,5,14,07/27/2019,0,1,14,14,6,15,2,52,0.24,8.67,289.0,1204.1666666666667,-,17.34,Not Sold
ACAPIPH-EA9    ,BASEUS RED-HAT TYPE-C 32GB USB FLASH DISK                                                                     ,6950000000000.0,36.0,1,47.3,2,5,14,07/27/2019,2,0,0,0,1,0,0,3,0.05,1.5,37.0,740.0,-,3.0,Not Sold
CAMLT-FW09,Baseus Rapid Series 3-in-1 cable 1.2m For IP+Micro+Type-C Red,6950000000000.0,6.0,4,15.09,1,5,14,07/27/2019,0,0,0,0,0,0,1,1,0.02,1.0,10.0,500.0,-,2.0,Not Sold
,Baseus Type-C Male To Type-C Female +3.5 L40 Black,6950000000000.0,90.0,2,0.0,1,5,14,07/27/2019,0,0,1,0,0,0,0,1,0.03,1.0,92.0,3066.666666666667,-,2.0,Not Sold
,Baseus Type-C Male To Type-C  +3.5 L40 Sil+ Black,6950000000000.0,97.0,3,0.0,0,5,14,07/27/2019,0,0,0,0,0,0,0,0,0.0,0.0,100.0,Not Sold,-,0.0,Not Sold
,Baseus Encok Wireless Headphone D01 red,6950000000000.0,9.0,1,0.0,2,5,14,07/27/2019,0,0,0,1,0,1,0,2,0.03,1.0,10.0,333.33333333333337,-,2.0,Not Sold
,Baseus Encok Wireless Headphone D01 Blush gold,6950000000000.0,2.0,1,0.0,2,5,14,07/27/2019,0,0,0,0,0,1,1,2,0.02,1.0,3.0,150.0,-,2.0,Not Sold
,Baseus Encok Wireless Headphone D01 Tarnish,6950000000000.0,13.0,2,0.0,1,5,14,07/27/2019,0,0,0,0,0,0,1,1,0.02,1.0,15.0,750.0,-,2.0,Not Sold
ACAPIPHX-BJ01  ,BASEUS PLAID BLACK 3500MAH POWER BANK FOR IPHONE X                                                            ,6950000000000.0,30.0,8,46.78,7,5,14,07/27/2019,5,18,7,15,6,5,7,63,0.26,9.0,38.0,146.15384615384616,-,18.0,Not Sold
CATSY-0G       ,BASEUS TYPE-C MALE TO HDMI MALE 4K HD ADAPTER CABLE 1.8M                                                      ,6950000000000.0,15.0,1,40.99,4,5,14,07/27/2019,3,2,4,0,1,0,0,10,0.08,2.5,16.0,200.0,-,5.0,Not Sold
CATSX-F0G      ,BASEUS 10-IN-1 HUB ADAPTER                                                                                    ,6950000000000.0,19.0,0,161.91,3,5,14,07/27/2019,1,1,1,0,0,0,0,3,0.03,1.0,19.0,633.3333333333334,-,2.0,Not Sold
PPKC-A01       ,Baseus Quick Charge Power Bank(20000 mAh Black,6950000000000.0,40.0,14,61.89,5,5,14,07/27/2019,1,0,0,5,5,6,7,24,0.13,4.8,54.0,415.38461538461536,-,9.6,Not Sold
PPKC-A02       ,Baseus Quick Charge Power Bank(20000 mAhWhite,6950000000000.0,33.0,7,63.4,5,5,14,07/27/2019,0,0,1,2,4,4,3,14,0.08,2.8,40.0,500.0,-,5.6,Not Sold
PPKC-A09       ,Baseus Quick Charge Power Bank(20000 mAhRed,6950000000000.0,27.0,2,63.4,4,5,14,07/27/2019,0,0,5,1,2,1,0,9,0.08,2.25,29.0,362.5,-,4.5,Not Sold
NGS07-01       ,BASEUS ENCOK BLACK SPORTS WIRELESS IN-EAR EARPHONES S07                                                       ,6950000000000.0,34.0,5,27.24,1,5,14,07/27/2019,0,1,0,0,0,0,0,1,0.03,1.0,39.0,1300.0,-,2.0,Not Sold
NGS07-S9       ,BASEUS ENCOK SILVER/RED SPORTS WIRELESS IN-EAR EARPHONES S07                                                  ,6950000000000.0,20.0,0,27.24,0,5,14,07/27/2019,0,0,0,0,0,0,0,0,0.0,0.0,20.0,Not Sold,-,0.0,Not Sold
NGS07-19       ,BASEUS ENCOK RED/BLACK SPORTS WIRELESS IN-EAR EARPHONES S07                                                   ,6950000000000.0,0.0,0,26.99,0,5,14,07/27/2019,0,0,0,0,0,0,0,0,0.0,0.0,0.0,Not Sold,-,0.0,Not Sold
WXJS-A1        ,BASEUS METAL WIRELESS CHARGER TARNISH/BLACK                                                                   ,6950000000000.0,47.0,0,31.09,1,5,14,07/27/2019,0,1,0,0,0,0,0,1,0.03,1.0,47.0,1566.6666666666667,-,2.0,Not Sold
WXJS-S2        ,BASEUS METAL WIRELESS CHARGER SILVER/WHITE                                                                    ,6950000000000.0,60.0,0,31.03,1,5,14,07/27/2019,1,0,0,0,0,0,0,1,0.03,1.0,60.0,2000.0,-,2.0,Not Sold
WXYL-A01       ,Baseus Osculum Wireless Gravity Car Charger,6950000000000.0,119.0,45,37.13,4,5,14,07/27/2019,0,0,0,8,16,11,14,49,0.32,12.25,164.0,512.5,-,24.5,Not Sold
,Baseus Encok Headphone Holder DB01,6950000000000.0,32.0,5,0.0,0,5,14,07/27/2019,0,0,0,0,0,0,0,0,0.0,0.0,37.0,Not Sold,-,0.0,Not Sold
ACAPIPHX-ABJ01 ,BASEUS 1+1 BLACK WIRELESS CHARGE 5000MAH POWER BANK FOR IPHONE XS/X                                           ,6950000000000.0,0.0,0,63.54,4,5,14,07/27/2019,3,1,1,2,0,0,0,7,0.06,1.75,0.0,0.0,-,3.5,Not Sold
CCALL-JK01     ,Baseus Simple Wireless Charger Black,6950000000000.0,4.0,3,25.97,3,5,14,07/27/2019,1,1,3,0,0,0,0,5,0.06,1.67,7.0,116.66666666666667,-,3.34,Not Sold
CCALL-JK02     ,BASEUS SIMPLE WIRELESS CHARGER WHITE                                                                          ,6950000000000.0,13.0,1,25.65,2,5,14,07/27/2019,3,0,1,0,0,0,0,4,0.07,2.0,14.0,199.99999999999997,-,4.0,Not Sold
PPALL-EX01     ,BASEUS DUAL OUTPUT WIRELESS CHARGE POWER BANK 8000MAH BLACK                                                   ,6950000000000.0,2.0,0,43.38,5,5,14,07/27/2019,4,3,4,9,0,0,2,22,0.12,4.4,2.0,16.666666666666668,-,8.8,Not Sold
PPALL-EX09     ,Baseus full screen bracket wireless charge Power Bank 8000mAh red,6950000000000.0,0.0,6,43.13,5,5,14,07/27/2019,1,1,5,1,0,1,0,9,0.06,1.8,6.0,100.0,-,3.6,Not Sold
ACCHZ-01       ,Baseus Rotation Type Universal Charger Black,6950000000000.0,60.0,20,25.36,7,5,14,07/27/2019,4,4,7,11,7,11,10,54,0.22,7.71,80.0,363.6363636363636,-,15.42,Not Sold
SUYZD-01       ,BASEUS BULLET ON-BOARD CAR MAGNETIC BRACKET BLACK                                                             ,6950000000000.0,777.0,49,13.62,7,5,14,07/27/2019,11,24,30,37,37,34,42,215,0.88,30.71,826.0,938.6363636363636,-,61.42,Not Sold
SUYZD-09       ,BASEUS BULLET ON-BOARD CAR MAGNETIC BRACKET RED                                                               ,6950000000000.0,15.0,23,13.95,7,5,14,07/27/2019,8,6,12,12,12,6,13,69,0.28,9.86,38.0,135.7142857142857,-,19.72,Not Sold
SUYZD-0S       ,BASEUS BULLET ON-BOARD CAR MAGNETIC BRACKET SILVER                                                            ,6950000000000.0,264.0,49,13.95,7,5,14,07/27/2019,11,16,27,30,12,12,29,137,0.56,19.57,313.0,558.9285714285713,-,39.14,Not Sold
PPALL-PX01     ,Baseus Parallel line portable version Power Bank 10000mAh Black,6950000000000.0,18.0,7,26.9,4,5,14,07/27/2019,2,0,0,4,1,2,0,9,0.08,2.25,25.0,312.5,-,4.5,Not Sold
PPALL-PX02     ,Baseus Parallel line  Power Bank 10000mAh White,6950000000000.0,13.0,10,26.9,6,5,14,07/27/2019,0,1,7,5,9,5,6,33,0.15,5.5,23.0,153.33333333333334,-,11.0,Not Sold
PPALL-PX03     ,Baseus Parallel line  Power Bank 10000mAh Blue,6950000000000.0,31.0,1,26.96,1,5,14,07/27/2019,0,0,0,0,0,2,0,2,0.07,2.0,32.0,457.1428571428571,-,4.0,Not Sold
CCALL-AJK01    ,BASEUS SIMPLE WIRELESS CHARGER TRANSPARENT                                                                    ,6950000000000.0,9.0,0,24.62,3,5,14,07/27/2019,1,2,2,0,0,0,0,5,0.06,1.67,9.0,150.0,-,3.34,Not Sold
NGW02-01       ,Baseus Encok W02 TWS Truly Wireless headset Black,6950000000000.0,4.0,17,57.06,7,5,14,07/27/2019,10,8,21,8,9,10,10,76,0.31,10.86,21.0,67.74193548387098,-,21.72,Not Sold
NGW02-02       ,BASEUS ENCOK W02 TWS TRULY WIRELESS HEADSET WHITE                                                             ,6950000000000.0,51.0,17,53.97,7,5,14,07/27/2019,3,7,11,7,4,3,5,40,0.16,5.71,68.0,425.0,-,11.42,Not Sold
CAMLT-ASY01,Baseus Three Primary Colors 3-in-1 Cable USB For M+L+T 3.5A 30C,6950000000000.0,91.0,2,7.99,5,5,14,07/27/2019,0,0,1,1,3,4,1,10,0.05,2.0,93.0,1860.0,-,4.0,Not Sold
CALXD-A01,Baseus X-type Light Cable For Lightning 2A 0.5M Black,6950000000000.0,19.0,5,7.85,4,5,14,07/27/2019,0,0,1,1,1,2,0,5,0.04,1.25,24.0,600.0,-,2.5,Not Sold
,Baseus X-type  Cable For Lightning 2.4A .5M Purple,6950000000000.0,32.0,0,0.0,3,5,14,07/27/2019,0,0,0,0,2,2,1,5,0.04,1.67,32.0,800.0,-,3.34,Not Sold
CALXD-A09,Baseus X-type Light Cable For Lightning 2.4A 0.5M Red,6950000000000.0,25.0,2,7.85,2,5,14,07/27/2019,0,0,0,0,0,4,4,8,0.08,4.0,27.0,337.5,-,8.0,Not Sold
PPALL-QY01     ,BASEUS THIN WIRELESS CHARGE 10000MAH POWER BANK BLACK                                                         ,6950000000000.0,3.0,3,50.97,2,5,14,07/27/2019,0,1,2,0,0,0,0,3,0.05,1.5,6.0,120.0,-,3.0,Not Sold
PPALL-QY02     ,BASEUS THIN WIRELESS CHARGE 10000 MAH POWER BANK WHITE                                                        ,6950000000000.0,0.0,2,49.81,5,5,14,07/27/2019,0,0,5,6,6,4,4,25,0.14,5.0,2.0,14.285714285714285,-,10.0,Not Sold
PPALL-QY04     ,BASEUS THIN WIRELESS CHARGE 10000MAH POWER BANK PINK                                                          ,6950000000000.0,23.0,1,49.81,0,5,14,07/27/2019,0,0,0,0,0,0,0,0,0.0,0.0,24.0,Not Sold,-,0.0,Not Sold
WXHSG-01       ,Baseus Silicone Horizontal Desktop Wireless Charger Black,6950000000000.0,30.0,3,28.72,0,5,14,07/27/2019,0,0,0,0,0,0,0,0,0.0,0.0,33.0,Not Sold,-,0.0,Not Sold
WXHSG-02       ,BASEUS SILCIONE HORIZONTAL DESKTOP WIRELESS CHARGER WHITE                                                     ,6950000000000.0,39.0,0,28.72,1,5,14,07/27/2019,0,1,0,0,0,0,0,1,0.03,1.0,39.0,1300.0,-,2.0,Not Sold
,Baseus Encok S10 Dual Dynamic Bluetooth  White,6950000000000.0,26.0,3,0.0,0,5,14,07/27/2019,0,0,0,0,0,0,0,0,0.0,0.0,29.0,Not Sold,-,0.0,Not Sold
,Baseus Encok S10 Dual Dynamic Bluetooth  Red,6950000000000.0,6.0,2,0.0,1,5,14,07/27/2019,0,0,0,0,0,0,1,1,0.02,1.0,8.0,400.0,-,2.0,Not Sold
WXXHJ-B01      ,Baseus Dual Wireless Charger Black,6950000000000.0,6.0,5,77.21,3,5,14,07/27/2019,5,1,3,0,0,0,0,9,0.1,3.0,11.0,110.0,-,6.0,Not Sold
WXXHJ-B0S      ,Baseus Dual Wireless Charger Silver,6950000000000.0,0.0,20,76.08,4,5,14,07/27/2019,0,0,4,8,7,12,0,31,0.26,7.75,20.0,76.92307692307692,-,15.5,Not Sold
CCALL-RH01     ,BASEUS LOCOMOTIVE BLUETOOTH MP3 VEHICLE CHARGER BLACK                                                         ,6950000000000.0,5.0,22,24.73,7,5,14,07/27/2019,12,19,19,9,8,4,14,85,0.35,12.14,27.0,77.14285714285715,-,24.28,Not Sold
CAHUB-B0G      ,BASEUS THUNDERBOLT C+ DUAL TYPE-C TO USB3.0/HDMI/TYPE-C FEMALE HUB CONVERTER DEEP SPACE GRAY                  ,6950000000000.0,20.0,1,79.89,5,5,14,07/27/2019,5,1,3,2,6,0,0,17,0.11,3.4,21.0,190.9090909090909,-,6.8,Not Sold
SUJX-01        ,BASEUS GOLD AROMATIZING AIR VENT CAR MOUNT                                                                    ,6950000000000.0,0.0,0,22.0,3,5,14,07/27/2019,3,1,2,0,0,0,0,6,0.07,2.0,0.0,0.0,-,4.0,Not Sold
ACSR-MS01      ,BASEUS MAGIC MONSTER GAMEPAD STYLE POWER BANK 2000MAH                                                         ,6950000000000.0,0.0,0,24.14,6,5,14,07/27/2019,7,2,6,4,3,2,0,24,0.13,4.0,0.0,0.0,-,8.0,Not Sold
,Baseus Dual Wireless Plastic Style Charger Black,6950000000000.0,0.0,2,0.0,1,5,14,07/27/2019,0,0,0,1,0,0,0,1,0.03,1.0,2.0,66.66666666666667,-,2.0,Not Sold
,Baseus Dual Wireless Plastic Style Charger White,6950000000000.0,3.0,3,0.0,0,5,14,07/27/2019,0,0,0,0,0,0,0,0,0.0,0.0,6.0,Not Sold,-,0.0,Not Sold
SUBR-08,Baseus Bear Finger Metal Ring Grip Stand Holder Brown,6950000000000.0,0.0,9,6.49,1,5,14,07/27/2019,0,0,0,0,0,0,1,1,0.02,1.0,9.0,450.0,-,2.0,Not Sold
,Baseus Bear Finger Metal Ring Grip  Red,6950000000000.0,2.0,6,0.0,0,5,14,07/27/2019,0,0,0,0,0,0,0,0,0.0,0.0,8.0,Not Sold,-,0.0,Not Sold
,Baseus Fish eye Spring Data Cable Black,6950000000000.0,4.0,2,0.0,2,5,14,07/27/2019,0,0,0,0,1,2,0,3,0.05,1.5,6.0,120.0,-,3.0,Not Sold
,Baseus Fish eye Spring Data Cable Red,6950000000000.0,88.0,0,0.0,3,5,14,07/27/2019,0,0,2,1,0,0,2,5,0.04,1.67,88.0,2200.0,-,3.34,Not Sold
SGAPIPHX-RA01  ,BASEUS DROP-PROOF CURVED FULL SCREEN TEMPERED GLASS BLACK FOR IPHONE X                                        ,6950000000000.0,44.0,2,7.44,7,5,14,07/27/2019,4,12,26,16,3,2,1,64,0.26,9.14,46.0,176.9230769230769,-,18.28,Not Sold
CAMLT-PY09,Baseus Data Faction 3-in-1 Cable USB For M+L+T 3.5A 1.2M Red,6950000000000.0,0.0,3,10.98,2,5,14,07/27/2019,0,0,0,0,1,0,1,2,0.02,1.0,3.0,150.0,-,2.0,Not Sold
WXBV-01        ,BASEUS BV WIRELESS CHARGER BLACK                                                                              ,6950000000000.0,25.0,0,20.21,3,5,14,07/27/2019,2,1,3,0,0,0,0,6,0.07,2.0,25.0,357.1428571428571,-,4.0,Not Sold
WXBV-02        ,BASEUS BV WIRELESS CHARGER WHITE                                                                              ,6950000000000.0,52.0,0,20.25,1,5,14,07/27/2019,0,0,3,0,0,0,0,3,0.1,3.0,52.0,520.0,-,6.0,Not Sold
WXBV-03        ,BASEUS BV WIRELESS CHARGER BLUE                                                                               ,6950000000000.0,0.0,0,20.25,0,5,14,07/27/2019,0,0,0,0,0,0,0,0,0.0,0.0,0.0,Not Sold,-,0.0,Not Sold
CA1T4-B01,Baseus Fast 4-in-1 Cable For lightning+Type-C(2)+Micro 3.5A 1.2M B,6950000000000.0,97.0,4,10.86,1,5,14,07/27/2019,0,0,0,0,0,0,1,1,0.02,1.0,101.0,5050.0,-,2.0,Not Sold
ACDKQ-HG01     ,BASEUS PENDANT CARD READER BLACK                                                                              ,6950000000000.0,1.0,0,17.55,0,5,14,07/27/2019,0,0,0,0,0,0,0,0,0.0,0.0,1.0,Not Sold,-,0.0,Not Sold
ACDKQ-HG0S     ,BASEUS PENDANT CARD READER SILVER                                                                             ,6950000000000.0,0.0,0,17.55,0,5,14,07/27/2019,0,0,0,0,0,0,0,0,0.0,0.0,0.0,Not Sold,-,0.0,Not Sold
ACBZ-AP01      ,BASEUS AP PENCIL SILICONE CHARGING STAND FOR APPLE PENCIL BLACK                                               ,6950000000000.0,97.0,3,9.37,3,5,14,07/27/2019,1,0,1,0,1,0,0,3,0.03,1.0,100.0,3333.3333333333335,-,2.0,Not Sold
ACBZ-AP09      ,BASEUS AP PENCIL SILICONE CHARGING STAND FOR APPLE PENCIL RED                                                 ,6950000000000.0,70.0,3,9.37,2,5,14,07/27/2019,0,0,1,1,0,0,0,2,0.03,1.0,73.0,2433.3333333333335,-,2.0,Not Sold
ACBZ-AP0G      ,BASEUS AP PENCIL SILICONE CHARGING STAND FOR APPLE PENCIL GREY                                                ,6950000000000.0,65.0,0,9.37,2,5,14,07/27/2019,1,1,0,0,0,0,0,2,0.03,1.0,65.0,2166.666666666667,-,2.0,Not Sold
CATL45-01      ,BASEUS AUDIO CONVERTER CATL45                                                                                 ,6950000000000.0,2.0,19,9.66,4,5,14,07/27/2019,0,0,0,2,13,8,8,31,0.2,7.75,21.0,105.0,-,15.5,Not Sold
,Baseus Cube USB to USB3.0*+USB2.0*2 HUB  Dark gray,6950000000000.0,13.0,2,0.0,3,5,14,07/27/2019,0,0,0,1,0,1,1,3,0.02,1.0,15.0,750.0,-,2.0,Not Sold
CAHUB-D0G      ,BASEUS CUBE TYPE-C TO USB3.0X3+USB2.0X2 HUB ADAPTER DARK GRAY                                                 ,6950000000000.0,1.0,5,27.0,7,5,14,07/27/2019,8,9,7,6,3,2,2,37,0.15,5.29,6.0,40.0,-,10.58,Not Sold
CAHUB-E0G      ,Baseus Little box  TYPE-C to HDMI+TypeC  Dark gray,6950000000000.0,11.0,4,55.7,1,5,14,07/27/2019,0,0,0,0,0,1,0,1,0.03,1.0,15.0,500.0,-,2.0,Not Sold
CCALL-TM01     ,BASEUS T TYPED BLUETOOTH MP3 CHARGER WITH CAR HOLDER BLACK                                                    ,6950000000000.0,3.0,0,24.02,4,5,14,07/27/2019,3,2,1,1,0,0,0,7,0.06,1.75,3.0,50.0,-,3.5,Not Sold
CCALL-TM0A     ,BASEUS T TYPED BLUETOOTH MP3 CHARGER WITH CAR HOLDER TARNISH                                                  ,6950000000000.0,0.0,0,23.39,1,5,14,07/27/2019,0,0,1,0,0,0,0,1,0.03,1.0,0.0,0.0,-,2.0,Not Sold
CCALL-TM12     ,BASEUS T TYPED BLUETOOTH MP3 CHARGER WITH CAR HOLDER DARK COFFEE                                              ,6950000000000.0,10.0,1,22.86,3,5,14,07/27/2019,0,0,3,4,1,0,0,8,0.09,2.67,11.0,122.22222222222223,-,5.34,Not Sold
CCALL-XK01     ,BASEUS DESKTOP WIRELESS/WIRED CHARGER BLACK                                                                   ,6950000000000.0,106.0,0,54.33,1,5,14,07/27/2019,1,0,0,0,0,0,0,1,0.03,1.0,106.0,3533.3333333333335,-,2.0,Not Sold
WXHSD-D01      ,Baseus Wireless charger power bank 10000mAh(Dual coil /Typec /P,6950000000000.0,1.0,7,67.55,1,5,14,07/27/2019,0,0,0,1,0,0,0,1,0.03,1.0,8.0,266.6666666666667,-,2.0,Not Sold
WXHSD-D02      ,BASEUS WIRELESS CHARGER POWER BANK 10000MAH WHITE                                                             ,6950000000000.0,0.0,0,67.55,0,5,14,07/27/2019,0,0,0,0,0,0,0,0,0.0,0.0,0.0,Not Sold,-,0.0,Not Sold
PPALL-AKU01    ,Baseus Mini Cu display Power Bank 10000mAh Black,6950000000000.0,9.0,28,37.62,7,5,14,07/27/2019,4,8,13,10,8,8,22,73,0.3,10.43,37.0,123.33333333333334,-,20.86,Not Sold
PPALL-AKU02    ,Baseus Mini Cu digital display Power Bank 10000mAh White,6950000000000.0,37.0,15,31.07,6,5,14,07/27/2019,1,0,3,4,7,5,4,24,0.11,4.0,52.0,472.72727272727275,-,8.0,Not Sold
SUCJG9-01      ,Baseus G9 Mobile Game scoring tool Black,6950000000000.0,73.0,32,5.26,7,5,14,07/27/2019,38,30,19,16,14,16,8,141,0.58,20.14,105.0,181.0344827586207,-,40.28,Not Sold
SUCJG9-02      ,Baseus G9 Mobile Game scoring tool White,6950000000000.0,86.0,78,5.26,7,5,14,07/27/2019,36,23,26,33,37,42,38,235,0.96,33.57,164.0,170.83333333333334,-,67.14,Not Sold
SUGENT-XF01    ,Baseus Suspension glass Desktop Bracket Black,6950000000000.0,6.0,49,17.77,7,5,14,07/27/2019,10,12,13,17,19,7,23,101,0.41,14.43,55.0,134.14634146341464,-,28.86,Not Sold
SUGENT-XF0S    ,Baseus Suspension glass Desktop Bracket Silver,6950000000000.0,14.0,22,17.78,7,5,14,07/27/2019,11,7,2,9,16,7,3,55,0.22,7.86,36.0,163.63636363636363,-,15.72,Not Sold
SGAPIPD-BX02   ,BASEUS 0.3MM ANTI-BLUE LIGHT TEMPERED GLASS FILM TRANSPARENT FOR IPAD PRO 12.9-INCH 3RD GEN                   ,6950000000000.0,177.0,1,21.8,7,5,14,07/27/2019,2,1,4,4,2,5,4,22,0.09,3.14,178.0,1977.7777777777778,-,6.28,Not Sold
SGAPIPD-CX02   ,BASEUS 0.3MM TEMPERED GLASS FILM TRANSPARENT FOR IPAD PRO 11-INCH                                             ,6950000000000.0,404.0,5,14.43,6,5,14,07/27/2019,7,10,6,-1,3,0,-1,24,0.11,4.0,409.0,3718.181818181818,-,8.0,Not Sold
SGAPIPD-DX02   ,BASEUS 0.3MM ANTI-BLUE LIGHT TEMPERED GLASS FILM TRANSPARENT FOR IPAD PRO 11-INCH                             ,6950000000000.0,171.0,5,16.32,5,5,14,07/27/2019,2,1,1,1,1,0,0,6,0.04,1.2,176.0,4400.0,-,2.4,Not Sold
WX2IN1-02      ,Baseus Smart 2in1 Wireless Charger White,6950000000000.0,0.0,49,41.15,7,5,14,07/27/2019,19,4,25,41,33,21,27,170,0.69,24.29,49.0,71.01449275362319,-,48.58,Not Sold
CCALL-YX01     ,BASEUS Y TYPE DUAL USB+ CAR CHARGER BLACK                                                                     ,6950000000000.0,1.0,0,11.14,0,5,14,07/27/2019,0,0,0,0,0,0,0,0,0.0,0.0,1.0,Not Sold,-,0.0,Not Sold
CCALL-YX02     ,BASEUS Y TYPE DUAL USB+ CAR CHARGER WHITE                                                                     ,6950000000000.0,39.0,0,11.14,0,5,14,07/27/2019,0,0,0,0,0,0,0,0,0.0,0.0,39.0,Not Sold,-,0.0,Not Sold
ACXUN-02       ,BASEUS AROMA DIFFUSER CREAM WHITE                                                                             ,6950000000000.0,81.0,8,36.14,7,5,14,07/27/2019,4,4,4,4,3,4,5,28,0.11,4.0,89.0,809.0909090909091,-,8.0,Not Sold
CAMKLF-C09,Baseus Cafule Cable Durable Nylon Braided Wire USB / micro USB QC3.0 1.5A 2M red-red,6950000000000.0,6.0,10,0.0,0,5,14,07/27/2019,0,0,0,0,0,0,0,0,0.0,0.0,16.0,Not Sold,-,0.0,Not Sold
CAMKLF-C91,Baseus Cafule Cable Durable Nylon Braided Wire USB / micro USB QC3.0 1.5A 2M black-red,6950000000000.0,18.0,33,0.0,1,5,14,07/27/2019,0,0,0,0,0,0,32,32,0.49,32.0,51.0,104.08163265306122,-,64.0,Not Sold
SUCH-01        ,BASEUS XIAOCHUN MAGNETIC CAR PHONE HOLDER BLACK                                                               ,6950000000000.0,7.0,0,10.26,3,5,14,07/27/2019,1,0,2,0,1,0,0,4,0.04,1.33,7.0,175.0,-,2.66,Not Sold
SUCH-02        ,BASEUS XIAOCHUN MAGNETIC CAR PHONE HOLDER SILVER                                                              ,6950000000000.0,66.0,0,10.2,1,5,14,07/27/2019,1,0,0,0,0,0,0,1,0.03,1.0,66.0,2200.0,-,2.0,Not Sold
SUBR-A01       ,BASEUS BEAR MAGNETIC CAR BRACKET BLACK                                                                        ,6950000000000.0,0.0,0,0.0,0,5,14,07/27/2019,0,0,0,0,0,0,0,0,0.0,0.0,0.0,Not Sold,-,0.0,Not Sold
SUBR-A08       ,BASEUS BEAR MAGNETIC CAR BRACKET BROWN                                                                        ,6950000000000.0,0.0,0,0.0,0,5,14,07/27/2019,0,0,0,0,0,0,0,0,0.0,0.0,0.0,Not Sold,-,0.0,Not Sold
SUBR-A09       ,BASEUS BEAR MAGNETIC CAR BRACKET RED                                                                          ,6950000000000.0,0.0,0,0.0,0,5,14,07/27/2019,0,0,0,0,0,0,0,0,0.0,0.0,0.0,Not Sold,-,0.0,Not Sold
SUBR-ASG       ,BASEUS BEAR MAGNETIC CAR BRACKET SILVER GRAY                                                                  ,6950000000000.0,0.0,0,0.0,0,5,14,07/27/2019,0,0,0,0,0,0,0,0,0.0,0.0,0.0,Not Sold,-,0.0,Not Sold
SUXUN-BY01     ,BASEUS FRAGRANCE/CAR MOUNT BLACK                                                                              ,6950000000000.0,55.0,0,12.63,3,5,14,07/27/2019,1,0,2,1,0,0,0,4,0.04,1.33,55.0,1375.0,-,2.66,Not Sold
SUXUN-BY09     ,BASEUS FRAGRANCE/CAR MOUNT RED                                                                                ,6950000000000.0,70.0,0,12.62,2,5,14,07/27/2019,2,0,0,0,1,0,0,3,0.05,1.5,70.0,1400.0,-,3.0,Not Sold
SUXUN-BY0G     ,BASEUS FRAGRANCE/CAR MOUNT GREY                                                                               ,6950000000000.0,64.0,0,12.62,1,5,14,07/27/2019,2,0,0,0,0,0,0,2,0.07,2.0,64.0,914.2857142857142,-,4.0,Not Sold
CALLG-01       ,Baseus Glowing Data cable USB For Lightning Black,6950000000000.0,22.0,5,15.69,0,5,14,07/27/2019,0,0,0,0,0,0,0,0,0.0,0.0,27.0,Not Sold,-,0.0,Not Sold
CALLG-09       ,Baseus Glowing Data cable USB For Lightning Red,6950000000000.0,54.0,5,15.6,0,5,14,07/27/2019,0,0,0,0,0,0,0,0,0.0,0.0,59.0,Not Sold,-,0.0,Not Sold
TZARGS-01      ,BASEUS CASE FOR AIRPODS BLACK                                                                                 ,6950000000000.0,77.0,7,7.61,7,5,14,07/27/2019,14,23,18,18,16,2,6,97,0.4,13.86,84.0,210.0,-,27.72,Not Sold
TZARGS-09      ,Baseus Baseus case for Airpods Red,6950000000000.0,24.0,19,7.46,7,5,14,07/27/2019,9,10,4,11,3,6,3,46,0.19,6.57,43.0,226.31578947368422,-,13.14,Not Sold
TZARGS-G2      ,BASEUS CASE FOR AIRPODS GRAY                                                                                  ,6950000000000.0,56.0,28,7.61,7,5,14,07/27/2019,11,11,8,8,6,4,5,53,0.22,7.57,84.0,381.8181818181818,-,15.14,Not Sold
WXZN-01        ,BASEUS CAR WIRELESS CHARGER SMART VEHICLE BRACKET                                                             ,6950000000000.0,10.0,33,51.99,7,5,14,07/27/2019,6,8,20,9,21,11,34,109,0.44,15.57,43.0,97.72727272727273,-,31.14,Not Sold
WXXP-01        ,BASEUS WIRELESS CHARGER SUCTION CUP BLACK                                                                     ,6950000000000.0,4.0,6,22.19,5,5,14,07/27/2019,2,3,6,5,1,0,0,17,0.11,3.4,10.0,90.9090909090909,-,6.8,Not Sold
WXXP-02        ,BASEUS WIRELESS CHARGER SUCTION CUP WHITE                                                                     ,6950000000000.0,5.0,1,20.91,1,5,14,07/27/2019,1,0,0,0,0,0,0,1,0.03,1.0,6.0,200.0,-,2.0,Not Sold
CALEYE-01      ,BASEUS BIG EYE DIGITAL DISPLAY LIGHTNING CABLE BLACK                                                          ,6950000000000.0,0.0,0,14.32,0,5,14,07/27/2019,0,0,0,0,0,0,0,0,0.0,0.0,0.0,Not Sold,-,0.0,Not Sold
CALEYE-02      ,Baseus Big Eye Digital display Data Cable White,6950000000000.0,0.0,2,14.32,1,5,14,07/27/2019,0,0,0,0,0,1,0,1,0.03,1.0,2.0,66.66666666666667,-,2.0,Not Sold
WIAPIPH58-BE01 ,BASEUS BEAR SILICONE CASE BLACK FOR IPHONE XS                                                                 ,6950000000000.0,4.0,0,7.84,0,5,14,07/27/2019,0,0,0,0,0,0,0,0,0.0,0.0,4.0,Not Sold,-,0.0,Not Sold
WIAPIPH58-BE04 ,BASEUS BEAR SILICONE CASE PINK FOR IPHONE XS                                                                  ,6950000000000.0,0.0,0,7.84,0,5,14,07/27/2019,0,0,0,0,0,0,0,0,0.0,0.0,0.0,Not Sold,-,0.0,Not Sold
WIAPIPH58-BE08 ,BASEUS BEAR SILICONE CASE BROWN FOR IPHONE XS                                                                 ,6950000000000.0,0.0,0,7.84,0,5,14,07/27/2019,0,0,0,0,0,0,0,0,0.0,0.0,0.0,Not Sold,-,0.0,Not Sold
WIAPIPH61-BE01 ,BASEUS BEAR SILICONE CASE BLACK FOR IPHONE XR                                                                 ,6950000000000.0,56.0,0,7.84,0,5,14,07/27/2019,0,0,0,0,0,0,0,0,0.0,0.0,56.0,Not Sold,-,0.0,Not Sold
WIAPIPH61-BE04 ,BASEUS BEAR SILICONE CASE PINK FOR IPHONE XR                                                                  ,6950000000000.0,6.0,0,7.84,0,5,14,07/27/2019,0,0,0,0,0,0,0,0,0.0,0.0,6.0,Not Sold,-,0.0,Not Sold
WIAPIPH61-BE08 ,BASEUS BEAR SILICONE CASE BROWN FOR IPHONE XR                                                                 ,6950000000000.0,26.0,0,7.84,0,5,14,07/27/2019,0,0,0,0,0,0,0,0,0.0,0.0,26.0,Not Sold,-,0.0,Not Sold
WIAPIPH65-BE01 ,BASEUS BEAR SILICONE CASE BLACK FOR IPHONE XS MAX                                                             ,6950000000000.0,55.0,0,7.62,0,5,14,07/27/2019,0,0,0,0,0,0,0,0,0.0,0.0,55.0,Not Sold,-,0.0,Not Sold
WIAPIPH65-BE04 ,BASEUS BEAR SILICONE CASE PINK FOR IPHONE XS MAX                                                              ,6950000000000.0,17.0,0,7.62,0,5,14,07/27/2019,0,0,0,0,0,0,0,0,0.0,0.0,17.0,Not Sold,-,0.0,Not Sold
WIAPIPH65-BE08 ,BASEUS BEAR SILICONE CASE BROWN FOR IPHONE XS MAX                                                             ,6950000000000.0,48.0,0,7.71,0,5,14,07/27/2019,0,0,0,0,0,0,0,0,0.0,0.0,48.0,Not Sold,-,0.0,Not Sold
LTAPIPD-ASM01  ,BASEUS SIMPLISM Y-TYPE LEATHER CASE BLACK FOR IPAD PRO 11-INCH                                                ,6950000000000.0,58.0,0,38.39,3,5,14,07/27/2019,4,2,0,2,0,0,0,8,0.09,2.67,58.0,644.4444444444445,-,5.34,Not Sold
LTAPIPD-ASM03  ,BASEUS SIMPLISM Y-TYPE LEATHER CASE BLUE FOR IPAD PRO 11-INCH                                                 ,6950000000000.0,89.0,12,38.14,4,5,14,07/27/2019,2,5,0,3,0,0,1,11,0.07,2.75,101.0,1442.8571428571427,-,5.5,Not Sold
LTAPIPD-BSM01  ,BASEUS SIMPLISM Y-TYPE LEATHER CASE BLACK FOR IPAD PRO 12.9-INCH 3RD GEN                                      ,6950000000000.0,20.0,0,44.2,2,5,14,07/27/2019,3,2,0,0,0,0,0,5,0.08,2.5,20.0,250.0,-,5.0,Not Sold
LTAPIPD-BSM03  ,BASEUS SIMPLISM Y-TYPE LEATHER CASE BLUE FOR IPAD PRO 12.9-INCH 3RD GEN                                       ,6950000000000.0,140.0,0,44.34,3,5,14,07/27/2019,7,0,1,0,1,0,0,9,0.1,3.0,140.0,1400.0,-,6.0,Not Sold
NGH08-01       ,BASEUS H08 BLACK IMMERSIVE VIRTUAL 3D GAMING IN-EAR EARPHONES                                                 ,6950000000000.0,7.0,11,76.0,7,5,14,07/27/2019,23,8,15,9,7,7,5,74,0.3,10.57,18.0,60.0,-,21.14,Not Sold
NGH08-2G       ,BASEUS H08 WHITE/GREY IMMERSIVE VIRTUAL 3D GAMING IN-EAR EARPHONES                                            ,6950000000000.0,8.0,3,76.0,5,5,14,07/27/2019,14,9,5,2,3,0,0,33,0.22,6.6,11.0,50.0,-,13.2,Not Sold
CATL41-01      ,BASEUS TYPE-C TO 3.5MM AUDIO CHARGING ADAPTER BLACK                                                           ,6950000000000.0,36.0,14,9.9,1,5,14,07/27/2019,0,0,0,0,0,0,1,1,0.02,1.0,50.0,2500.0,-,2.0,Not Sold
SUGENT-ZN01    ,BASEUS SMART CAR MOUNT CELL PHONE HOLDER BLACK                                                                ,6950000000000.0,32.0,0,34.57,3,5,14,07/27/2019,4,1,1,0,0,0,0,6,0.07,2.0,32.0,457.1428571428571,-,4.0,Not Sold
SUGENT-ZN03    ,BASEUS SMART CAR MOUNT PHONE HOLDER BLUE                                                                      ,6950000000000.0,34.0,0,34.52,0,5,14,07/27/2019,0,0,0,0,0,0,0,0,0.0,0.0,34.0,Not Sold,-,0.0,Not Sold
SUGENT-ZN0S    ,BASEUS SMART CAR MOUNT PHONE HOLDER SILVER                                                                    ,6950000000000.0,47.0,0,34.52,0,5,14,07/27/2019,0,0,0,0,0,0,0,0,0.0,0.0,47.0,Not Sold,-,0.0,Not Sold
ACAPIPH58-BJ01,Baseus Continuous Backpack Power Bank 4000mAh Black iPhone X/,6950000000000.0,40.0,5,37.73,0,5,14,07/27/2019,0,0,0,0,0,0,0,0,0.0,0.0,45.0,Not Sold,-,0.0,Not Sold
ACSR-XJ09      ,Baseus Adapter X-Men Audio Radiator Red/Black,6950000000000.0,21.0,9,23.46,5,5,14,07/27/2019,4,1,4,1,0,1,0,11,0.07,2.2,30.0,428.57142857142856,-,4.4,Not Sold
ACSR-XJ0A      ,BASEUS ADAPTER X-MEN AUDIO RADIATOR BLACK                                                                     ,6950000000000.0,41.0,0,23.46,3,5,14,07/27/2019,4,2,1,0,0,0,0,7,0.08,2.33,41.0,512.5,-,4.66,Not Sold
WIAPPOD-01     ,Baseus wireless charger for Airpods Black,6950000000000.0,4.0,31,17.33,7,5,14,07/27/2019,29,25,33,35,21,17,9,169,0.69,24.14,35.0,50.72463768115942,-,48.28,Not Sold
WIAPPOD-09     ,BASEUS PROTECTIVE CASE/WIRELESS CHARGER RED FOR AIRPODS                                                       ,6950000000000.0,0.0,17,17.33,7,5,14,07/27/2019,12,16,16,18,7,4,8,81,0.33,11.57,17.0,51.515151515151516,-,23.14,Not Sold
ACHDCJ-01      ,Baseus Holder Red-Dot Mobile Game Scoring Tool Black,6950000000000.0,330.0,64,5.26,7,5,14,07/27/2019,82,54,62,50,59,50,26,383,1.56,54.71,394.0,252.56410256410257,-,109.42,Not Sold
ACHDCJ-02      ,Baseus Holder Red-Dot Mobile Game Scoring Tool Transparent,6950000000000.0,0.0,81,5.39,7,5,14,07/27/2019,67,62,47,48,47,20,40,331,1.35,47.29,81.0,59.99999999999999,-,94.58,Not Sold
,Baseus Mini Q Light and Portable 10000mAh Black,6950000000000.0,35.0,0,0.0,2,5,14,07/27/2019,0,0,4,1,0,0,0,5,0.08,2.5,35.0,437.5,-,5.0,Not Sold
,Baseus Mini Q Light and Portable 10000mAh White,6950000000000.0,0.0,0,0.0,2,5,14,07/27/2019,0,0,2,3,0,0,0,5,0.08,2.5,0.0,0.0,-,5.0,Not Sold
CALL50-01,Baseus iP Male to iP & 3.5mm Female Adapter L50 Black,6950000000000.0,0.0,1,51.31,2,5,14,07/27/2019,0,0,0,0,1,0,2,3,0.03,1.5,1.0,33.333333333333336,-,3.0,Not Sold
CALL50S-01,Baseus iP Male to iP & 3.5mm Female Adapter L50S Black,6950000000000.0,5.0,4,51.31,1,5,14,07/27/2019,0,0,0,0,0,1,0,1,0.03,1.0,9.0,300.0,-,2.0,Not Sold
CAHUB-F01      ,Baseus round box HUB adapter ï¿½ï¿½ï¿½ï¿½ï¿½ï¿½ï¿½ï¿½ï¿½ï¿½,6950000000000.0,36.0,5,12.71,5,5,14,07/27/2019,1,3,1,2,0,1,0,8,0.05,1.6,41.0,820.0,-,3.2,Not Sold
CAHUB-F02      ,Baseus round box HUB adapter ï¿½ï¿½ï¿½ï¿½ï¿½ï¿½ï¿½ï¿½ï¿½ï¿½,6950000000000.0,13.0,1,12.31,1,5,14,07/27/2019,0,0,0,0,0,1,0,1,0.03,1.0,14.0,466.6666666666667,-,2.0,Not Sold
CAHUB-G01      ,BASEUS ROUND BOX TYPE-C HUB ADAPTER BLACK                                                                     ,6950000000000.0,27.0,1,12.71,5,5,14,07/27/2019,0,1,4,3,2,2,0,12,0.08,2.4,28.0,350.0,-,4.8,Not Sold
ACPCL-01       ,Baseus Golden Cudgel Capacitive Stylus Pen Black,6950000000000.0,32.0,60,14.47,7,5,14,07/27/2019,12,23,33,33,29,14,14,158,0.64,22.57,92.0,143.75,-,45.14,Not Sold
ACPCL-0S,Baseus Golden Cudgel Capacitive Stylus Pen Silver,6950000000000.0,15.0,5,14.58,2,5,14,07/27/2019,0,0,0,0,0,2,2,4,0.04,2.0,20.0,500.0,-,4.0,Not Sold
ACSLCJ-01      ,Baseus grenade handle for games Black,6950000000000.0,1.0,86,9.31,7,5,14,07/27/2019,55,43,62,53,64,80,76,433,1.77,61.86,87.0,49.152542372881356,-,123.72,Not Sold
ACSLCJ-06      ,Baseus grenade handle for games Army green,6950000000000.0,14.0,79,9.51,7,5,14,07/27/2019,89,46,53,44,53,54,43,382,1.56,54.57,93.0,59.61538461538461,-,109.14,Not Sold
CATSR-01       ,BASEUS FISH-EYE SPRING TYPE-C 2A CABLE 1M BLACK                                                               ,6950000000000.0,143.0,24,8.43,3,5,14,07/27/2019,0,0,0,0,5,10,12,27,0.22,9.0,167.0,759.0909090909091,-,18.0,Not Sold
CATSR-09       ,BASEUS FISH-EYE SPRING TYPE-C 2A CABLE 1M RED                                                                 ,6950000000000.0,95.0,38,8.43,3,5,14,07/27/2019,0,0,0,0,2,7,11,20,0.16,6.67,133.0,831.25,-,13.34,Not Sold
WIAPIPH58-ASL01,BASEUS ORIGINAL LSR CASE BLACK FOR IPHONE XS                                                                  ,6950000000000.0,40.0,4,11.7,7,5,14,07/27/2019,16,18,24,26,17,4,1,106,0.43,15.14,44.0,102.32558139534883,-,30.28,Not Sold
WIAPIPH58-ASL03,BASEUS ORIGINAL LSR CASE LIGHT AQUA MARINE FOR IPHONE XS                                                      ,6950000000000.0,0.0,11,12.38,7,5,14,07/27/2019,15,8,11,15,12,12,7,80,0.33,11.43,11.0,33.33333333333333,-,22.86,Not Sold
WIAPIPH58-ASL04,BASEUS ORIGINAL LSR CASE PINK FOR IPHONE XS                                                                   ,6950000000000.0,3.0,2,12.68,7,5,14,07/27/2019,16,17,19,26,19,2,1,100,0.41,14.29,5.0,12.195121951219512,-,28.58,Not Sold
WIAPIPH58-ASL09,BASEUS ORIGINAL LSR CASE RED FOR IPHONE XS                                                                    ,6950000000000.0,26.0,3,12.38,7,5,14,07/27/2019,10,5,9,5,3,3,7,42,0.17,6.0,29.0,170.58823529411762,-,12.0,Not Sold
WIAPIPH65-ASL01,BASEUS ORIGINAL LSR CASE BLACK FOR IPHONE XS MAX                                                              ,6950000000000.0,47.0,6,11.99,7,5,14,07/27/2019,11,12,11,8,9,8,2,61,0.25,8.71,53.0,212.0,-,17.42,Not Sold
WIAPIPH65-ASL03,BASEUS ORIGINAL LSR CASE LIGHT AQUA MARINE FOR IPHONE XS MAX                                                  ,6950000000000.0,60.0,1,11.99,6,5,14,07/27/2019,3,5,1,3,1,0,1,14,0.07,2.33,61.0,871.4285714285713,-,4.66,Not Sold
WIAPIPH65-ASL04,BASEUS ORIGINAL LSR CASE PINK FOR IPHONE XS MAX                                                               ,6950000000000.0,33.0,0,11.99,5,5,14,07/27/2019,5,4,2,4,3,0,0,18,0.12,3.6,33.0,275.0,-,7.2,Not Sold
WIAPIPH65-ASL09,BASEUS ORIGINAL LSR CASE RED FOR IPHONE XS MAX                                                                ,6950000000000.0,51.0,0,11.99,3,5,14,07/27/2019,2,3,6,0,0,0,0,11,0.12,3.67,51.0,425.0,-,7.34,Not Sold
WXZN-B01       ,BASEUS SMART VEHICLE BRACKET WIRELESS CHARGER WITH INFRARED SENSOR BLACK                                      ,6950000000000.0,3.0,31,52.61,4,5,14,07/27/2019,0,0,0,1,10,11,14,36,0.23,9.0,34.0,147.82608695652172,-,18.0,Not Sold
CAHUB-K0G      ,BASEUS HARMONICA 5-IN-1 HUB ADAPTER GREY                                                                      ,6950000000000.0,0.0,0,0.0,0,5,14,07/27/2019,0,0,0,0,0,0,0,0,0.0,0.0,0.0,Not Sold,-,0.0,Not Sold
CATKC-A01      ,BASEUS DOUBLE FAST CHARGING TYPE-C CABLE 1M BLACK                                                             ,6950000000000.0,46.0,17,7.27,7,5,14,07/27/2019,1,3,11,3,11,7,8,44,0.18,6.29,63.0,350.0,-,12.58,Not Sold
CATKC-A09      ,BASEUS DOUBLE FAST CHARGING TYPE-C CABLE 1M RED                                                               ,6950000000000.0,44.0,10,7.27,7,5,14,07/27/2019,10,3,5,1,4,7,3,33,0.13,4.71,54.0,415.38461538461536,-,9.42,Not Sold
SUJG-ALR01,Baseus New Neck-Mounted Lazy Bracket Black,6950000000000.0,1.0,2,15.04,1,5,14,07/27/2019,0,0,0,0,0,0,1,1,0.02,1.0,3.0,150.0,-,2.0,Not Sold
SUDYZP-D1V     ,BASEUS FULLY FOLDING SELFIE STICK BLACK/GOLD                                                                  ,6950000000000.0,0.0,0,45.32,0,5,14,07/27/2019,0,0,0,0,0,0,0,0,0.0,0.0,0.0,Not Sold,-,0.0,Not Sold
SUDYZP-D1S     ,BASEUS FULLY FOLDING SELFIE STICK BLACK/SLIVER                                                                ,6950000000000.0,0.0,65,45.32,1,5,14,07/27/2019,0,0,0,0,0,0,20,20,0.31,20.0,65.0,209.67741935483872,-,40.0,Not Sold
SUDYZP-D19     ,BASEUS FULLY FOLDING SELFIE STICK BLACK/RED                                                                   ,6950000000000.0,0.0,0,45.32,0,5,14,07/27/2019,0,0,0,0,0,0,0,0,0.0,0.0,0.0,Not Sold,-,0.0,Not Sold
PPALL-MY01,Baseus Mu Light Power Bank 2000mAh with Voltage/Power Display P,6950000000000.0,0.0,5,61.89,0,5,14,07/27/2019,0,0,0,0,0,0,0,0,0.0,0.0,5.0,Not Sold,-,0.0,Not Sold
SUCJLF-01      ,Baseus winner cooling heat sink Black,6950000000000.0,143.0,39,21.04,7,5,14,07/27/2019,27,14,14,28,19,25,28,155,0.63,22.14,182.0,288.8888888888889,-,44.28,Not Sold
CATYW-B01      ,BASEUS ARTISTIC STRIPED TYPE-C 3A CABLE 5M BLACK                                                              ,6950000000000.0,73.0,50,14.39,3,5,14,07/27/2019,0,0,0,0,5,12,8,25,0.2,8.33,123.0,615.0,-,16.66,Not Sold
CATYW-B03      ,BASEUS ARTISTIC STRIPED TYPE-C 3A CABLE 5M BLUE                                                               ,6950000000000.0,59.0,28,14.4,2,5,14,07/27/2019,0,0,0,0,0,6,3,9,0.09,4.5,87.0,966.6666666666667,-,9.0,Not Sold
CATYW-B09      ,BASEUS ARTISTIC STRIPED TYPE-C 3A CABLE 5M RED                                                                ,6950000000000.0,39.0,29,14.39,2,5,14,07/27/2019,0,0,0,0,0,5,4,9,0.09,4.5,68.0,755.5555555555555,-,9.0,Not Sold
ACNXB-02       ,BASEUS WARM LITTLE WHITE FAN HEATER                                                                           ,6950000000000.0,0.0,0,0.0,0,5,14,07/27/2019,0,0,0,0,0,0,0,0,0.0,0.0,0.0,Not Sold,-,0.0,Not Sold
SGAPWA4-A01    ,BASEUS 0.3MM FULL-SCREEN CURVED TEMPERED FILM BLACK FOR APPLE WATCH SERIES 4 40MM                             ,6950000000000.0,28.0,16,13.19,6,5,14,07/27/2019,0,21,40,30,16,6,2,115,0.53,19.17,44.0,83.0188679245283,-,38.34,Not Sold
SGAPWA4-B01    ,BASEUS 0.3MM FULL-SCREEN CURVED TEMPERED FILM BLACK FOR APPLE WATCH SERIES 4 44MM                             ,6950000000000.0,20.0,6,13.95,4,5,14,07/27/2019,0,37,52,11,6,0,0,106,0.88,26.5,26.0,29.545454545454547,-,53.0,Not Sold
SUWNT-01       ,BASEUS FOLDING UNIVERSAL STICKER BLACK                                                                        ,6950000000000.0,21.0,26,7.61,3,5,14,07/27/2019,0,0,0,0,2,1,4,7,0.06,2.33,47.0,783.3333333333334,-,4.66,Not Sold
SUWNT-02       ,BASEUS FOLDING UNIVERSAL STICKER TRANSPARENT                                                                  ,6950000000000.0,4.0,35,7.61,4,5,14,07/27/2019,0,0,0,1,12,14,9,36,0.23,9.0,39.0,169.56521739130434,-,18.0,Not Sold
ACPBCJ-01      ,BASEUS SHOOTING GAME TOOL FOR PAD BLACK                                                                       ,6950000000000.0,8.0,13,9.51,6,5,14,07/27/2019,0,12,24,9,20,21,6,92,0.43,15.33,21.0,48.83720930232558,-,30.66,Not Sold
ACPBCJ-02      ,BASEUS SHOOTING GAME TOOL FOR PAD TRANSPARENT                                                                 ,6950000000000.0,13.0,18,9.51,6,5,14,07/27/2019,0,10,25,22,19,13,11,100,0.47,16.67,31.0,65.95744680851064,-,33.34,Not Sold
CAHUB-T01      ,BASEUS MATE DOCKING TYPE-C HUB DOCKING STATION BLACK                                                          ,6950000000000.0,1.0,0,55.18,0,5,14,07/27/2019,0,0,0,0,0,0,0,0,0.0,0.0,1.0,Not Sold,-,0.0,Not Sold
CAMLT-BYG1,Baseus Fabric 3-in-1 Flexible Cable USB For M+L+T 3.5A 1.2m Dark,6950000000000.0,0.0,5,0.0,0,5,14,07/27/2019,0,0,0,0,0,0,0,0,0.0,0.0,5.0,Not Sold,-,0.0,Not Sold
SGAPIPH58-WA01 ,BASEUS FULL-SCREEN CURVED TEMPERED GLASS SCREEN PROTECTOR BLACK FOR IPHONE XS/X                               ,6950000000000.0,8.0,12,9.66,3,5,14,07/27/2019,0,0,0,0,10,23,26,59,0.47,19.67,20.0,42.5531914893617,-,39.34,Not Sold
SGAPIPH58-WC01 ,BASEUS FULL-SCREEN CURVED PRIVACY TEMPERED GLASS SCREEN PROTECTOR BLACK FOR IPHONE XS/X                       ,6950000000000.0,181.0,28,15.69,3,5,14,07/27/2019,0,0,0,0,12,15,21,48,0.38,16.0,209.0,550.0,-,32.0,Not Sold
SGAPIPH65-WA01 ,BASEUS FULL-SCREEN CURVED TEMPERED GLASS SCREEN PROTECTOR BLACK FOR IPHONE XS MAX                             ,6950000000000.0,32.0,6,10.26,3,5,14,07/27/2019,0,0,0,0,2,14,7,23,0.18,7.67,38.0,211.11111111111111,-,15.34,Not Sold
SGAPIPH65-WC01 ,BASEUS FULL-SCREEN CURVED PRIVACY TEMPERED GLASS SCREEN PROTECTOR BLACK FOR IPHONE XS MAX                     ,6950000000000.0,167.0,21,16.0,3,5,14,07/27/2019,0,0,0,0,11,15,19,45,0.36,15.0,188.0,522.2222222222223,-,30.0,Not Sold
CABA01-01      ,BASEUS BA01 USB WIRELESS ADAPTER CABLE BLACK                                                                  ,6950000000000.0,40.0,0,18.32,0,5,14,07/27/2019,0,0,0,0,0,0,0,0,0.0,0.0,40.0,Not Sold,-,0.0,Not Sold
CABA01-09      ,BASEUS BA01 USB WIRELESS ADAPTER CABLE RED                                                                    ,6950000000000.0,23.0,0,18.32,0,5,14,07/27/2019,0,0,0,0,0,0,0,0,0.0,0.0,23.0,Not Sold,-,0.0,Not Sold
CALMC-A03,Baseus Camouflage Mobile Game Cable USB For iP 2.4A 1m Blue,6950000000000.0,0.0,4,6.69,1,5,14,07/27/2019,0,0,0,0,0,0,1,1,0.02,1.0,4.0,200.0,-,2.0,Not Sold
ACJHQ-01       ,BASEUS MICROMOLECULE FORMALDEHYDE PURIFIER DEEP SPACE BLACK                                                   ,6950000000000.0,6.0,11,26.0,3,5,14,07/27/2019,0,0,0,0,1,2,2,5,0.04,1.67,17.0,425.0,-,3.34,Not Sold
ACJHQ-0S       ,BASEUS MICROMOLECULE FORMALDEHYDE PURIFIER SILVER                                                             ,6950000000000.0,3.0,9,26.0,2,5,14,07/27/2019,0,0,0,0,0,3,1,4,0.04,2.0,12.0,300.0,-,4.0,Not Sold
CATXF-0G       ,BASEUS 7-IN-1 SQUARE DESK TYPE-C MULTI-FUNCTIONAL HUB TYPE-C                                                  ,6950000000000.0,2.0,0,107.84,0,5,14,07/27/2019,0,0,0,0,0,0,0,0,0.0,0.0,2.0,Not Sold,-,0.0,Not Sold
SULR-0G        ,BASEUS UNLIMITED ADJUSTMENT LAZY PHONE HOLDER GREY                                                            ,6950000000000.0,0.0,39,21.07,2,5,14,07/27/2019,0,0,0,0,0,13,30,43,0.45,21.5,39.0,86.66666666666667,-,43.0,Not Sold
PPLG-01        ,Baseus Amblight Quick Charge power bank 33W 30000mAh Black,6950000000000.0,0.0,5,88.91,0,5,14,07/27/2019,0,0,0,0,0,0,0,0,0.0,0.0,5.0,Not Sold,-,0.0,Not Sold
NGH15-01       ,BASEUS GAMO H15 BLACK 3.5MM WIRED IN-EAR EARPHONES                                                            ,6950000000000.0,0.0,75,18.13,1,5,14,07/27/2019,0,0,0,0,0,0,9,9,0.14,9.0,75.0,535.7142857142857,-,18.0,Not Sold
NGH15-91       ,BASEUS GAMO H15 RES/BLACK 3.5MM WIRED IN-EAR EARPHONES                                                        ,6950000000000.0,5.0,88,18.13,1,5,14,07/27/2019,0,0,0,0,0,0,8,8,0.12,8.0,93.0,775.0,-,16.0,Not Sold
NGC15-01,Baseus GAMO Type-c Wired Earphone C15 Black,6950000000000.0,45.0,5,0.0,0,5,14,07/27/2019,0,0,0,0,0,0,0,0,0.0,0.0,50.0,Not Sold,-,0.0,Not Sold
NGC15-91,Baseus GAMO Type-c Wired Earphone C15 Red-black,6950000000000.0,12.0,5,0.0,0,5,14,07/27/2019,0,0,0,0,0,0,0,0,0.0,0.0,17.0,Not Sold,-,0.0,Not Sold
CAHUB-AZ0G     ,BASEUS SUPERLATIVE MULTIFUNCTIONAL HUB DEEP GREY                                                              ,6950000000000.0,53.0,75,102.13,1,5,14,07/27/2019,0,0,0,0,0,0,3,3,0.05,3.0,128.0,2560.0,-,6.0,Not Sold
CAHUB-CZ0G,Baseus Multi-functional HUB (Type-C to 3xUSB3.0+HD4K+SD/TF+PD) Deep gray,6950000000000.0,12.0,5,0.0,0,5,14,07/27/2019,0,0,0,0,0,0,0,0,0.0,0.0,17.0,Not Sold,-,0.0,Not Sold
CAHUB-DZ0G,Baseus Multi-functional HUB (Type-C to 3xUSB3.0+HD4K+RJ45+PD) Deep gray,6950000000000.0,21.0,5,0.0,0,5,14,07/27/2019,0,0,0,0,0,0,0,0,0.0,0.0,26.0,Not Sold,-,0.0,Not Sold
CAHUB-EZ0G,Baseus Multi-functional HUB (Type-C to 4xUSB3.0+PD) Deep gray,6950000000000.0,3.0,5,0.0,0,5,14,07/27/2019,0,0,0,0,0,0,0,0,0.0,0.0,8.0,Not Sold,-,0.0,Not Sold
NGA03-01       ,Baseus Encok Wireless Earphone A03 Black,6950000000000.0,1.0,41,30.82,1,5,14,07/27/2019,0,0,0,0,0,0,14,14,0.22,14.0,42.0,190.9090909090909,-,28.0,Not Sold
NGA03-02       ,Baseus Encok Wireless Earphone A03 White,6950000000000.0,21.0,89,27.19,1,5,14,07/27/2019,0,0,0,0,0,0,12,12,0.18,12.0,110.0,611.1111111111111,-,24.0,Not Sold
NGW01-01       ,BASEUS ENCOK W01 BLACK TRUE WIRELESS IN-EAR EARPHONES                                                         ,6950000000000.0,16.0,92,66.22,1,5,14,07/27/2019,0,0,0,0,0,0,5,5,0.08,5.0,108.0,1350.0,-,10.0,Not Sold
NGW01-02       ,BASEUS ENCOK W01 WHITE TRUE WIRELESS IN-EAR EARPHONES                                                         ,6950000000000.0,38.0,87,66.22,2,5,14,07/27/2019,0,0,0,0,0,4,4,8,0.08,4.0,125.0,1562.5,-,8.0,Not Sold
CATMBJ-BG1,Baseus Simple HW Quick Charge Charging Data Cable USB For Type-C 40W 23cm Gray black,6950000000000.0,7.0,10,0.0,0,5,14,07/27/2019,0,0,0,0,0,0,0,0,0.0,0.0,17.0,Not Sold,-,0.0,Not Sold
CATMBJ-BV3,Baseus Simple HW Quick Charge Charging Data Cable USB For Type-C 40W 23cm gold blue,6950000000000.0,22.0,10,0.0,0,5,14,07/27/2019,0,0,0,0,0,0,0,0,0.0,0.0,32.0,Not Sold,-,0.0,Not Sold
CA1T4-I0G      ,Baseus Star Ring Series Four-in-one Wireless Charging Cable USB For+M+L+T+iW 1.2m Deep gray,6950000000000.0,115.0,10,28.96,0,5,14,07/27/2019,0,0,0,0,0,0,0,0,0.0,0.0,125.0,Not Sold,-,0.0,Not Sold
WXYYQIW03-01,Baseus YOYO Wireless Charger for iWï¿½ï¿½ï¿½ï¿½ï¿½ï¿½ï¿,6950000000000.0,41.0,5,0.0,0,5,14,07/27/2019,0,0,0,0,0,0,0,0,0.0,0.0,46.0,Not Sold,-,0.0,Not Sold
WXYYQIW03-02,Baseus YOYO Wireless Charger for iWï¿½ï¿½ï¿½ï¿½ï¿½ï¿½ï¿,6950000000000.0,6.0,5,0.0,0,5,14,07/27/2019,0,0,0,0,0,0,0,0,0.0,0.0,11.0,Not Sold,-,0.0,Not Sold
CAHUB-AH01,Baseus Converter (HD4K to VGA+Micro+DC3.5) Black,6950000000000.0,4.0,5,0.0,0,5,14,07/27/2019,0,0,0,0,0,0,0,0,0.0,0.0,9.0,Not Sold,-,0.0,Not Sold
WXYDIW02-01    ,Baseus Dotter Wireless Charger for AP Watch Black,6950000000000.0,18.0,89,23.57,2,5,14,07/27/2019,0,0,0,0,0,1,14,15,0.16,7.5,107.0,668.75,-,15.0,Not Sold
WXYDIW02-02    ,BASEUS DOTTER WHITE WIRELESS CHARGER FOR APPLE WATCH                                                          ,6950000000000.0,19.0,78,23.57,1,5,14,07/27/2019,0,0,0,0,0,0,10,10,0.15,10.0,97.0,646.6666666666667,-,20.0,Not Sold
WIAPIPH58-QA01 ,Baseus Transparent Key Phone Case For IPX/XS 5.8inch Black,6950000000000.0,0.0,75,6.6,1,5,14,07/27/2019,0,0,0,0,0,0,8,8,0.12,8.0,75.0,625.0,-,16.0,Not Sold
WIAPIPH58-QA02 ,Baseus Transparent Key Phone Case For IPX/XS 5.8inch Transparent,6950000000000.0,6.0,72,6.6,1,5,14,07/27/2019,0,0,0,0,0,0,9,9,0.14,9.0,78.0,557.1428571428571,-,18.0,Not Sold
WIAPPOD-BZ01,Baseus Ultrathin Series Silica Gel Protector for Airpods 1/2 Black,6950000000000.0,15.0,5,0.0,1,5,14,07/27/2019,0,0,0,0,0,0,5,5,0.08,5.0,20.0,250.0,-,10.0,Not Sold
WIAPPOD-BZ04,Baseus Ultrathin Series Silica Gel Protector for Airpods 1/2 Pink,6950000000000.0,40.0,0,0.0,1,5,14,07/27/2019,0,0,0,0,0,0,5,5,0.08,5.0,40.0,500.0,-,10.0,Not Sold
WIAPPOD-BZ0Y,Baseus Ultrathin Series Silica Gel Protector for Airpods 1/2 Yellow,6950000000000.0,32.0,4,0.0,1,5,14,07/27/2019,0,0,0,0,0,0,1,1,0.02,1.0,36.0,1800.0,-,2.0,Not Sold
WIAPPOD-BZ0G,Baseus Ultrathin Series Silica Gel Protector for Airpods 1/2 Grey,6950000000000.0,15.0,5,0.0,0,5,14,07/27/2019,0,0,0,0,0,0,0,0,0.0,0.0,20.0,Not Sold,-,0.0,Not Sold
WX3IN1-01      ,Baseus Smart 3in1 Wireless Charger For Phone+Watch+Podsï¿½ï¿½ï¿½ï¿½ï¿,6950000000000.0,9.0,43,51.18,1,5,14,07/27/2019,0,0,0,0,0,0,10,10,0.15,10.0,52.0,346.6666666666667,-,20.0,Not Sold
WX3IN1-02      ,Baseus Smart 3in1 Wireless Charger For Phone+Watch+Podsï¿½ï¿½ï¿½ï¿½ï¿,6950000000000.0,4.0,25,55.17,1,5,14,07/27/2019,0,0,0,0,0,0,8,8,0.12,8.0,29.0,241.66666666666669,-,16.0,Not Sold
4KCD6901       ,USAMS 4000MAH POWER BANK CASE BLACK FOR IPHONE XS MAX                                                         ,6960000000000.0,0.0,0,45.0,2,5,14,07/27/2019,34,9,0,0,0,0,0,43,0.72,21.5,0.0,0.0,-,43.0,Not Sold
RPH0890        ,ROCK SHOOTING GAME CONTROLLER WITH HANDLE BLACK                                                               ,6970000000000.0,0.0,0,18.0,0,5,14,07/27/2019,0,0,0,0,0,0,0,0,0.0,0.0,0.0,Not Sold,-,0.0,Not Sold
BDC-480 SILVER ,Brave Lightning USB Fast Charger Data Cable 2.4A 1m (MFI Certified) - Silver,7450000000000.0,2680.0,88,15.43,2,5,14,07/27/2019,0,0,0,0,0,5,41,46,0.48,23.0,2768.0,5766.666666666667,-,46.0,Not Sold
BBP-905        ,Brave Backapck with Bluetooth Speaker and Power Bank 5000mAh Nylon Beige,7450000000000.0,87.0,5,197.68,3,5,14,07/27/2019,0,1,0,1,1,0,0,3,0.03,1.0,92.0,3066.666666666667,-,2.0,Not Sold
BBP-904        ,Brave Backapck with Bluetooth Speaker and Power Bank 5000mAh Nylon Dark Camouflage,7450000000000.0,28.0,3,197.68,6,5,14,07/27/2019,1,2,1,3,0,6,2,15,0.07,2.5,31.0,442.85714285714283,-,5.0,Not Sold
BBP-903        ,Brave Backapck with Bluetooth Speaker and Power Bank 5000mAh Nylon Army Grey,7450000000000.0,33.0,0,197.68,2,5,14,07/27/2019,0,0,1,2,0,0,0,3,0.05,1.5,33.0,660.0,-,3.0,Not Sold
BBP-902        ,Brave Backapck with Bluetooth Speaker and Power Bank 5000mAh Nylon Black Circuit Pattern,7450000000000.0,101.0,1,197.68,5,5,14,07/27/2019,1,5,0,2,0,3,1,12,0.06,2.4,102.0,1700.0,-,4.8,Not Sold
BBP-901        ,Brave Backapck with Bluetooth Speaker and Power Bank 5000mAh Leather Black PU,7450000000000.0,141.0,4,197.68,6,5,14,07/27/2019,1,3,0,3,1,3,1,12,0.06,2.0,145.0,2416.666666666667,-,4.0,Not Sold
BCC-36W        ,BRAVE 2-PORT TYPE-C & QUICK CHARGE CAR CHARGER                                                                ,7450000000000.0,1684.0,57,13.44,3,5,14,07/27/2019,0,0,0,0,11,17,21,49,0.39,16.33,1741.0,4464.1025641025635,-,32.66,Not Sold
BAC-105        ,Brave Lightning to 3.5mm Audio Cable White,7450000000000.0,0.0,62,23.0,4,5,14,07/27/2019,0,0,0,2,14,36,29,81,0.52,20.25,62.0,119.23076923076923,-,40.5,Not Sold
BHL-715        ,BRAVE 2-IN-1 UNIVERSAL MAGNETIC HOLDER                                                                        ,7450000000000.0,1645.0,58,12.0,3,5,14,07/27/2019,0,0,0,0,33,67,50,150,1.2,50.0,1703.0,1419.1666666666667,-,100.0,Not Sold
BDC-480 BLACK  ,Brave Lightning USB Fast Charger Data Cable 2.4A 1m (MFI Certified) - Black,7450000000000.0,2623.0,80,15.43,2,5,14,07/27/2019,0,0,0,0,0,5,44,49,0.52,24.5,2703.0,5198.076923076923,-,49.0,Not Sold
