Part No,Description,UPC,HMV,Vir,VMS UAE,VMS QAT,ARQOOB SOH, Product Distribution,Retailer SOH,,,,,Cost,,,,,Price,,,,RRP,,,,Jan,,,,,Feb,,,,,March,,,,,April,,,,,May,,,,,June,,,,,July,,,,
,,,,,,,,,HMV,VMS-U,VMS-Q,Vir,Total, HMV , VMS-U , VMS-Q , Vir (QAR) ,Final, HMV , VMS-U , VMS-Q ,Vir (QAR), HMV , VMS-U , VMS-Q ,Vir (QAR),HMV,VMS-U,VMS-Q,Vir,Total,HMV,VMS-U,VMS-Q,Vir,Total,HMV,VMS-U,VMS-Q,Vir,Total,HMV,VMS-U,VMS-Q,Vir,Total,HMV,VMS-U,VMS-Q,Vir,Total,HMV,VMS-U,VMS-Q,Vir,Total,HMV,VMS-U,VMS-Q,Vir,Total
,,,,,,,,,,,,,,,,,,,,,,,,,,,,,,,,,,,,,,,,,,,,,,,,,,,,,,,,,,,,,
,Baseus Cafule Cable Durable Nylon Braided Wire USB/ micro US,695315628039,,,,,,,,,,0,0,,,,,0.00,,,,,,,,37,,,,,0,,,,,0,,,,0,0,,,,,0,,,,0,0,,,,0,0,,,,0,0
BTC-320BK      ,Brave 2-port USB Wall Charger Black,744790286205,1,1,1,,,,5,38,27,,70,18.71,22.00,22.00,,22.00,54.45,44.50,49.50,,,93.00,99.00,,,,,,0,,,,,0,,,,,0,,0,0,,0,,12,0,,12,,20,3,,23,,20,1,,21
BAC-106,Brave Lightning to 3.5mm Audio Cable Black,744790317350,,,,,15.00,,0,,,,0,,,,,0.00,,,,,,,,,,,,,0,,,,,0,,,,,0,,,,,0,,,,,0,,,,,0,3,,,,3
BHL-712        ,BRAVE LOTTO SERIES MAGNETIC CAR MOUNTS                                                                        ,744790317374,,1,,,,,,40,,,40,,12.99,,,12.99,,34.50,,,,69.00,,,,6,,,6,,13,,,13,,16,,,16,,21,,,21,,5,,,5,,10,,,10,,30,,,30
BHL-713        ,BRAVE 2-IN-1 UNIVERSAL MAGNETIC HOLDER                                                                        ,744790317381,,1,,,,,,48,,,48,,12.81,,,12.81,,29.50,,,,59.00,,,,12,,,12,,18,,,18,,14,,,14,,44,,,44,,30,,,30,,47,,,47,,40,,,40
BTC-320BK,Brave 2-port USB Wall Charger Black,744790317428,1,,,,3662.00,Not OK,5,,,,5,,,,,0.00,,,,,,,,,,,,,0,,,,,0,,,,,0,,,,,0,,,,,0,,,,,0,0,,,,0
BAC-106,Brave Lightning to 3.5mm Audio Cable Black,744796317350,1,,,,,,5,,,,5,22.36,,,,22.36,54.45,,,,,,,,,,,,0,,,,,0,,,,,0,,,,,0,,,,,0,2,,,,2,,,,,0
BTC-320,Brave 2-port USB Wall Charger White,744796317428,1,,,,,,5,,,,5,18.71,,,,18.71,54.45,,,,,,,,,,,,0,,,,,0,,,,,0,,,,,0,,,,,0,,,,,0,,,,,0
BTC-320,Brave 2-port USB Wall Charger White,744796317429,1,,,,,,4,,,,4,,,,,0.00,,,,,,,,,,,,,0,,,,,0,,,,,0,,,,,0,,,,,0,,,,,0,1,,,,1
FE020-1W,Bone Collection PANDA STRAP-WHITE,4712818795646,1,,,,16.00,,3,,,,3,7.33,,,,7.33,26.95,,,,,,,,,,,,0,,,,,0,,,,,0,,,,,0,,,,,0,,,,,0,0,,,,0
FE021-1G,Bone Collection DINOSAUR STRAP-GREEN,4712818795677,1,,,,19.00,,3,,,,3,7.33,,,,7.33,26.95,,,,,,,,,,,,0,,,,,0,,,,,0,,,,,0,,,,,0,,,,,0,0,,,,0
FE030-1GR,Bone Collection TIGER STRAP-GREY,4712818799231,1,,,,20.00,,3,,,,3,7.33,,,,7.33,26.95,,,,,,,,,,,,0,,,,,0,,,,,0,,,,,0,,,,,0,,,,,0,0,,,,0
FE031-1R,Bone Collection NINJA STRAP-RED,4712818799477,1,,,,16.00,,3,,,,3,7.33,,,,7.33,26.95,,,,,,,,,,,,0,,,,,0,,,,,0,,,,,0,,,,,0,,,,,0,0,,,,0
FE031-1BK,Bone Collection NINJA STRAP-BLACK,4712818799484,1,,,,14.00,,3,,,,3,7.33,,,,7.33,26.95,,,,,,,,,,,,0,,,,,0,,,,,0,,,,,0,,,,,0,,,,,0,0,,,,0
FE036-1G,Bone Collection OWL STRAP-GREEN,4712818799705,1,,,,20.00,,3,,,,3,7.33,,,,7.33,26.95,,,,,,,,,,,,0,,,,,0,,,,,0,,,,,0,,,,,0,,,,,0,0,,,,0
FE038-1BR,Bone Collection DEER STRAP-BROWN,4712818799880,1,,,,19.00,,3,,,,3,7.33,,,,7.33,26.95,,,,,,,,,,,,0,,,,,0,,,,,0,,,,,0,,,,,0,,,,,0,0,,,,0
FE045-BK,Bone Collection CAT STRAP-BLACK,4716076151329,1,,,,21.00,,3,,,,3,7.33,,,,7.33,26.95,,,,,,,,,,,,0,,,,,0,,,,,0,,,,,0,,,,,0,,,,,0,0,,,,0
FE053-BK,Bone Collection Candy Maru Strap-BLACK,4716076154436,1,,,,27.00,,3,,,,3,7.33,,,,7.33,26.95,,,,,,,,,,,,0,,,,,0,,,,,0,,,,,0,,,,,0,,,,,0,0,,,,0
FE059-R,Bone Collection Ninja Wrap-RED,4716076157680,1,,,,83.00,,3,,,,3,7.35,,,,7.35,26.95,,,,,,,,,,,,0,,,,,0,,,,,0,,,,,0,,,,,0,,,,,0,0,,,,0
AP14021-BK     ,Bone Collection LinKey Lightning-BLACK,4716076161304,1,1,,,33.00,,5,2,,,7,25.09,25.09,,,25.09,65.45,59.50,,,,129.00,,,,1,,,1,,7,,,7,,0,,,0,,2,,,2,,0,,,0,,0,,,0,0,0,,,0
LF14062-D,Bone Collection Q Cord Ties-SML(D),4716076161816,1,,,,30.00,,2,,,,2,11.19,,,,11.19,32.45,,,,,,,,,,,,0,,,,,0,,,,,0,,,,,0,,,,,0,1,,,,1,0,,,,0
LF14062-C,Bone Collection Q Cord Ties-SML(C),4716076162028,1,,,,86.00,,2,,,,2,11.19,,,,11.19,32.45,,,,,,,,,,,,0,,,,,0,,,,,0,,,,,0,,,,,0,1,,,,1,0,,,,0
LF16001-PEN,Bone Collection Cord Pocket-Maru Penguin,4716076164176,1,,,,16.00,,3,,,,3,10.81,,,,10.81,32.45,,,,,,,,,,,,0,,,,,0,,,,,0,,,,,0,,,,,0,,,,,0,0,,,,0
LF16001-DUC,Bone Collection Cord Pocket-Patti Duck,4716076164183,1,,,,17.00,,3,,,,3,10.81,,,,10.81,32.45,,,,,,,,,,,,0,,,,,0,,,,,0,,,,,0,,,,,0,,,,,0,0,,,,0
LF16001-DEE,Bone Collection Cord Pocket-Mr. Deer,4716076164190,1,,,,16.00,,3,,,,3,10.81,,,,10.81,32.45,,,,,,,,,,,,0,,,,,0,,,,,0,,,,,0,,,,,0,,,,,0,0,,,,0
LF16301-PEN,Bone Collection Charm Lanyard Plus-Maru Penguin,4716076164534,1,,,,48.00,,5,,,,5,11.19,,,,11.19,32.45,,,,,,,,,,,,0,,,,,0,,,,,0,,,,,0,,,,,0,,,,,0,0,,,,0
LF16301-DUC,Bone Collection Charm Lanyard Plus-Patti Duck,4716076164541,1,,,,49.00,,5,,,,5,11.19,,,,11.19,32.45,,,,,,,,,,,,0,,,,,0,,,,,0,,,,,0,,,,,0,,,,,0,0,,,,0
LF16301-DEE,Bone Collection Charm Lanyard Plus-Mr. Deer,4716076164558,1,,,,45.00,,5,,,,5,11.19,,,,11.19,32.45,,,,,,,,,,,,0,,,,,0,,,,,0,,,,,0,,,,,0,,,,,0,0,,,,0
BK18002-R      ,BONE COLLECTION BIKE TIE PRO 2 RED                                                                            ,4716076166941,,1,1,,2.00,,,35,6,,41,,23.16,23.16,,23.16,,39.50,44.50,,,79.00,89.00,,,,,,0,,,,,0,,,,,0,,,,,0,,,,,0,,0,0,,0,,1,2,,3
BK18002-BK     ,BONE COLLECTION BIKE TIE PRO 2 BLACK                                                                          ,4716076166958,,1,,,1.00,,,6,0,,6,,23.16,23.16,,23.16,,39.50,44.50,,,79.00,89.00,,,,,,0,,,,,0,,,,,0,,,,,0,,,,,0,,0,0,,0,,6,0,,6
BK18002-GR     ,BONE COLLECTION BIKE TIE PRO 2 GREY                                                                           ,4716076166965,,1,1,,1.00,,,29,6,,35,,23.16,23.16,,23.16,,39.50,44.50,,,79.00,89.00,,,,,,0,,,,,0,,,,,0,,,,,0,,,,,0,,2,0,,2,,7,2,,9
DR18041-32BK   ,BONE COLLECTION MARU PENGUIN 16GB USB 3.0                                                                     ,4716076167313,,1,1,,22.00,,,58,25,,83,,38.22,38.22,,38.22,,116.35,58.00,,,189.00,89.00,,,3,,,3,,2,,,2,,2,,,2,,1,,,1,,0,,,0,,4,1,,5,,2,0,,2
DR18043-32BR   ,BONE COLLECTION MR. DEER 16GB USB 3.0                                                                         ,4716076167337,,1,1,,22.00,,,63,25,,88,,38.22,38.22,,38.22,,116.35,58.00,,,189.00,89.00,,,1,,,1,,1,,,1,,0,,,0,,0,,,0,,0,,,0,,5,0,,5,,2,1,,3
PH18501-BK     ,BONE COLLECTION RUN TIE BLACK SMALL                                                                           ,4716076167443,,1,,,31.00,,,2,,,2,,28.95,,,28.95,,69.50,,,,149.00,,,,7,,,7,,6,,,6,,1,,,1,,0,,,0,,1,,,1,,1,,,1,,0,,,0
PH18501-GR     ,BONE COLLECTION RUN TIE GREY S ARMBAND                                                                        ,4716076167450,,1,1,,,,,29,9,,38,,28.95,28.95,,28.95,,44.50,49.50,,,89.00,99.00,,,,,,0,,,,,0,,,,,0,,,,,0,,,,,0,,1,1,,2,,0,0,,0
PH18502-BK     ,BONE COLLECTION RUN TIE BLACK LARGE FOR SMARTPHONES 4-6.5 INCH                                                ,4716076167467,,1,1,,1.00,,,26,5,,31,,28.95,28.95,,28.95,,69.50,49.50,,,149.00,99.00,,,11,,,11,,2,,,2,,6,,,6,,0,,,0,,1,,,1,,2,3,,5,,4,0,,4
PH18502-GR     ,BONE COLLECTION RUN TIE GREY L ARMBAND                                                                        ,4716076167474,,1,1,,10.00,,,49,25,,74,,28.95,28.95,,28.95,,44.50,49.50,,,89.00,99.00,,,,,,0,,,,,0,,,,,0,,,,,0,,,,,0,,4,0,,4,,8,1,,9
PH18081-DEE,Bone Collection Phone Qcase XR-Mr. Deer,4716076167825,1,,,,55.00,,3,,,,3,21.23,,,,21.23,59.95,,,,,,,,,,,,0,,,,,0,,,,,0,,,,,0,,,,,0,,,,,0,0,,,,0
PH18081-DUC,Bone Collection Phone Qcase XR-Patti Duck,4716076167832,1,,,,24.00,,3,,,,3,21.23,,,,21.23,59.95,,,,,,,,,,,,0,,,,,0,,,,,0,,,,,0,,,,,0,,,,,0,0,,,,0
PH18081-CAT,Bone Collection Phone Qcase XR-Miao Cat,4716076167849,1,,,,60.00,,3,,,,3,21.23,,,,21.23,59.95,,,,,,,,,,,,0,,,,,0,,,,,0,,,,,0,,,,,0,,,,,0,0,,,,0
PH18080-DEE    ,Bone Collection Phone Qcase XS Max-Mr. Deer,4716076167856,1,1,1,,2.00,,3,18,16,,37,21.23,21.23,21.23,,21.23,59.95,29.50,34.50,,,59.00,69.00,,,,,,0,,,,,0,,,,,0,,,,,0,,,,,0,,2,1,,3,0,9,3,,12
PH18080-DUC    ,Bone Collection Phone Qcase XS Max-Patti Duck,4716076167863,1,,,,2.00,,3,0,0,,3,21.23,21.23,21.23,,21.23,59.95,29.50,34.50,,,59.00,69.00,,,,,,0,,,,,0,,,,,0,,,,,0,,,,,0,,1,0,,1,0,5,0,,5
PH18080-CAT    ,Bone Collection Phone Qcase XS Max-Miao Cat,4716076167870,1,1,1,,2.00,,1,11,12,,24,21.23,21.23,21.23,,21.23,59.95,29.50,34.50,,,59.00,69.00,,,,,,0,,,,,0,,,,,0,,,,,0,,,,,0,1,4,1,,6,1,8,4,,13
PH18082-PEN    ,Bone Collection Phone Bubble XS-Maru Penguin,4716076167924,1,1,1,,2.00,,3,10,5,,18,22.39,22.39,22.39,,22.39,59.95,29.50,34.50,,,59.00,69.00,,,,,,0,,,,,0,,,,,0,,,,,0,,,,,0,,0,0,,0,0,2,0,,2
PH18082-DEE    ,Bone Collection Phone Bubble XS-Mr. Deer,4716076167931,1,1,1,,2.00,,3,31,18,,52,22.39,22.39,22.39,,22.39,59.95,29.50,34.50,,,59.00,69.00,,,,,,0,,,,,0,,,,,0,,,,,0,,,,,0,,0,0,,0,0,5,0,,5
PH18082-DUC    ,Bone Collection Phone Bubble XS-Patti Duck,4716076167948,1,1,1,,2.00,,3,9,7,,19,22.39,22.39,22.39,,22.39,59.95,29.50,34.50,,,59.00,69.00,,,,,,0,,,,,0,,,,,0,,,,,0,,,,,0,,2,0,,2,0,4,1,,5
PH18082-CAT    ,Bone Collection Phone Bubble XS-Miao Cat,4716076167955,1,1,1,,,,3,24,7,,34,22.39,22.39,22.39,,22.39,59.95,29.50,34.50,,,59.00,69.00,,,,,,0,,,,,0,,,,,0,,,,,0,,,,,0,,1,0,,1,0,7,6,,13
PH18084-DEE    ,Bone Collection Phone Bubble XS Max-Mr. Deer,4716076167979,1,1,1,,3.00,,3,43,25,,71,22.39,22.39,22.39,,22.39,59.95,29.50,34.50,,,59.00,69.00,,,,,,0,,,,,0,,,,,0,,,,,0,,,,,0,,0,0,,0,0,4,1,,5
PH18084-CAT    ,Bone Collection Phone Bubble XS Max-Miao Cat,4716076167993,1,1,1,,10.00,,1,27,18,,46,22.39,22.39,22.39,,22.39,59.95,29.50,34.50,,,59.00,69.00,,,,,,0,,,,,0,,,,,0,,,,,0,2,,,,2,,0,1,,1,1,8,2,,11
LF18091-PEN,Bone Collection Lanyard PhoneTie-Maru Penguin,4716076168280,1,,,,5.00,,3,,,,3,22.00,,,,22.00,59.95,,,,,,,,,,,,0,,,,,0,,,,,0,,,,,0,,,,,0,,,,,0,0,,,,0
LF18091-WH,Bone Collection Lanyard PhoneTie-Original White,4716076168327,1,,,,4.00,,1,,,,1,18.14,,,,18.14,48.95,,,,,,,,,,,,0,,,,,0,,,,,0,,,,,0,,,,,0,2,,,,2,0,,,,0
LF18091-BK,Bone Collection Lanyard PhoneTie-Black,4716076168334,1,,,,1.00,,2,,,,2,18.14,,,,18.14,48.95,,,,,,,,,,,,0,,,,,0,,,,,0,,,,,0,,,,,0,1,,,,1,0,,,,0
PH18101-DEE    ,Bone Collection Phone Qcase XS-Mr. Deer,4716076168341,1,1,1,,4.00,,5,20,18,,43,22.39,22.39,22.39,,22.39,59.95,29.50,34.50,,,59.00,69.00,,,,,,0,,,,,0,,,,,0,,,,,0,,,,,0,3,3,0,,6,,9,2,,11
PH18101-DUC    ,BONE COLLECTION PATTI DUCK QCASE FOR IPHONE XS                                                                ,4716076168358,,1,1,,2.00,,,1,1,,2,,22.39,22.39,,22.39,,29.50,34.50,,,59.00,69.00,,,,,,0,,,,,0,,,,,0,,,,,0,,,,,0,,2,0,,2,,7,1,,8
PH18101-CAT    ,Bone Collection Phone Qcase XS-Miao Cat,4716076168365,1,1,1,,3.00,,2,9,2,,13,22.39,22.39,22.39,,22.39,59.95,29.50,34.50,,,59.00,69.00,,,,,,0,,,,,0,,,,,0,,,,,0,,,,,0,,7,1,,8,1,10,4,,15
SUGENT-NT0S,Baseus 360-degree Rotation Magnetic Mount Holder(Paste type) Silv,6953156245662,1,,,,282.00,Not OK,4,,,,4,7.28,,,,7.28,26.95,,,,,,,,,,,,0,,,,,0,,,,,0,,,,,0,1,,,,1,,,,,0,0,,,,0
SUMQ-01,Baseus Privity Ring Bracket Black,6953156251700,1,,,,93.00,,1,,,,1,6.59,,,,6.59,26.95,,,,,,,,,,,,0,,,,,0,,,,,0,,,,,0,,,,,0,1,,,,1,3,,,,3
SUER-A01       ,BASEUS SMALL EARS MAGNETIC CAR VENT SUCTION BRACKET BLACK                                                     ,6953156253025,,1,1,,174.00,,,8,11,,19,,11.76,11.76,,11.76,,24.50,24.50,,,49.00,49.00,,,3,,,3,,6,9,,15,,11,5,,16,,8,7,,15,,5,5,,10,,15,0,,15,,4,4,,8
SUER-A0S       ,BASEUS SMALL EARS MAGNETIC CAR VENT SUCTION BRACKET ROSE SILVER                                               ,6953156253032,,1,1,,139.00,,,3,8,,11,,12.05,12.05,,12.05,,24.50,24.50,,,49.00,49.00,,,4,,,4,,5,4,,9,,9,5,,14,,10,9,,19,,4,4,,8,,4,1,,5,,0,1,,1
SUER-A0R       ,BASEUS SMALL EARS MAGNETIC CAR VENT SUCTION BRACKET ROSE GOLD                                                 ,6953156253049,,1,,,,,,2,,,2,,11.11,,,11.11,,24.50,,,,49.00,,,,2,,,2,,1,,,1,,1,,,1,,0,,,0,,0,,,0,,1,,,1,,0,,,0
SUER-A0V       ,BASEUS SMALL EARS MAGNETIC CAR VENT SUCTION BRACKET ROSE GOLD                                                 ,6953156253056,,1,,,131.00,Not OK,,2,,,2,,11.11,,,11.11,,24.50,,,,49.00,,,,3,,,3,,0,,,0,,6,,,6,,1,,,1,,0,,,0,,4,,,4,,2,,,2
SUER-B01       ,Baseus Small Ears Series Magnetic Bracket（Vertical type）B,6953156253063,1,1,1,,523.00,,5,12,8,,25,11.53,11.76,11.76,,11.76,32.45,24.50,24.50,,,49.00,49.00,,,12,,,12,,12,8,,20,,16,8,,24,,21,13,,34,,21,4,,25,,11,3,,14,0,6,9,,15
SUER-B0S       ,Baseus Small Ears Series Magnetic Bracket（Vertical type）Si,6953156253070,1,1,1,,,,5,16,16,,37,11.53,11.76,11.76,,11.76,32.45,24.00,24.50,,,49.00,49.00,,,1,,,1,,2,8,,10,,10,5,,15,,5,7,,12,,6,3,,9,,12,3,,15,0,28,3,,31
SUER-B0R       ,BASEUS SMALL EARS VERTICAL MAGNETIC BRACKET ROSE GOLD                                                         ,6953156253087,,,,,4.00,,,0,,,0,,11.76,,,11.76,,24.50,,,,49.00,,,,0,,,0,,3,,,3,,2,,,2,,2,,,2,,0,,,0,,2,,,2,,0,,,0
SUER-B0V       ,BASEUS SMALL EARS VERTICAL MAGNETIC BRACKET ROSE GOLD                                                         ,6953156253094,,1,,,,,,6,,,6,,12.05,,,12.05,,24.50,,,,49.00,,,,5,,,5,,5,,,5,,0,,,0,,9,,,9,,4,,,4,,5,,,5,,6,,,6
SUER-C0V,Baseus Small ears series Magnetic suction bracket（Flat type）,6953156253131,1,,,,8.00,,5,,,,5,7.76,,,,7.76,26.95,,,,,,,,,,,,0,,,,,0,,,,,0,,,,,0,,,,,0,,,,,0,0,,,,0
SUMR-0R,Baseus Multifunctional Ring Bracket Rose Gold,6953156253742,1,,,,5.00,,4,,,,4,3.65,,,,3.65,26.95,,,,,,,,,,,,0,,,,,0,,,,,0,,,,,0,,,,,0,1,,,,1,0,,,,0
SUMR-0V,Baseus Multifunctional Ring Bracket Gold,6953156253759,1,,,,,,4,,,,4,3.65,,,,3.65,26.95,,,,,,,,,,,,0,,,,,0,,,,,0,,,,,0,,,,,0,1,,,,1,0,,,,0
SUMR-01,Baseus Multifunctional Ring Bracket Black,6953156255098,1,,,,134.00,Not OK,1,,,,1,3.66,,,,3.66,26.95,,,,,,,,,,,,0,,,,,0,,,,,0,,,,,0,1,,,,1,1,,,,1,1,,,,1
SUGENT-ATR01   ,BASEUS CURVE MAGNET CAR MOUNT                                                                                 ,6953156255814,,,,,1.00,,,0,0,,0,,11.00,11.00,,11.00,,24.50,24.50,,,49.00,49.00,,,0,,,0,,0,0,,0,,2,0,,2,,0,0,,0,,0,0,,0,,0,0,,0,,0,0,,0
,Baseus Rapid  3-in-1 Cable M+L+Type-C 1.2M Black,6953156256378,,,,1,,,,,,2,2,,,,,0.00,,,,37.5705,,,,69,,,,,0,,,,,0,,,,0,0,,,,0,0,,,,4,4,,,,3,3,,,,1,1
,Baseus Rapid  3-in-1 Cable M+L+Type-C 3A 1.2M Red,6953156256385,,,,1,2.00,,,,,4,4,,,,,0.00,,,,37.5705,,,,69,,,,,0,,,,,0,,,,0,0,,,,1,1,,,,1,1,,,,2,2,,,,2,2
,Baseus Rapid 3-n-1 Cable M+L+Type-C 1.2M Dark Blue,6953156256392,,,,,1.00,,,,,0,0,,,,,0.00,,,,37.5705,,,,69,,,,,0,,,,,0,,,,0,0,,,,2,2,,,,0,0,,,,7,7,,,,1,1
CAMLL-SU09,Baseus Rapid Series 3-in-1 Cable Micro+Dual Lightning 3A 1.2M Red,6953156256415,1,,,,81.00,,3,,,,3,9.66,,,,9.66,37.95,,,,,,,,,,,,0,,,,,0,,,,,0,,,,,0,,,,,0,2,,,,2,0,,,,0
CAM30-A91,Baseus Yiven Audio Cable 3.5 male Audio M30  0.5M Red+ Black,6953156257153,1,,,,3.00,,5,,,,5,4.81,,,,4.81,26.95,,,,,,,,,,,,0,,,,,0,,,,,0,,,,,0,,,,,0,,,,,0,0,,,,0
CAM30-B91,Baseus Yiven Audio Cable 3.5 male Audio M30 1M Red+ Black,6953156257177,1,,,,49.00,,5,,,,5,5.49,,,,5.49,26.95,,,,,,,,,,,,0,,,,,0,,,,,0,,,,,0,,,,,0,,,,,0,0,,,,0
CAM30-BS1,Baseus Yiven Audio Cable 3.5 male Audio M30 1M Silver+ Black,6953156257184,,,,,1.00,,0,,,,0,5.46,,,,5.46,26.95,,,,,,,,,,,,0,,,,,0,,,,,0,,,,,0,,,,,0,2,,,,2,3,,,,3
CATSX-D0G      ,Baseu Enjoyment Type-C to HDMI+USB HUB  Gray,6953156258396,,,,1,4.00,,,0,,2,2,,61.00,,,61.00,,124.50,,146.4705,,259.00,,269,,0,,,0,,0,,,0,,0,,0,0,,0,,0,0,,0,,0,0,,0,,0,0,,0,,0,0
,Baseus Enjoyment  Type-C to VGA+ USB 3.0  HUB Gray,6953156258402,,,,1,,,,,,3,3,,,,,0.00,,,,64.7955,,,,119,,,,,0,,,,,0,,,,0,0,,,,0,0,,,,0,0,,,,0,0,,,,0,0
NGA02-03,Baseus Encok Mini Wireless Earphone A02 Blue,6953156259133,1,,,,27.00,,1,,,,1,20.21,,,,20.21,48.95,,,,,,,,,,,,0,,,,,0,,,,,0,,,,,0,1,,,,1,,,,,0,0,,,,0
NGA02-0V,Baseus Encok Mini Wireless Earphone A02 Gold,6953156259157,1,,,,,,3,,,,3,19.42,,,,19.42,48.95,,,,,,,,,,,,0,,,,,0,,,,,0,,,,,0,1,,,,1,2,,,,2,0,,,,0
NGA02-0A,Baseus Encok Mini Wireless Earphone A02 Tarnish,6953156259164,1,,,,,,1,,,,1,19.42,,,,19.42,48.95,,,,,,,,,,,,0,,,,,0,,,,,0,,,,,0,2,,,,2,,,,,0,1,,,,1
SUER-A09       ,BASEUS SMALL EARS MAGNETIC CAR VENT SUCTION BRACKET ROSE RED                                                  ,6953156259362,,1,,,38.00,,,1,,,1,,11.11,,,11.11,,24.50,,,,49.00,,,,1,,,1,,2,,,2,,0,,,0,,0,,,0,,2,,,2,,1,,,1,,0,,,0
SUER-B09       ,BASEUS SMALL EARS VERTICAL MAGNETIC BRACKET ROSE RED                                                          ,6953156259379,,,,,1.00,,,0,,,0,,11.76,,,11.76,,24.50,,,,49.00,,,,4,,,4,,2,,,2,,7,,,7,,2,,,2,,0,,,0,,0,,,0,,0,,,0
SUPMD-01,Baseus Symbol Ring Bracket Black,6953156259706,1,,,1,7.00,,4,,,4,8,7.19,,,,7.19,32.45,,,32.1255,,,,59,,,,,0,,,,,0,,,,0,0,,,,1,1,,,,0,0,1,,,1,2,0,,,0,0
SUPMD-03,Baseus Symbol Ring Bracket Blue,6953156259713,1,,,1,33.00,,5,,,6,11,7.19,,,,7.19,32.45,,,32.1255,,,,59,,,,,0,,,,,0,,,,0,0,,,,0,0,,,,0,0,,,,0,0,0,,,0,0
,Baseus Symbol Ring Bracket Red,6953156259720,,,,1,25.00,,,,,6,6,,,,,0.00,,,,32.1255,,,,59,,,,,0,,,,,0,,,,0,0,,,,0,0,,,,0,0,,,,0,0,,,,0,0
,Baseus Symbol Ring Bracket Glod,6953156259737,,,,1,46.00,,,,,5,5,,,,,0.00,,,,32.1255,,,,59,,,,,0,,,,,0,,,,0,0,,,,1,1,,,,0,0,,,,0,0,,,,0,0
SUHS-DP01      ,BASEUS DOUBLE CLIP HORIZONTAL VEHICLE MOUNT BLACK                                                             ,6953156259850,,,1,,6.00,,,0,16,,16,,13.48,13.48,,13.48,,29.50,29.50,,,59.00,59.00,,,5,,,5,,1,10,,11,,4,2,,6,,1,3,,4,,0,1,,1,,0,2,,2,,0,2,,2
SUHS-DP0S      ,BASEUS DOUBLE CLIP HORIZONTAL VEHICLE MOUNT SILVER                                                            ,6953156259867,,,,,,,,0,,,0,,13.51,,,13.51,,29.50,,,,59.00,,,,3,,,3,,2,,,2,,0,,,0,,0,,,0,,0,,,0,,0,,,0,,0,,,0
SUGX-A01       ,BASEUS MAGNETIC AIR VENT CAR MOUNT HOLDER WITH CABLE CLIP BLACK                                               ,6953156260573,,,,,81.00,,,0,,,0,,12.05,,,12.05,,29.50,,,,59.00,,,,0,,,0,,0,,,0,,0,,,0,,0,,,0,,0,,,0,,0,,,0,,0,,,0
SUGX-A0V       ,BASEUS MAGNETIC AIR VENT CAR MOUNT HOLDER WITH CABLE CLIP GOLD                                                ,6953156260580,,,,,11.00,,,0,,,0,,11.76,,,11.76,,29.50,,,,59.00,,,,0,,,0,,0,,,0,,0,,,0,,0,,,0,,0,,,0,,0,,,0,,0,,,0
SUGX-A09       ,BASEUS MAGNETIC AIR VENT CAR MOUNT HOLDER WITH CABLE CLIP RED                                                 ,6953156260597,,,,,100.00,,,0,,,0,,11.65,,,11.65,,29.50,,,,59.00,,,,0,,,0,,0,,,0,,0,,,0,,0,,,0,,0,,,0,,0,,,0,,0,,,0
SUGX-A0S       ,Baseus Magnetic Air Vent Car Mount Holder with cable clip Silver,6953156260603,1,,,,61.00,,4,0,,,4,11.40,11.70,,,11.70,37.95,24.50,,,,49.00,,,,0,,,0,,0,,,0,,0,,,0,,0,,,0,1,0,,,1,,0,,,0,0,0,,,0
SUHZ-01        ,BASEUS BACK SEAT CAR MOUNT BLACK                                                                              ,6953156261358,,1,1,,10.00,,,8,13,,21,,14.00,14.00,,14.00,,35.00,39.50,,,73.00,79.00,,,,,,0,,,,,0,,,,,0,,0,0,,0,,2,0,,2,,14,0,,14,,16,2,,18
SUHZ-2S        ,BASEUS BACK SEAT CAR MOUNT SILVER                                                                             ,6953156261365,,,,,1.00,,,0,0,,0,,14.00,14.00,,14.00,,35.00,39.50,,,73.00,79.00,,,,,,0,,,,,0,,,,,0,,0,0,,0,,0,0,,0,,0,0,,0,,0,0,,0
SUHZ-91,Baseus Back Seat Car Mount Holder Black+Red,6953156261372,1,,,,,,2,,,,2,,,,,0.00,37.95,,,,,,,,,,,,0,,,,,0,,,,,0,,,,,0,,,,,0,,,,,0,0,,,,0
,Baseus Cross Peas Cable Clip Black,6953156261389,,,,1,4.00,,,,,5,5,,,,,0.00,,,,26.6805,,,,49,,,,,0,,,,,0,,,,0,0,,,,0,0,,,,0,0,,,,0,0,,,,0,0
CATCY-B0G      ,BASEUS TYPE C TO HDMI JOINT ADAPTER CABLE 1.8M DARK GREY                                                      ,6953156261631,,1,,,1.00,,,1,,,1,,65.00,,,65.00,,129.50,,,,269.00,,,,1,,,1,,0,,,0,,0,,,0,,0,,,0,,0,,,0,,0,,,0,,0,,,0
,Baseus iP Male to iP+iP Female Adapter L37 Black,6953156262522,,,,1,56.00,,,,,2,2,,,,,0.00,,,,64.7955,,,,119,,,,,0,,,,,0,,,,1,1,,,,0,0,,,,0,0,,,,0,0,,,,0,0
,Baseus Enjoyment  USB to 3xUSB3.0  Dark gray,6953156262751,,,,1,1.00,,,,,3,3,,,,,0.00,,,,53.9055,,,,99,,,,,0,,,,,0,,,,0,0,,,,0,0,,,,0,0,,,,0,0,,,,0,0
,Baseus Thin QC30 display Power bank 10000mAh Black,6953156263178,,,,1,63.00,,,,,3,3,,,,,0.00,,,,119.2455,,,,219,,,,,0,,,,,0,,,,0,0,,,,0,0,,,,0,0,,,,0,0,,,,0,0
,Baseus Thin display Power bank 10000mAh Red,6953156263192,,,,,35.00,,,,,0,0,,,,,0.00,,,,119.2455,,,,219,,,,,0,,,,,0,,,,0,0,,,,0,0,,,,1,1,,,,0,0,,,,0,0
,Baseus wheel Ring Bracket Black+Silver,6953156263383,,,,1,,,,,,4,4,,,,,0.00,,,,32.1255,,,,59,,,,,0,,,,,0,,,,5,5,,,,0,0,,,,0,0,,,,0,0,,,,1,1
,Baseus wheel Ring Bracket B+S,6953156263390,,,,1,6.00,,,,,5,5,,,,,0.00,,,,32.1255,,,,59,,,,,0,,,,,0,,,,1,1,,,,0,0,,,,3,3,,,,0,0,,,,1,1
,Baseus Encok Neck Hung Bluetooth  S16  Black,6953156264489,,,,1,6.00,,,,,3,3,,,,,0.00,,,,124.6905,,,,219,,,,,0,,,,,0,,,,0,0,,,,0,0,,,,0,0,,,,0,0,,,,0,0
,Baseus Encok Neck Hung Bluetooth  S16  White,6953156264496,,,,1,39.00,,,,,3,3,,,,,0.00,,,,119.2455,,,,219,,,,,0,,,,,0,,,,0,0,,,,0,0,,,,0,0,,,,0,0,,,,0,0
NGS16-06       ,BASEUS ENCOK NECK HUNG BLUETOOTH EARPHONES S16 GREEN                                                          ,6953156264502,,,,,52.00,,,0,,,0,,46.37,,,46.37,,99.50,,,,209.00,,,,0,,,0,,0,,,0,,0,,,0,,0,,,0,,0,,,0,,0,,,0,,0,,,0
NGS16-09       ,Baseus Encok Neck Hung Bluetooth Earphone S16  Red,6953156264519,,,,1,1.00,,,0,,1,1,,46.64,,,46.64,,99.50,,119.2455,,209.00,,219,,0,,,0,,0,,,0,,0,,2,2,,0,,0,0,,0,,0,0,,0,,0,0,,0,,0,0
SGAPIPHX-TZ01  ,BASEUS GLASS FILM SET BLACK FOR IPHONE X                                                                      ,6953156265608,,1,,,272.00,Not OK,,17,,,17,,11.77,,,11.77,,49.50,,,,109.00,,,,0,,,0,,1,,,1,,14,,,14,,14,,,14,,6,,,6,,15,,,15,,2,,,2
ACAPIPH-EA9    ,BASEUS RED-HAT TYPE-C 32GB USB FLASH DISK                                                                     ,6953156267503,,1,,,36.00,,,1,,,1,,47.30,,,47.30,,104.50,,,,219.00,,,,2,,,2,,0,,,0,,0,,,0,,0,,,0,,1,,,1,,0,,,0,,0,,,0
CAMLT-FW09,Baseus Rapid Series 3-in-1 cable 1.2m For IP+Micro+Type-C Red,6953156268074,1,,,,6.00,,4,,,,4,15.09,,,,15.09,37.95,,,,,,,,,,,,0,,,,,0,,,,,0,,,,,0,,,,,0,,,,,0,1,,,,1
,Baseus Type-C Male To Type-C Female +3.5 L40 Black,6953156269323,,,,1,90.00,,,,,2,2,,,,,0.00,,,,37.5705,,,,69,,,,,0,,,,,0,,,,1,1,,,,0,0,,,,0,0,,,,0,0,,,,0,0
,Baseus Type-C Male To Type-C  +3.5 L40 Sil+ Black,6953156269330,,,,1,97.00,,,,,3,3,,,,,0.00,,,,37.5705,,,,69,,,,,0,,,,,0,,,,0,0,,,,0,0,,,,0,0,,,,0,0,,,,0,0
,Baseus Encok Wireless Headphone D01 red,6953156269873,,,,1,9.00,,,,,1,1,,,,,0.00,,,,113.8005,,,,209,,,,,0,,,,,0,,,,0,0,,,,1,1,,,,0,0,,,,1,1,,,,0,0
,Baseus Encok Wireless Headphone D01 Blush gold,6953156269880,,,,1,2.00,,,,,1,1,,,,,0.00,,,,113.8005,,,,209,,,,,0,,,,,0,,,,0,0,,,,0,0,,,,0,0,,,,1,1,,,,1,1
,Baseus Encok Wireless Headphone D01 Tarnish,6953156269897,,,,1,13.00,,,,,2,2,,,,,0.00,,,,113.8005,,,,209,,,,,0,,,,,0,,,,0,0,,,,0,0,,,,0,0,,,,0,0,,,,1,1
ACAPIPHX-BJ01  ,BASEUS PLAID BLACK 3500MAH POWER BANK FOR IPHONE X                                                            ,6953156270640,,,1,,30.00,,,0,8,,8,,46.78,46.78,,46.78,,89.50,94.50,,,189.00,189.00,,,5,,,5,,2,16,,18,,0,7,,7,,0,15,,15,,0,6,,6,,0,5,,5,,0,7,,7
CATSY-0G       ,BASEUS TYPE-C MALE TO HDMI MALE 4K HD ADAPTER CABLE 1.8M                                                      ,6953156270954,,1,,,15.00,,,1,,,1,,40.99,,,40.99,,89.50,,,,189.00,,,,3,,,3,,2,,,2,,4,,,4,,0,,,0,,1,,,1,,0,,,0,,0,,,0
CATSX-F0G      ,BASEUS 10-IN-1 HUB ADAPTER                                                                                    ,6953156270961,,,,,19.00,,,0,,,0,,161.91,,,161.91,,344.50,,,,719.00,,,,1,,,1,,1,,,1,,1,,,1,,0,,,0,,0,,,0,,0,,,0,,0,,,0
PPKC-A01       ,Baseus Quick Charge Power Bank(20000 mAh Black,6953156271197,,1,,1,40.00,,,11,,3,14,,61.89,,,61.89,,119.50,,141.0255,,249.00,,259,,1,,,1,,0,,,0,,0,,0,0,,4,,1,5,,5,,0,5,,5,,1,6,,7,,0,7
PPKC-A02       ,Baseus Quick Charge Power Bank(20000 mAhWhite,6953156271203,,1,,1,33.00,,,3,,4,7,,63.40,,,63.40,,119.50,,141.0255,,249.00,,259,,0,,,0,,0,,,0,,1,,0,1,,1,,1,2,,4,,0,4,,4,,0,4,,3,,0,3
PPKC-A09       ,Baseus Quick Charge Power Bank(20000 mAhRed,6953156271210,,,,1,27.00,,,0,,2,2,,63.40,,,63.40,,119.50,,141.0255,,249.00,,259,,0,,,0,,0,,,0,,2,,3,5,,1,,0,1,,2,,0,2,,1,,0,1,,0,,0,0
NGS07-01       ,BASEUS ENCOK BLACK SPORTS WIRELESS IN-EAR EARPHONES S07                                                       ,6953156271357,,1,,,34.00,,,5,,,5,,27.24,,,27.24,,49.50,,,,99.00,,,,0,,,0,,1,,,1,,0,,,0,,0,,,0,,0,,,0,,0,,,0,,0,,,0
NGS07-S9       ,BASEUS ENCOK SILVER/RED SPORTS WIRELESS IN-EAR EARPHONES S07                                                  ,6953156271364,,,,,20.00,,,0,,,0,,27.24,,,27.24,,49.50,,,,99.00,,,,0,,,0,,0,,,0,,0,,,0,,0,,,0,,0,,,0,,0,,,0,,0,,,0
NGS07-19       ,BASEUS ENCOK RED/BLACK SPORTS WIRELESS IN-EAR EARPHONES S07                                                   ,6953156271371,,,,,,,,0,,,0,,26.99,,,26.99,,49.50,,,,99.00,,,,0,,,0,,0,,,0,,0,,,0,,0,,,0,,0,,,0,,0,,,0,,0,,,0
WXJS-A1        ,BASEUS METAL WIRELESS CHARGER TARNISH/BLACK                                                                   ,6953156271685,,,,,47.00,,,0,,,0,,31.09,,,31.09,,79.50,,,,169.00,,,,0,,,0,,1,,,1,,0,,,0,,0,,,0,,0,,,0,,0,,,0,,0,,,0
WXJS-S2        ,BASEUS METAL WIRELESS CHARGER SILVER/WHITE                                                                    ,6953156271692,,,,,60.00,,,0,,,0,,31.03,,,31.03,,79.50,,,,169.00,,,,1,,,1,,0,,,0,,0,,,0,,0,,,0,,0,,,0,,0,,,0,,0,,,0
WXYL-A01       ,Baseus Osculum Wireless Gravity Car Charger,6953156271791,1,1,1,,119.00,,5,24,16,,45,29.11,37.13,37.13,,37.13,87.45,74.50,79.50,,,156.00,159.00,,,,,,0,,,,,0,,,,,0,,8,0,,8,,16,0,,16,,9,2,,11,0,12,2,,14
,Baseus Encok Headphone Holder DB01,6953156271807,,,,1,32.00,,,,,5,5,,,,,0.00,,,,53.9055,,,,99,,,,,0,,,,,0,,,,0,0,,,,0,0,,,,0,0,,,,0,0,,,,0,0
ACAPIPHX-ABJ01 ,BASEUS 1+1 BLACK WIRELESS CHARGE 5000MAH POWER BANK FOR IPHONE XS/X                                           ,6953156272668,,,,,,,,0,,,0,,63.54,,,63.54,,119.50,,,,249.00,,,,3,,,3,,1,,,1,,1,,,1,,2,,,2,,0,,,0,,0,,,0,,0,,,0
CCALL-JK01     ,Baseus Simple Wireless Charger Black,6953156272965,1,,,,4.00,,3,0,,,3,25.97,25.97,,,25.97,70.95,54.50,,,,119.00,,,,1,,,1,,1,,,1,,3,,,3,,0,,,0,,0,,,0,,0,,,0,0,0,,,0
CCALL-JK02     ,BASEUS SIMPLE WIRELESS CHARGER WHITE                                                                          ,6953156272972,,1,,,13.00,,,1,,,1,,25.65,,,25.65,,54.50,,,,119.00,,,,3,,,3,,0,,,0,,1,,,1,,0,,,0,,0,,,0,,0,,,0,,0,,,0
PPALL-EX01     ,BASEUS DUAL OUTPUT WIRELESS CHARGE POWER BANK 8000MAH BLACK                                                   ,6953156273016,,,,,2.00,,,0,,,0,,43.38,,,43.38,,79.50,,,,169.00,,,,4,,,4,,3,,,3,,4,,,4,,9,,,9,,0,,,0,,0,,,0,,2,,,2
PPALL-EX09     ,Baseus full screen bracket wireless charge Power Bank 8000mAh red,6953156273023,1,1,,,,,2,4,,,6,,43.13,,,43.13,98.45,79.50,,,,169.00,,,,1,,,1,,1,,,1,,5,,,5,,1,,,1,,0,,,0,,1,,,1,0,0,,,0
ACCHZ-01       ,Baseus Rotation Type Universal Charger Black,6953156273030,1,1,1,,60.00,,5,12,3,,20,24.31,25.36,25.36,,25.36,65.45,49.50,54.50,,,109.00,109.00,,,4,,,4,,3,1,,4,,2,5,,7,,10,1,,11,,5,2,,7,,11,0,,11,0,9,1,,10
SUYZD-01       ,BASEUS BULLET ON-BOARD CAR MAGNETIC BRACKET BLACK                                                             ,6953156273085,,1,1,,777.00,,,31,18,,49,,13.62,13.62,,13.62,,34.50,34.50,,,69.00,69.00,,,11,,,11,,11,13,,24,,19,11,,30,,26,11,,37,,28,9,,37,,23,11,,34,,30,12,,42
SUYZD-09       ,BASEUS BULLET ON-BOARD CAR MAGNETIC BRACKET RED                                                               ,6953156273092,,1,1,,15.00,,,16,7,,23,,13.95,13.95,,13.95,,34.50,34.50,,,69.00,69.00,,,8,,,8,,2,4,,6,,5,7,,12,,8,4,,12,,6,6,,12,,5,1,,6,,9,4,,13
SUYZD-0S       ,BASEUS BULLET ON-BOARD CAR MAGNETIC BRACKET SILVER                                                            ,6953156273108,,1,1,,264.00,,,33,16,,49,,13.95,13.95,,13.95,,34.50,34.50,,,69.00,69.00,,,11,,,11,,4,12,,16,,22,5,,27,,18,12,,30,,9,3,,12,,8,4,,12,,14,15,,29
PPALL-PX01     ,Baseus Parallel line portable version Power Bank 10000mAh Black,6953156273665,1,,,1,18.00,,5,0,,2,7,26.90,26.90,,,26.90,76.45,59.50,,75.6855,,129.00,,139,,2,,,2,,0,,,0,,0,,0,0,,4,,0,4,,1,,0,1,,1,,1,2,0,0,,0,0
PPALL-PX02     ,Baseus Parallel line  Power Bank 10000mAh White,6953156273672,,1,,1,13.00,,,9,,1,10,,26.90,,,26.90,,59.50,,75.6855,,129.00,,139,,0,,,0,,1,,,1,,7,,0,7,,5,,0,5,,9,,0,9,,5,,0,5,,5,,1,6
PPALL-PX03     ,Baseus Parallel line  Power Bank 10000mAh Blue,6953156273689,,,,1,31.00,,,0,,1,1,,26.96,,,26.96,,59.50,,75.6855,,129.00,,139,,0,,,0,,0,,,0,,0,,0,0,,0,,0,0,,0,,0,0,,0,,2,2,,0,,0,0
CCALL-AJK01    ,BASEUS SIMPLE WIRELESS CHARGER TRANSPARENT                                                                    ,6953156273825,,,,,9.00,,,0,,,0,,24.62,,,24.62,,54.50,,,,119.00,,,,1,,,1,,2,,,2,,2,,,2,,0,,,0,,0,,,0,,0,,,0,,0,,,0
NGW02-01       ,Baseus Encok W02 TWS Truly Wireless headset Black,6953156273887,1,1,1,,4.00,,2,7,8,,17,53.34,57.06,57.06,,57.06,120.45,104.50,109.50,,,219.00,219.00,,,10,,,10,,4,4,,8,,11,10,,21,,5,3,,8,,7,2,,9,3,1,6,,10,1,3,6,,10
NGW02-02       ,BASEUS ENCOK W02 TWS TRULY WIRELESS HEADSET WHITE                                                             ,6953156273894,,1,1,,51.00,,,6,11,,17,,53.97,53.97,,53.97,,104.50,109.50,,,219.00,219.00,,,3,,,3,,4,3,,7,,4,7,,11,,4,3,,7,,1,3,,4,,1,2,,3,,0,5,,5
CAMLT-ASY01,Baseus Three Primary Colors 3-in-1 Cable USB For M+L+T 3.5A 30C,6953156273931,1,,,,91.00,,2,,,0,2,7.99,,,,7.99,32.45,,,32.1255,,,,59,,,,,0,,,,,0,,,,1,1,,,,1,1,1,,,2,3,1,,,3,4,1,,,0,1
CALXD-A01,Baseus X-type Light Cable For Lightning 2A 0.5M Black,6953156274778,1,,,,19.00,,5,,,0,5,7.85,,,,7.85,32.45,,,32.1255,,,,59,,,,,0,,,,,0,,,,1,1,,,,1,1,,,,1,1,,,,2,2,0,,,0,0
,Baseus X-type  Cable For Lightning 2.4A .5M Purple,6953156274785,,,,,32.00,,,,,0,0,,,,,0.00,,,,32.1255,,,,59,,,,,0,,,,,0,,,,0,0,,,,0,0,,,,2,2,,,,2,2,,,,1,1
CALXD-A09,Baseus X-type Light Cable For Lightning 2.4A 0.5M Red,6953156274792,1,,,,25.00,,2,,,0,2,7.85,,,,7.85,32.45,,,32.1255,,,,59,,,,,0,,,,,0,,,,0,0,,,,0,0,,,,0,0,1,,,3,4,2,,,2,4
PPALL-QY01     ,BASEUS THIN WIRELESS CHARGE 10000MAH POWER BANK BLACK                                                         ,6953156275188,,1,,,3.00,,,3,,,3,,50.97,,,50.97,,109.50,,,,229.00,,,,0,,,0,,1,,,1,,2,,,2,,0,,,0,,0,,,0,,0,,,0,,0,,,0
PPALL-QY02     ,BASEUS THIN WIRELESS CHARGE 10000 MAH POWER BANK WHITE                                                        ,6953156275195,,1,,,,,,2,,,2,,49.81,,,49.81,,109.50,,,,229.00,,,,0,,,0,,0,,,0,,5,,,5,,6,,,6,,6,,,6,,4,,,4,,4,,,4
PPALL-QY04     ,BASEUS THIN WIRELESS CHARGE 10000MAH POWER BANK PINK                                                          ,6953156275201,,1,,,23.00,,,1,,,1,,49.81,,,49.81,,109.50,,,,229.00,,,,0,,,0,,0,,,0,,0,,,0,,0,,,0,,0,,,0,,0,,,0,,0,,,0
WXHSG-01       ,Baseus Silicone Horizontal Desktop Wireless Charger Black,6953156275515,1,,,,30.00,,3,0,,,3,28.72,28.72,,,28.72,76.45,59.50,,,,129.00,,,,0,,,0,,0,,,0,,0,,,0,,0,,,0,,0,,,0,,0,,,0,0,0,,,0
WXHSG-02       ,BASEUS SILCIONE HORIZONTAL DESKTOP WIRELESS CHARGER WHITE                                                     ,6953156275522,,,,,39.00,,,0,,,0,,28.72,,,28.72,,59.50,,,,129.00,,,,0,,,0,,1,,,1,,0,,,0,,0,,,0,,0,,,0,,0,,,0,,0,,,0
,Baseus Encok S10 Dual Dynamic Bluetooth  White,6953156275614,,,,1,26.00,,,,,3,3,,,,,0.00,,,,124.6905,,,,229,,,,,0,,,,,0,,,,0,0,,,,0,0,,,,0,0,,,,0,0,,,,0,0
,Baseus Encok S10 Dual Dynamic Bluetooth  Red,6953156275621,,,,1,6.00,,,,,2,2,,,,,0.00,,,,124.6905,,,,229,,,,,0,,,,,0,,,,0,0,,,,0,0,,,,0,0,,,,0,0,,,,1,1
WXXHJ-B01      ,Baseus Dual Wireless Charger Black,6953156276390,1,,,,6.00,,5,0,,,5,77.21,77.21,,,77.21,164.45,139.50,,,,289.00,,,,5,,,5,,1,,,1,,3,,,3,,0,,,0,,0,,,0,,0,,,0,0,0,,,0
WXXHJ-B0S      ,Baseus Dual Wireless Charger Silver,6953156276406,1,1,,,,,5,15,,,20,76.08,76.08,,,76.08,164.45,139.50,,,,289.00,,,,0,,,0,,0,,,0,,4,,,4,,8,,,8,,7,,,7,,12,,,12,,0,,,0
CCALL-RH01     ,BASEUS LOCOMOTIVE BLUETOOTH MP3 VEHICLE CHARGER BLACK                                                         ,6953156276413,,1,1,,5.00,,,3,19,,22,,24.73,24.73,,24.73,,44.50,49.50,,,99.00,99.00,,,12,,,12,,8,11,,19,,13,6,,19,,3,6,,9,,3,5,,8,,3,1,,4,,1,13,,14
CAHUB-B0G      ,BASEUS THUNDERBOLT C+ DUAL TYPE-C TO USB3.0/HDMI/TYPE-C FEMALE HUB CONVERTER DEEP SPACE GRAY                  ,6953156276420,,1,,,20.00,,,1,,,1,,79.89,,,79.89,,169.50,,,,359.00,,,,5,,,5,,1,,,1,,3,,,3,,2,,,2,,6,,,6,,0,,,0,,0,,,0
SUJX-01        ,BASEUS GOLD AROMATIZING AIR VENT CAR MOUNT                                                                    ,6953156276468,,,,,,,,0,,,0,,22.00,,,22.00,,44.50,,,,99.00,,,,3,,,3,,1,,,1,,2,,,2,,0,,,0,,0,,,0,,0,,,0,,0,,,0
ACSR-MS01      ,BASEUS MAGIC MONSTER GAMEPAD STYLE POWER BANK 2000MAH                                                         ,6953156276673,,,,,,,,0,0,,0,,24.14,24.14,,24.14,,49.50,54.50,,,109.00,109.00,,,7,,,7,,2,0,,2,,6,0,,6,,4,0,,4,,3,0,,3,,2,0,,2,,0,0,,0
,Baseus Dual Wireless Plastic Style Charger Black,6953156276895,,,,1,,,,,,2,2,,,,,0.00,,,,151.9155,,,,279,,,,,0,,,,,0,,,,0,0,,,,1,1,,,,0,0,,,,0,0,,,,0,0
,Baseus Dual Wireless Plastic Style Charger White,6953156276901,,,,1,3.00,,,,,3,3,,,,,0.00,,,,151.9155,,,,279,,,,,0,,,,,0,,,,0,0,,,,0,0,,,,0,0,,,,0,0,,,,0,0
SUBR-08,Baseus Bear Finger Metal Ring Grip Stand Holder Brown,6953156277304,1,,,1,,,3,,,6,9,6.49,,,,6.49,26.95,,,26.6805,,,,49,,,,,0,,,,,0,,,,0,0,,,,0,0,,,,0,0,,,,0,0,1,,,0,1
,Baseus Bear Finger Metal Ring Grip  Red,6953156277311,,,,1,2.00,,,,,6,6,,,,,0.00,,,,26.6805,,,,49,,,,,0,,,,,0,,,,0,0,,,,0,0,,,,0,0,,,,0,0,,,,0,0
,Baseus Fish eye Spring Data Cable Black,6953156277397,,,,1,4.00,,,,,2,2,,,,,0.00,,,,37.5705,,,,69,,,,,0,,,,,0,,,,0,0,,,,0,0,,,,1,1,,,,2,2,,,,0,0
,Baseus Fish eye Spring Data Cable Red,6953156277403,,,,,88.00,,,,,0,0,,,,,0.00,,,,37.5705,,,,69,,,,,0,,,,,0,,,,2,2,,,,1,1,,,,0,0,,,,0,0,,,,2,2
SGAPIPHX-RA01  ,BASEUS DROP-PROOF CURVED FULL SCREEN TEMPERED GLASS BLACK FOR IPHONE X                                        ,6953156277526,,1,,,44.00,,,2,,,2,,7.44,,,7.44,,44.50,,,,99.00,,,,4,,,4,,12,,,12,,26,,,26,,16,,,16,,3,,,3,,2,,,2,,1,,,1
CAMLT-PY09,Baseus Data Faction 3-in-1 Cable USB For M+L+T 3.5A 1.2M Red,6953156277618,1,,,,,,3,,,,3,10.98,,,,10.98,37.95,,,,,,,,,,,,0,,,,,0,,,,,0,,,,,0,1,,,,1,,,,,0,1,,,,1
WXBV-01        ,BASEUS BV WIRELESS CHARGER BLACK                                                                              ,6953156277953,,,,,25.00,,,0,,,0,,20.21,,,20.21,,44.50,,,,99.00,,,,2,,,2,,1,,,1,,3,,,3,,0,,,0,,0,,,0,,0,,,0,,0,,,0
WXBV-02        ,BASEUS BV WIRELESS CHARGER WHITE                                                                              ,6953156277960,,,,,52.00,,,0,,,0,,20.25,,,20.25,,44.50,,,,99.00,,,,0,,,0,,0,,,0,,3,,,3,,0,,,0,,0,,,0,,0,,,0,,0,,,0
WXBV-03        ,BASEUS BV WIRELESS CHARGER BLUE                                                                               ,6953156277977,,,,,,,,0,,,0,,20.25,,,20.25,,44.50,,,,99.00,,,,0,,,0,,0,,,0,,0,,,0,,0,,,0,,0,,,0,,0,,,0,,0,,,0
CA1T4-B01,Baseus Fast 4-in-1 Cable For lightning+Type-C(2)+Micro 3.5A 1.2M B,6953156278493,1,,,,97.00,,4,,,,4,10.86,,,,10.86,37.95,,,,,,,,,,,,0,,,,,0,,,,,0,,,,,0,,,,,0,,,,,0,1,,,,1
ACDKQ-HG01     ,BASEUS PENDANT CARD READER BLACK                                                                              ,6953156278523,,,,,1.00,,,0,,,0,,17.55,,,17.55,,39.50,,,,79.00,,,,0,,,0,,0,,,0,,0,,,0,,0,,,0,,0,,,0,,0,,,0,,0,,,0
ACDKQ-HG0S     ,BASEUS PENDANT CARD READER SILVER                                                                             ,6953156278530,,,,,,,,0,,,0,,17.55,,,17.55,,39.50,,,,79.00,,,,0,,,0,,0,,,0,,0,,,0,,0,,,0,,0,,,0,,0,,,0,,0,,,0
ACBZ-AP01      ,BASEUS AP PENCIL SILICONE CHARGING STAND FOR APPLE PENCIL BLACK                                               ,6953156278547,,1,,,97.00,,,3,,,3,,9.37,,,9.37,,24.50,,,,49.00,,,,1,,,1,,0,,,0,,1,,,1,,0,,,0,,1,,,1,,0,,,0,,0,,,0
ACBZ-AP09      ,BASEUS AP PENCIL SILICONE CHARGING STAND FOR APPLE PENCIL RED                                                 ,6953156278554,,1,,,70.00,,,3,,,3,,9.37,,,9.37,,24.50,,,,49.00,,,,0,,,0,,0,,,0,,1,,,1,,1,,,1,,0,,,0,,0,,,0,,0,,,0
ACBZ-AP0G      ,BASEUS AP PENCIL SILICONE CHARGING STAND FOR APPLE PENCIL GREY                                                ,6953156278561,,,,,65.00,,,0,,,0,,9.37,,,9.37,,24.50,,,,49.00,,,,1,,,1,,1,,,1,,0,,,0,,0,,,0,,0,,,0,,0,,,0,,0,,,0
CATL45-01      ,BASEUS AUDIO CONVERTER CATL45                                                                                 ,6953156278585,,1,,,2.00,,,19,0,,19,,9.66,9.66,,9.66,,29.50,34.50,,,62.00,69.00,,,,,,0,,,,,0,,,,,0,,2,0,,2,,13,0,,13,,8,0,,8,,8,0,,8
,Baseus Cube USB to USB3.0*+USB2.0*2 HUB  Dark gray,6953156278615,,,,1,13.00,,,,,2,2,,,,,0.00,,,,70.2405,,,,129,,,,,0,,,,,0,,,,0,0,,,,1,1,,,,0,0,,,,1,1,,,,1,1
CAHUB-D0G      ,BASEUS CUBE TYPE-C TO USB3.0X3+USB2.0X2 HUB ADAPTER DARK GRAY                                                 ,6953156278622,,,1,,1.00,,,0,5,,5,,27.00,27.00,,27.00,,59.50,64.50,,,129.00,129.00,,,8,,,8,,7,2,,9,,5,2,,7,,3,3,,6,,0,3,,3,,0,2,,2,,1,1,,2
CAHUB-E0G      ,Baseus Little box  TYPE-C to HDMI+TypeC  Dark gray,6953156278639,,,,1,11.00,,,0,,4,4,,55.70,,,55.70,,114.50,,135.5805,,239.00,,249,,0,,,0,,0,,,0,,0,,0,0,,0,,0,0,,0,,0,0,,0,,1,1,,0,,0,0
CCALL-TM01     ,BASEUS T TYPED BLUETOOTH MP3 CHARGER WITH CAR HOLDER BLACK                                                    ,6953156278721,,,,,3.00,,,0,,,0,,24.02,,,24.02,,49.50,,,,109.00,,,,3,,,3,,2,,,2,,1,,,1,,1,,,1,,0,,,0,,0,,,0,,0,,,0
CCALL-TM0A     ,BASEUS T TYPED BLUETOOTH MP3 CHARGER WITH CAR HOLDER TARNISH                                                  ,6953156278738,,,,,,,,0,,,0,,23.39,,,23.39,,49.50,,,,109.00,,,,0,,,0,,0,,,0,,1,,,1,,0,,,0,,0,,,0,,0,,,0,,0,,,0
CCALL-TM12     ,BASEUS T TYPED BLUETOOTH MP3 CHARGER WITH CAR HOLDER DARK COFFEE                                              ,6953156278745,,1,,,10.00,,,1,,,1,,22.86,,,22.86,,49.50,,,,109.00,,,,0,,,0,,0,,,0,,3,,,3,,4,,,4,,1,,,1,,0,,,0,,0,,,0
CCALL-XK01     ,BASEUS DESKTOP WIRELESS/WIRED CHARGER BLACK                                                                   ,6953156278790,,,,,106.00,Not OK,,0,,,0,,54.33,,,54.33,,109.50,,,,229.00,,,,1,,,1,,0,,,0,,0,,,0,,0,,,0,,0,,,0,,0,,,0,,0,,,0
WXHSD-D01      ,Baseus Wireless charger power bank 10000mAh(Dual coil /Typec /P,6953156278806,1,,,1,1.00,,5,0,,2,7,66.12,67.55,,,67.55,153.45,129.50,,151.9155,,269.00,,279,,0,,,0,,0,,,0,,0,,0,0,,0,,1,1,,0,,0,0,,0,,0,0,0,0,,0,0
WXHSD-D02      ,BASEUS WIRELESS CHARGER POWER BANK 10000MAH WHITE                                                             ,6953156278813,,,,,,,,0,,,0,,67.55,,,67.55,,129.50,,,,269.00,,,,0,,,0,,0,,,0,,0,,,0,,0,,,0,,0,,,0,,0,,,0,,0,,,0
PPALL-AKU01    ,Baseus Mini Cu display Power Bank 10000mAh Black,6953156278844,,1,1,1,9.00,,,10,17,1,28,,37.62,37.62,,37.62,,64.50,69.50,81.1305,,139.00,139.00,149,,4,,,4,,3,5,,8,,10,3,0,13,,8,1,1,10,,6,1,1,8,,5,3,0,8,,21,1,0,22
PPALL-AKU02    ,Baseus Mini Cu digital display Power Bank 10000mAh White,6953156278851,1,1,,1,37.00,,3,11,,1,15,29.74,31.07,,,31.07,81.95,64.50,,81.1305,,139.00,,149,,1,,,1,,0,,,0,,2,,1,3,,3,,1,4,,7,,0,7,,5,,0,5,0,4,,0,4
SUCJG9-01      ,Baseus G9 Mobile Game scoring tool Black,6953156279018,,1,1,1,73.00,,,9,13,10,32,,5.26,5.26,,5.26,,24.50,24.50,37.5705,,49.00,49.00,69,,38,,,38,,20,10,,30,,12,6,1,19,,10,5,1,16,,7,5,2,14,,3,4,9,16,,4,2,2,8
SUCJG9-02      ,Baseus G9 Mobile Game scoring tool White,6953156279025,,1,1,1,86.00,,,42,23,13,78,,5.26,5.26,,5.26,,24.50,24.50,37.5705,,49.00,49.00,69,,36,,,36,,12,11,,23,,14,12,0,26,,16,12,5,33,,23,13,1,37,,31,8,3,42,,21,14,3,38
SUGENT-XF01    ,Baseus Suspension glass Desktop Bracket Black,6953156279148,1,1,1,,6.00,,5,21,23,,49,18.21,17.77,17.77,,17.77,54.45,39.50,39.50,,,79.00,79.00,,,10,,,10,,8,4,,12,,9,4,,13,,10,7,,17,,18,1,,19,,6,1,,7,0,19,4,,23
SUGENT-XF0S    ,Baseus Suspension glass Desktop Bracket Silver,6953156279155,1,1,,,14.00,,5,17,,,22,17.78,17.78,,,17.78,54.45,39.50,,,,79.00,,,,11,,,11,,7,,,7,,2,,,2,,9,,,9,,16,,,16,,7,,,7,0,3,,,3
SGAPIPD-BX02   ,BASEUS 0.3MM ANTI-BLUE LIGHT TEMPERED GLASS FILM TRANSPARENT FOR IPAD PRO 12.9-INCH 3RD GEN                   ,6953156279643,,1,,,177.00,Not OK,,1,,,1,,21.80,,,21.80,,44.50,,,,99.00,,,,2,,,2,,1,,,1,,4,,,4,,4,,,4,,2,,,2,,5,,,5,,4,,,4
SGAPIPD-CX02   ,BASEUS 0.3MM TEMPERED GLASS FILM TRANSPARENT FOR IPAD PRO 11-INCH                                             ,6953156279650,,1,1,,404.00,,,1,4,,5,,14.43,14.43,,14.43,,39.50,39.50,,,79.00,79.00,,,7,,,7,,2,8,,10,,4,2,,6,,-1,0,,-1,,0,3,,3,,0,0,,0,,-1,0,,-1
SGAPIPD-DX02   ,BASEUS 0.3MM ANTI-BLUE LIGHT TEMPERED GLASS FILM TRANSPARENT FOR IPAD PRO 11-INCH                             ,6953156279667,,1,1,,171.00,,,2,3,,5,,16.32,16.32,,16.32,,44.50,49.50,,,89.00,99.00,,,2,,,2,,0,1,,1,,1,0,,1,,0,1,,1,,0,1,,1,,0,0,,0,,0,0,,0
WX2IN1-02      ,Baseus Smart 2in1 Wireless Charger White,6953156280243,,1,1,1,,,,31,15,3,49,,41.15,41.15,,41.15,,84.50,89.50,102.9105,,179.00,179.00,189,,19,,,19,,4,0,,4,,14,11,0,25,,29,12,0,41,,23,10,0,33,,12,9,0,21,,17,10,0,27
CCALL-YX01     ,BASEUS Y TYPE DUAL USB+ CAR CHARGER BLACK                                                                     ,6953156280250,,,,,1.00,,,0,,,0,,11.14,,,11.14,,39.50,,,,79.00,,,,0,,,0,,0,,,0,,0,,,0,,0,,,0,,0,,,0,,0,,,0,,0,,,0
CCALL-YX02     ,BASEUS Y TYPE DUAL USB+ CAR CHARGER WHITE                                                                     ,6953156280267,,,,,39.00,,,0,,,0,,11.14,,,11.14,,39.50,,,,79.00,,,,0,,,0,,0,,,0,,0,,,0,,0,,,0,,0,,,0,,0,,,0,,0,,,0
ACXUN-02       ,BASEUS AROMA DIFFUSER CREAM WHITE                                                                             ,6953156280274,,1,,,81.00,,,8,,,8,,36.14,,,36.14,,64.50,,,,139.00,,,,4,,,4,,4,,,4,,4,,,4,,4,,,4,,3,,,3,,4,,,4,,5,,,5
CAMKLF-C09,Baseus Cafule Cable Durable Nylon Braided Wire USB / micro USB QC3.0 1.5A 2M red-red,6953156280359,1,,,,6.00,,10,,,,10,,,,,0.00,,,,,,,,,,,,,0,,,,,0,,,,,0,,,,,0,,,,,0,,,,,0,0,,,,0
CAMKLF-C91,Baseus Cafule Cable Durable Nylon Braided Wire USB / micro USB QC3.0 1.5A 2M black-red,6953156280373,1,,,1,18.00,,15,,,18,33,,,,,0.00,,,,,,,,37,,,,,0,,,,,0,,,,0,0,,,,,0,,,,0,0,,,,0,0,0,,,32,32
SUCH-01        ,BASEUS XIAOCHUN MAGNETIC CAR PHONE HOLDER BLACK                                                               ,6953156280526,,,,,7.00,,,0,,,0,,10.26,,,10.26,,24.50,,,,49.00,,,,1,,,1,,0,,,0,,2,,,2,,0,,,0,,1,,,1,,0,,,0,,0,,,0
SUCH-02        ,BASEUS XIAOCHUN MAGNETIC CAR PHONE HOLDER SILVER                                                              ,6953156280533,,,,,66.00,,,0,,,0,,10.20,,,10.20,,24.50,,,,49.00,,,,1,,,1,,0,,,0,,0,,,0,,0,,,0,,0,,,0,,0,,,0,,0,,,0
SUBR-A01       ,BASEUS BEAR MAGNETIC CAR BRACKET BLACK                                                                        ,6953156280540,,,,,,,,0,,,0,,0.00,,,0.00,,29.50,,,,59.00,,,,0,,,0,,0,,,0,,0,,,0,,0,,,0,,0,,,0,,0,,,0,,0,,,0
SUBR-A08       ,BASEUS BEAR MAGNETIC CAR BRACKET BROWN                                                                        ,6953156280557,,,,,,,,0,,,0,,0.00,,,0.00,,29.50,,,,59.00,,,,0,,,0,,0,,,0,,0,,,0,,0,,,0,,0,,,0,,0,,,0,,0,,,0
SUBR-A09       ,BASEUS BEAR MAGNETIC CAR BRACKET RED                                                                          ,6953156280564,,,,,,,,0,,,0,,0.00,,,0.00,,29.50,,,,59.00,,,,0,,,0,,0,,,0,,0,,,0,,0,,,0,,0,,,0,,0,,,0,,0,,,0
SUBR-ASG       ,BASEUS BEAR MAGNETIC CAR BRACKET SILVER GRAY                                                                  ,6953156280571,,,,,,,,0,,,0,,0.00,,,0.00,,29.50,,,,59.00,,,,0,,,0,,0,,,0,,0,,,0,,0,,,0,,0,,,0,,0,,,0,,0,,,0
SUXUN-BY01     ,BASEUS FRAGRANCE/CAR MOUNT BLACK                                                                              ,6953156280793,,,,,55.00,,,0,,,0,,12.63,,,12.63,,24.50,,,,49.00,,,,1,,,1,,0,,,0,,2,,,2,,1,,,1,,0,,,0,,0,,,0,,0,,,0
SUXUN-BY09     ,BASEUS FRAGRANCE/CAR MOUNT RED                                                                                ,6953156280809,,,,,70.00,,,0,,,0,,12.62,,,12.62,,24.50,,,,49.00,,,,2,,,2,,0,,,0,,0,,,0,,0,,,0,,1,,,1,,0,,,0,,0,,,0
SUXUN-BY0G     ,BASEUS FRAGRANCE/CAR MOUNT GREY                                                                               ,6953156280816,,,,,64.00,,,0,,,0,,12.62,,,12.62,,24.50,,,,49.00,,,,2,,,2,,0,,,0,,0,,,0,,0,,,0,,0,,,0,,0,,,0,,0,,,0
CALLG-01       ,Baseus Glowing Data cable USB For Lightning Black,6953156280977,1,,,,22.00,,5,0,,,5,15.69,15.69,,,15.69,43.45,29.50,,,,59.00,,,,0,,,0,,0,,,0,,0,,,0,,0,,,0,,0,,,0,,0,,,0,0,0,,,0
CALLG-09       ,Baseus Glowing Data cable USB For Lightning Red,6953156280984,1,,,,54.00,,5,0,,,5,15.60,15.60,,,15.60,43.45,29.50,,,,59.00,,,,0,,,0,,0,,,0,,0,,,0,,0,,,0,,0,,,0,,0,,,0,0,0,,,0
TZARGS-01      ,BASEUS CASE FOR AIRPODS BLACK                                                                                 ,6953156281363,,1,1,,77.00,,,2,5,,7,,7.61,7.61,,7.61,,24.50,24.50,,,49.00,49.00,,,14,,,14,,15,8,,23,,11,7,,18,,11,7,,18,,6,10,,16,,1,1,,2,,1,5,,6
TZARGS-09      ,Baseus Baseus case for Airpods Red,6953156281370,1,1,1,,24.00,,3,2,14,,19,7.61,7.46,7.46,,7.46,37.95,24.50,24.50,,,49.00,49.00,,,9,,,9,,2,8,,10,,3,1,,4,,7,4,,11,,1,2,,3,,1,5,,6,1,0,2,,3
TZARGS-G2      ,BASEUS CASE FOR AIRPODS GRAY                                                                                  ,6953156281387,,1,1,,56.00,,,1,27,,28,,7.61,7.61,,7.61,,24.50,24.50,,,49.00,49.00,,,11,,,11,,3,8,,11,,6,2,,8,,3,5,,8,,2,4,,6,,0,4,,4,,1,4,,5
WXZN-01        ,BASEUS CAR WIRELESS CHARGER SMART VEHICLE BRACKET                                                             ,6953156281479,,1,1,,10.00,,,13,20,,33,,51.99,51.99,,51.99,,69.50,74.50,,,149.00,149.00,,,6,,,6,,4,4,,8,,15,5,,20,,6,3,,9,,15,6,,21,,9,2,,11,,30,4,,34
WXXP-01        ,BASEUS WIRELESS CHARGER SUCTION CUP BLACK                                                                     ,6953156281691,,1,1,,4.00,,,3,3,,6,,22.19,22.19,,22.19,,44.50,44.50,,,89.00,89.00,,,2,,,2,,1,2,,3,,2,4,,6,,0,5,,5,,0,1,,1,,0,0,,0,,0,0,,0
WXXP-02        ,BASEUS WIRELESS CHARGER SUCTION CUP WHITE                                                                     ,6953156281707,,1,,,5.00,,,1,,,1,,20.91,,,20.91,,44.50,,,,99.00,,,,1,,,1,,0,,,0,,0,,,0,,0,,,0,,0,,,0,,0,,,0,,0,,,0
CALEYE-01      ,BASEUS BIG EYE DIGITAL DISPLAY LIGHTNING CABLE BLACK                                                          ,6953156281738,,,,,,,,0,,,0,,14.32,,,14.32,,39.50,,,,79.00,,,,0,,,0,,0,,,0,,0,,,0,,0,,,0,,0,,,0,,0,,,0,,0,,,0
CALEYE-02      ,Baseus Big Eye Digital display Data Cable White,6953156281745,,,,1,,,,0,,2,2,,14.32,,,14.32,,39.50,,53.9055,,79.00,,99,,0,,,0,,0,,,0,,0,,0,0,,0,,0,0,,0,,0,0,,0,,1,1,,0,,0,0
WIAPIPH58-BE01 ,BASEUS BEAR SILICONE CASE BLACK FOR IPHONE XS                                                                 ,6953156282001,,,,,4.00,,,0,,,0,,7.84,,,7.84,,24.50,,,,49.00,,,,0,,,0,,0,,,0,,0,,,0,,0,,,0,,0,,,0,,0,,,0,,0,,,0
WIAPIPH58-BE04 ,BASEUS BEAR SILICONE CASE PINK FOR IPHONE XS                                                                  ,6953156282018,,,,,,,,0,,,0,,7.84,,,7.84,,24.50,,,,49.00,,,,0,,,0,,0,,,0,,0,,,0,,0,,,0,,0,,,0,,0,,,0,,0,,,0
WIAPIPH58-BE08 ,BASEUS BEAR SILICONE CASE BROWN FOR IPHONE XS                                                                 ,6953156282025,,,,,,,,0,,,0,,7.84,,,7.84,,24.50,,,,49.00,,,,0,,,0,,0,,,0,,0,,,0,,0,,,0,,0,,,0,,0,,,0,,0,,,0
WIAPIPH61-BE01 ,BASEUS BEAR SILICONE CASE BLACK FOR IPHONE XR                                                                 ,6953156282032,,,,,56.00,,,0,,,0,,7.84,,,7.84,,24.50,,,,49.00,,,,0,,,0,,0,,,0,,0,,,0,,0,,,0,,0,,,0,,0,,,0,,0,,,0
WIAPIPH61-BE04 ,BASEUS BEAR SILICONE CASE PINK FOR IPHONE XR                                                                  ,6953156282049,,,,,6.00,,,0,,,0,,7.84,,,7.84,,24.50,,,,49.00,,,,0,,,0,,0,,,0,,0,,,0,,0,,,0,,0,,,0,,0,,,0,,0,,,0
WIAPIPH61-BE08 ,BASEUS BEAR SILICONE CASE BROWN FOR IPHONE XR                                                                 ,6953156282056,,,,,26.00,,,0,,,0,,7.84,,,7.84,,24.50,,,,49.00,,,,0,,,0,,0,,,0,,0,,,0,,0,,,0,,0,,,0,,0,,,0,,0,,,0
WIAPIPH65-BE01 ,BASEUS BEAR SILICONE CASE BLACK FOR IPHONE XS MAX                                                             ,6953156282063,,,,,55.00,,,0,,,0,,7.62,,,7.62,,24.50,,,,49.00,,,,0,,,0,,0,,,0,,0,,,0,,0,,,0,,0,,,0,,0,,,0,,0,,,0
WIAPIPH65-BE04 ,BASEUS BEAR SILICONE CASE PINK FOR IPHONE XS MAX                                                              ,6953156282070,,,,,17.00,,,0,,,0,,7.62,,,7.62,,24.50,,,,49.00,,,,0,,,0,,0,,,0,,0,,,0,,0,,,0,,0,,,0,,0,,,0,,0,,,0
WIAPIPH65-BE08 ,BASEUS BEAR SILICONE CASE BROWN FOR IPHONE XS MAX                                                             ,6953156282087,,,,,48.00,,,0,,,0,,7.71,,,7.71,,24.50,,,,49.00,,,,0,,,0,,0,,,0,,0,,,0,,0,,,0,,0,,,0,,0,,,0,,0,,,0
LTAPIPD-ASM01  ,BASEUS SIMPLISM Y-TYPE LEATHER CASE BLACK FOR IPAD PRO 11-INCH                                                ,6953156282094,,,,,58.00,,,0,,,0,,38.39,,,38.39,,74.50,,,,159.00,,,,4,,,4,,2,,,2,,0,,,0,,2,,,2,,0,,,0,,0,,,0,,0,,,0
LTAPIPD-ASM03  ,BASEUS SIMPLISM Y-TYPE LEATHER CASE BLUE FOR IPAD PRO 11-INCH                                                 ,6953156282100,,1,1,,89.00,,,2,10,,12,,38.14,38.14,,38.14,,74.50,79.50,,,159.00,159.00,,,2,,,2,,1,4,,5,,0,0,,0,,0,3,,3,,0,0,,0,,0,0,,0,,0,1,,1
LTAPIPD-BSM01  ,BASEUS SIMPLISM Y-TYPE LEATHER CASE BLACK FOR IPAD PRO 12.9-INCH 3RD GEN                                      ,6953156282117,,,,,20.00,,,0,,,0,,44.20,,,44.20,,89.50,,,,189.00,,,,3,,,3,,2,,,2,,0,,,0,,0,,,0,,0,,,0,,0,,,0,,0,,,0
LTAPIPD-BSM03  ,BASEUS SIMPLISM Y-TYPE LEATHER CASE BLUE FOR IPAD PRO 12.9-INCH 3RD GEN                                       ,6953156282124,,,,,140.00,Not OK,,0,,,0,,44.34,,,44.34,,89.50,,,,189.00,,,,7,,,7,,0,,,0,,1,,,1,,0,,,0,,1,,,1,,0,,,0,,0,,,0
NGH08-01       ,BASEUS H08 BLACK IMMERSIVE VIRTUAL 3D GAMING IN-EAR EARPHONES                                                 ,6953156282247,,1,1,,7.00,,,4,7,,11,,76.00,76.00,,76.00,,140.00,144.50,,,289.00,289.00,,,23,,,23,,5,3,,8,,9,6,,15,,9,0,,9,,6,1,,7,,6,1,,7,,3,2,,5
NGH08-2G       ,BASEUS H08 WHITE/GREY IMMERSIVE VIRTUAL 3D GAMING IN-EAR EARPHONES                                            ,6953156282254,,1,,,8.00,,,3,,,3,,76.00,,,76.00,,140.00,,,,289.00,,,,14,,,14,,9,,,9,,5,,,5,,2,,,2,,3,,,3,,0,,,0,,0,,,0
CATL41-01      ,BASEUS TYPE-C TO 3.5MM AUDIO CHARGING ADAPTER BLACK                                                           ,6953156282278,,,1,,36.00,,,0,14,,14,,9.90,9.90,,9.90,,29.50,34.50,,,62.00,69.00,,,,,,0,,,,,0,,,,,0,,0,0,,0,,0,0,,0,,0,0,,0,,0,1,,1
SUGENT-ZN01    ,BASEUS SMART CAR MOUNT CELL PHONE HOLDER BLACK                                                                ,6953156282308,,,,,32.00,,,0,,,0,,34.57,,,34.57,,69.50,,,,149.00,,,,4,,,4,,1,,,1,,1,,,1,,0,,,0,,0,,,0,,0,,,0,,0,,,0
SUGENT-ZN03    ,BASEUS SMART CAR MOUNT PHONE HOLDER BLUE                                                                      ,6953156282315,,,,,34.00,,,0,,,0,,34.52,,,34.52,,69.50,,,,149.00,,,,0,,,0,,0,,,0,,0,,,0,,0,,,0,,0,,,0,,0,,,0,,0,,,0
SUGENT-ZN0S    ,BASEUS SMART CAR MOUNT PHONE HOLDER SILVER                                                                    ,6953156282322,,,,,47.00,,,0,,,0,,34.52,,,34.52,,69.50,,,,149.00,,,,0,,,0,,0,,,0,,0,,,0,,0,,,0,,0,,,0,,0,,,0,,0,,,0
ACAPIPH58-BJ01,Baseus Continuous Backpack Power Bank 4000mAh Black iPhone X/,6953156282902,1,,,,40.00,,5,,,,5,37.73,,,,37.73,92.95,,,,,,,,,,,,0,,,,,0,,,,,0,,,,,0,,,,,0,,,,,0,0,,,,0
ACSR-XJ09      ,Baseus Adapter X-Men Audio Radiator Red/Black,6953156282926,1,,,1,21.00,,4,0,,5,9,23.46,23.46,,,23.46,65.45,49.50,,64.7955,,99.00,,119,,4,,,4,,1,,,1,,4,,0,4,,1,,0,1,,0,,0,0,1,0,,0,1,0,0,,0,0
ACSR-XJ0A      ,BASEUS ADAPTER X-MEN AUDIO RADIATOR BLACK                                                                     ,6953156282933,,,,,41.00,,,0,,,0,,23.46,,,23.46,,49.50,,,,99.00,,,,4,,,4,,2,,,2,,1,,,1,,0,,,0,,0,,,0,,0,,,0,,0,,,0
WIAPPOD-01     ,Baseus wireless charger for Airpods Black,6953156282940,1,1,1,,4.00,,3,15,13,,31,16.91,17.33,17.33,,17.33,59.95,44.50,49.50,,,99.00,99.00,,,29,,,29,,15,10,,25,,16,17,,33,,18,17,,35,,15,6,,21,1,9,7,,17,0,1,8,,9
WIAPPOD-09     ,BASEUS PROTECTIVE CASE/WIRELESS CHARGER RED FOR AIRPODS                                                       ,6953156282957,,1,1,,,,,8,9,,17,,17.33,17.33,,17.33,,44.50,49.50,,,99.00,99.00,,,12,,,12,,10,6,,16,,8,8,,16,,12,6,,18,,5,2,,7,,1,3,,4,,4,4,,8
ACHDCJ-01      ,Baseus Holder Red-Dot Mobile Game Scoring Tool Black,6953156282964,1,1,1,1,330.00,,2,34,25,3,64,6.52,5.26,5.26,,5.26,37.95,24.50,24.50,37.5705,,49.00,49.00,69,,82,,,82,,36,18,,54,,40,21,1,62,,33,14,3,50,,33,22,4,59,3,25,19,3,50,0,9,16,1,26
ACHDCJ-02      ,Baseus Holder Red-Dot Mobile Game Scoring Tool Transparent,6953156282971,1,1,1,,,,1,42,38,,81,6.52,5.39,5.39,,5.39,37.95,24.50,24.50,,,49.00,49.00,,,67,,,67,,37,25,,62,,33,14,,47,,37,11,,48,,36,11,,47,3,15,2,,20,2,21,17,,40
,Baseus Mini Q Light and Portable 10000mAh Black,6953156283480,,,,,35.00,,,,,0,0,,,,,0.00,,,,75.6855,,,,139,,,,,0,,,,,0,,,,4,4,,,,1,1,,,,0,0,,,,0,0,,,,0,0
,Baseus Mini Q Light and Portable 10000mAh White,6953156283497,,,,,,,,,,0,0,,,,,0.00,,,,75.6855,,,,139,,,,,0,,,,,0,,,,2,2,,,,3,3,,,,0,0,,,,0,0,,,,0,0
CALL50-01,Baseus iP Male to iP & 3.5mm Female Adapter L50 Black,6953156283787,1,,,,,,1,,,,1,51.31,,,,51.31,81.95,,,,,,,,,,,,0,,,,,0,,,,,0,,,,,0,1,,,,1,,,,,0,2,,,,2
CALL50S-01,Baseus iP Male to iP & 3.5mm Female Adapter L50S Black,6953156283800,1,,,,5.00,,4,,,,4,51.31,,,,51.31,81.95,,,,,,,,,,,,0,,,,,0,,,,,0,,,,,0,,,,,0,1,,,,1,0,,,,0
CAHUB-F01      ,Baseus round box HUB adapter （USB 3.0 to USB3.0*1+USB2.0*,6953156284234,1,1,,,36.00,,3,2,,,5,12.71,12.71,,,12.71,48.95,29.50,,,,59.00,,,,1,,,1,,3,,,3,,1,,,1,,2,,,2,,0,,,0,,1,,,1,0,0,,,0
CAHUB-F02      ,Baseus round box HUB adapter （USB 3.0 to USB3.0*1+USB2.0*,6953156284241,1,,,,13.00,,1,0,,,1,12.31,12.31,,,12.31,48.95,29.50,,,,59.00,,,,0,,,0,,0,,,0,,0,,,0,,0,,,0,,0,,,0,1,0,,,1,0,0,,,0
CAHUB-G01      ,BASEUS ROUND BOX TYPE-C HUB ADAPTER BLACK                                                                     ,6953156284258,,1,,,27.00,,,1,,,1,,12.71,,,12.71,,29.50,,,,59.00,,,,0,,,0,,1,,,1,,4,,,4,,3,,,3,,2,,,2,,2,,,2,,0,,,0
ACPCL-01       ,Baseus Golden Cudgel Capacitive Stylus Pen Black,6953156284401,,1,1,1,32.00,,0,19,36,5,60,14.58,14.47,14.47,,14.47,43.45,29.50,29.50,43.0155,,59.00,59.00,79,,12,,,12,,9,14,,23,,18,15,0,33,,18,15,0,33,1,15,13,0,29,1,7,6,0,14,2,8,4,0,14
ACPCL-0S,Baseus Golden Cudgel Capacitive Stylus Pen Silver,6953156284418,,,,1,15.00,,0,,,5,5,14.58,,,,14.58,43.45,,,43.0155,,,,79,,,,,0,,,,,0,,,,0,0,,,,0,0,,,,0,0,2,,,0,2,2,,,0,2
ACSLCJ-01      ,Baseus grenade handle for games Black,6953156284630,1,1,1,,1.00,,8,53,25,,86,9.28,9.31,9.31,,9.31,37.95,24.50,24.50,,,49.00,49.00,,,55,,,55,,26,17,,43,,36,26,,62,,39,14,,53,1,44,19,,64,2,52,26,,80,2,51,23,,76
ACSLCJ-06      ,Baseus grenade handle for games Army green,6953156284647,1,1,1,1,14.00,,12,38,28,1,79,9.51,9.51,9.51,,9.51,37.95,24.50,24.50,37.5705,,49.00,49.00,69,,89,,,89,,35,11,,46,,30,16,7,53,,29,10,5,44,1,31,20,1,53,,38,10,6,54,2,25,16,0,43
CATSR-01       ,BASEUS FISH-EYE SPRING TYPE-C 2A CABLE 1M BLACK                                                               ,6953156284739,,1,1,,143.00,,,12,12,,24,,8.43,8.43,,8.43,,30.00,35.00,,,59.00,69.00,,,,,,0,,,,,0,,,,,0,,,,,0,,5,0,,5,,5,5,,10,,4,8,,12
CATSR-09       ,BASEUS FISH-EYE SPRING TYPE-C 2A CABLE 1M RED                                                                 ,6953156284746,,1,1,,95.00,,,15,23,,38,,8.43,8.43,,8.43,,30.00,35.00,,,29.00,69.00,,,,,,0,,,,,0,,,,,0,,,,,0,,2,0,,2,,6,1,,7,,10,1,,11
WIAPIPH58-ASL01,BASEUS ORIGINAL LSR CASE BLACK FOR IPHONE XS                                                                  ,6953156284814,,1,,,40.00,,,4,,,4,,11.70,,,11.70,,34.50,,,,69.00,,,,16,,,16,,18,,,18,,24,,,24,,26,,,26,,17,,,17,,4,,,4,,1,,,1
WIAPIPH58-ASL03,BASEUS ORIGINAL LSR CASE LIGHT AQUA MARINE FOR IPHONE XS                                                      ,6953156284821,,1,1,,,,,6,5,,11,,12.38,12.38,,12.38,,34.50,34.50,,,69.00,69.00,,,15,,,15,,7,1,,8,,9,2,,11,,11,4,,15,,8,4,,12,,5,7,,12,,7,0,,7
WIAPIPH58-ASL04,BASEUS ORIGINAL LSR CASE PINK FOR IPHONE XS                                                                   ,6953156284838,,1,,,3.00,,,2,0,,2,,12.68,12.68,,12.68,,34.50,34.50,,,69.00,69.00,,,16,,,16,,5,12,,17,,15,4,,19,,12,14,,26,,13,6,,19,,2,0,,2,,1,0,,1
WIAPIPH58-ASL09,BASEUS ORIGINAL LSR CASE RED FOR IPHONE XS                                                                    ,6953156284845,,1,,,26.00,,,3,,,3,,12.38,,,12.38,,34.50,,,,69.00,,,,10,,,10,,5,,,5,,9,,,9,,5,,,5,,3,,,3,,3,,,3,,7,,,7
WIAPIPH65-ASL01,BASEUS ORIGINAL LSR CASE BLACK FOR IPHONE XS MAX                                                              ,6953156284890,,1,,,47.00,,,6,,,6,,11.99,,,11.99,,34.50,,,,69.00,,,,11,,,11,,12,,,12,,11,,,11,,8,,,8,,9,,,9,,8,,,8,,2,,,2
WIAPIPH65-ASL03,BASEUS ORIGINAL LSR CASE LIGHT AQUA MARINE FOR IPHONE XS MAX                                                  ,6953156284906,,1,,,60.00,,,1,,,1,,11.99,,,11.99,,34.50,,,,69.00,,,,3,,,3,,5,,,5,,1,,,1,,3,,,3,,1,,,1,,0,,,0,,1,,,1
WIAPIPH65-ASL04,BASEUS ORIGINAL LSR CASE PINK FOR IPHONE XS MAX                                                               ,6953156284913,,,,,33.00,,,0,,,0,,11.99,,,11.99,,34.50,,,,69.00,,,,5,,,5,,4,,,4,,2,,,2,,4,,,4,,3,,,3,,0,,,0,,0,,,0
WIAPIPH65-ASL09,BASEUS ORIGINAL LSR CASE RED FOR IPHONE XS MAX                                                                ,6953156284920,,,,,51.00,,,0,,,0,,11.99,,,11.99,,34.50,,,,69.00,,,,2,,,2,,3,,,3,,6,,,6,,0,,,0,,0,,,0,,0,,,0,,0,,,0
WXZN-B01       ,BASEUS SMART VEHICLE BRACKET WIRELESS CHARGER WITH INFRARED SENSOR BLACK                                      ,6953156285101,,1,1,,3.00,,,19,12,,31,,52.61,52.61,,52.61,,99.50,104.50,,,209.00,209.00,,,,,,0,,,,,0,,,,,0,,1,0,,1,,10,0,,10,,11,0,,11,,12,2,,14
CAHUB-K0G      ,BASEUS HARMONICA 5-IN-1 HUB ADAPTER GREY                                                                      ,6953156285460,,,,,,,,0,,,0,,0.00,,,0.00,,74.50,,,,159.00,,,,0,,,0,,0,,,0,,0,,,0,,0,,,0,,0,,,0,,0,,,0,,0,,,0
CATKC-A01      ,BASEUS DOUBLE FAST CHARGING TYPE-C CABLE 1M BLACK                                                             ,6953156285798,,1,,,46.00,,,17,,,17,,7.27,,,7.27,,29.50,,,,59.00,,,,1,,,1,,3,,,3,,11,,,11,,3,,,3,,11,,,11,,7,,,7,,8,,,8
CATKC-A09      ,BASEUS DOUBLE FAST CHARGING TYPE-C CABLE 1M RED                                                               ,6953156285804,,1,,,44.00,,,10,,,10,,7.27,,,7.27,,29.50,,,,59.00,,,,10,,,10,,3,,,3,,5,,,5,,1,,,1,,4,,,4,,7,,,7,,3,,,3
SUJG-ALR01,Baseus New Neck-Mounted Lazy Bracket Black,6953156286030,1,,,,1.00,,2,,,,2,15.04,,,,15.04,48.95,,,,,,,,,,,,0,,,,,0,,,,,0,,,,,0,,,,,0,,,,,0,1,,,,1
SUDYZP-D1V     ,BASEUS FULLY FOLDING SELFIE STICK BLACK/GOLD                                                                  ,6953156286481,,,,,,,,0,0,,0,,45.32,45.32,,45.32,,74.50,79.50,,,159.00,159.00,,,,,,0,,,,,0,,,,,0,,,,,0,,,,,0,,0,0,,0,,0,0,,0
SUDYZP-D1S     ,BASEUS FULLY FOLDING SELFIE STICK BLACK/SLIVER                                                                ,6953156286498,,1,1,,,,,52,13,,65,,45.32,45.32,,45.32,,74.50,79.50,,,159.00,159.00,,,,,,0,,,,,0,,,,,0,,,,,0,,,,,0,,0,0,,0,,11,9,,20
SUDYZP-D19     ,BASEUS FULLY FOLDING SELFIE STICK BLACK/RED                                                                   ,6953156286504,,,,,,,,0,0,,0,,45.32,45.32,,45.32,,74.50,79.50,,,159.00,159.00,,,,,,0,,,,,0,,,,,0,,,,,0,,,,,0,,0,0,,0,,0,0,,0
PPALL-MY01,Baseus Mu Light Power Bank 2000mAh with Voltage/Power Display P,6953156286559,1,,,,,,5,,,,5,61.89,,,,61.89,147.95,,,,,,,,,,,,0,,,,,0,,,,,0,,,,,0,,,,,0,,,,,0,0,,,,0
SUCJLF-01      ,Baseus winner cooling heat sink Black,6953156286603,1,1,1,,143.00,,1,23,15,,39,20.64,21.04,21.04,,21.04,65.45,44.50,49.50,,,99.00,99.00,,,27,,,27,,10,4,,14,,7,7,,14,,23,5,,28,,10,9,,19,3,15,7,,25,0,21,7,,28
CATYW-B01      ,BASEUS ARTISTIC STRIPED TYPE-C 3A CABLE 5M BLACK                                                              ,6953156286962,,1,1,,73.00,,,26,24,,50,,14.39,14.39,,14.39,,40.00,45.00,,,79.00,89.00,,,,,,0,,,,,0,,,,,0,,,,,0,,5,0,,5,,10,2,,12,,8,0,,8
CATYW-B03      ,BASEUS ARTISTIC STRIPED TYPE-C 3A CABLE 5M BLUE                                                               ,6953156286979,,1,1,,59.00,,,7,21,,28,,14.40,14.40,,14.40,,40.00,45.00,,,79.00,89.00,,,,,,0,,,,,0,,,,,0,,,,,0,,0,0,,0,,3,3,,6,,1,2,,3
CATYW-B09      ,BASEUS ARTISTIC STRIPED TYPE-C 3A CABLE 5M RED                                                                ,6953156286986,,1,1,,39.00,,,5,24,,29,,14.39,14.39,,14.39,,40.00,45.00,,,79.00,89.00,,,,,,0,,,,,0,,,,,0,,,,,0,,0,0,,0,,4,1,,5,,3,1,,4
ACNXB-02       ,BASEUS WARM LITTLE WHITE FAN HEATER                                                                           ,6953156287372,,,,,,,,0,,,0,,0.00,,,0.00,,79.50,,,,169.00,,,,0,,,0,,0,,,0,,0,,,0,,0,,,0,,0,,,0,,0,,,0,,0,,,0
SGAPWA4-A01    ,BASEUS 0.3MM FULL-SCREEN CURVED TEMPERED FILM BLACK FOR APPLE WATCH SERIES 4 40MM                             ,6953156287884,,1,,,28.00,,,16,,,16,,13.19,,,13.19,,29.50,,,,59.00,,,,,,,0,,21,,,21,,40,,,40,,30,,,30,,16,,,16,,6,,,6,,2,,,2
SGAPWA4-B01    ,BASEUS 0.3MM FULL-SCREEN CURVED TEMPERED FILM BLACK FOR APPLE WATCH SERIES 4 44MM                             ,6953156287891,,1,,,20.00,,,6,,,6,,13.95,,,13.95,,29.50,,,,59.00,,,,,,,0,,37,,,37,,52,,,52,,11,,,11,,6,,,6,,0,,,0,,0,,,0
SUWNT-01       ,BASEUS FOLDING UNIVERSAL STICKER BLACK                                                                        ,6953156288126,,1,1,,21.00,,,9,17,,26,,7.61,7.61,,7.61,,29.50,34.50,,,62.00,69.00,,,,,,0,,,,,0,,,,,0,,0,0,,0,,2,0,,2,,1,0,,1,,1,3,,4
SUWNT-02       ,BASEUS FOLDING UNIVERSAL STICKER TRANSPARENT                                                                  ,6953156288133,,1,1,,4.00,,,9,26,,35,,7.61,7.61,,7.61,,29.50,34.50,,,62.00,69.00,,,,,,0,,,,,0,,,,,0,,1,0,,1,,12,0,,12,,14,0,,14,,6,3,,9
ACPBCJ-01      ,BASEUS SHOOTING GAME TOOL FOR PAD BLACK                                                                       ,6953156288492,,1,,,8.00,,,13,,,13,,9.51,,,9.51,,34.50,,,,69.00,,,,,,,0,,12,,,12,,24,,,24,,9,,,9,,20,,,20,,21,,,21,,6,,,6
ACPBCJ-02      ,BASEUS SHOOTING GAME TOOL FOR PAD TRANSPARENT                                                                 ,6953156288508,,1,,,13.00,,,18,,,18,,9.51,,,9.51,,34.50,,,,69.00,,,,,,,0,,10,,,10,,25,,,25,,22,,,22,,19,,,19,,13,,,13,,11,,,11
CAHUB-T01      ,BASEUS MATE DOCKING TYPE-C HUB DOCKING STATION BLACK                                                          ,6953156288935,,,,,1.00,,,0,0,,0,,55.18,55.18,,55.18,,114.50,120.00,,,241.00,239.00,,,,,,0,,,,,0,,,,,0,,0,0,,0,,0,0,,0,,0,0,,0,,0,0,,0
CAMLT-BYG1,Baseus Fabric 3-in-1 Flexible Cable USB For M+L+T 3.5A 1.2m Dark,6953156289116,1,,,,,,5,,,,5,,,,,0.00,43.45,,,,,,,,,,,,0,,,,,0,,,,,0,,,,,0,,,,,0,,,,,0,0,,,,0
SGAPIPH58-WA01 ,BASEUS FULL-SCREEN CURVED TEMPERED GLASS SCREEN PROTECTOR BLACK FOR IPHONE XS/X                               ,6953156289734,,1,,,8.00,,,12,0,,12,,9.66,9.66,,9.66,,40.00,45.00,,,83.00,89.00,,,,,,0,,,,,0,,,,,0,,0,0,,0,,10,0,,10,,23,0,,23,,26,0,,26
SGAPIPH58-WC01 ,BASEUS FULL-SCREEN CURVED PRIVACY TEMPERED GLASS SCREEN PROTECTOR BLACK FOR IPHONE XS/X                       ,6953156289758,,1,,,181.00,Not OK,,28,0,,28,,15.69,15.69,,15.69,,45.00,50.00,,,93.00,99.00,,,,,,0,,,,,0,,,,,0,,0,0,,0,,12,0,,12,,15,0,,15,,21,0,,21
SGAPIPH65-WA01 ,BASEUS FULL-SCREEN CURVED TEMPERED GLASS SCREEN PROTECTOR BLACK FOR IPHONE XS MAX                             ,6953156289796,,1,,,32.00,,,6,,,6,,10.26,,,10.26,,40.00,,,,83.00,,,,,,,0,,,,,0,,,,,0,,0,,,0,,2,,,2,,14,,,14,,7,,,7
SGAPIPH65-WC01 ,BASEUS FULL-SCREEN CURVED PRIVACY TEMPERED GLASS SCREEN PROTECTOR BLACK FOR IPHONE XS MAX                     ,6953156289819,,1,,,167.00,Not OK,,21,0,,21,,16.00,16.00,,16.00,,45.00,50.00,,,93.00,99.00,,,,,,0,,,,,0,,,,,0,,0,0,,0,,11,0,,11,,15,0,,15,,19,0,,19
CABA01-01      ,BASEUS BA01 USB WIRELESS ADAPTER CABLE BLACK                                                                  ,6953156290488,,,,,40.00,,,0,0,,0,,18.32,18.32,,18.32,,44.50,50.00,,,94.00,99.00,,,,,,0,,,,,0,,,,,0,,0,0,,0,,0,0,,0,,0,0,,0,,0,0,,0
CABA01-09      ,BASEUS BA01 USB WIRELESS ADAPTER CABLE RED                                                                    ,6953156290495,,,,,23.00,,,0,0,,0,,18.32,18.32,,18.32,,44.50,50.00,,,94.00,99.00,,,,,,0,,,,,0,,,,,0,,0,0,,0,,0,0,,0,,0,0,,0,,0,0,,0
CALMC-A03,Baseus Camouflage Mobile Game Cable USB For iP 2.4A 1m Blue,6953156290501,1,,,,,,4,,,,4,6.69,,,,6.69,26.95,,,,,,,,,,,,0,,,,,0,,,,,0,,,,,0,,,,,0,,,,,0,1,,,,1
ACJHQ-01       ,BASEUS MICROMOLECULE FORMALDEHYDE PURIFIER DEEP SPACE BLACK                                                   ,6953156290853,,1,,,6.00,,,11,0,,11,,26.00,26.00,,26.00,,50.00,54.50,,,104.00,109.00,,,,,,0,,,,,0,,,,,0,,0,0,,0,,1,0,,1,,2,0,,2,,2,0,,2
ACJHQ-0S       ,BASEUS MICROMOLECULE FORMALDEHYDE PURIFIER SILVER                                                             ,6953156290860,,1,,,3.00,,,9,0,,9,,26.00,26.00,,26.00,,50.00,54.50,,,104.00,109.00,,,,,,0,,,,,0,,,,,0,,0,0,,0,,0,0,,0,,3,0,,3,,1,0,,1
CATXF-0G       ,BASEUS 7-IN-1 SQUARE DESK TYPE-C MULTI-FUNCTIONAL HUB TYPE-C                                                  ,6953156291492,,,,,2.00,,,0,0,,0,,107.84,107.84,,107.84,,125.00,135.00,,,259.00,269.00,,,,,,0,,,,,0,,,,,0,,,,,0,,0,0,,0,,0,0,,0,,0,0,,0
SULR-0G        ,BASEUS UNLIMITED ADJUSTMENT LAZY PHONE HOLDER GREY                                                            ,6953156291638,,1,1,,,,,17,22,,39,,21.07,21.07,,21.07,,45.00,50.00,,,89.00,99.00,,,,,,0,,,,,0,,,,,0,,,,,0,,0,0,,0,,9,4,,13,,19,11,,30
PPLG-01        ,Baseus Amblight Quick Charge power bank 33W 30000mAh Black,6953156292079,1,,,,,,5,0,0,,5,,88.91,88.91,,88.91,,144.50,149.50,,,299.00,299.00,,,,,,0,,,,,0,,,,,0,,,,,0,,,,,0,,0,0,,0,0,0,0,,0
NGH15-01       ,BASEUS GAMO H15 BLACK 3.5MM WIRED IN-EAR EARPHONES                                                            ,6953156292314,,1,1,,,,,52,23,,75,,18.13,18.13,,18.13,,49.50,54.50,,,109.00,109.00,,,,,,0,,,,,0,,,,,0,,,,,0,,,,,0,,0,0,,0,,8,1,,9
NGH15-91       ,BASEUS GAMO H15 RES/BLACK 3.5MM WIRED IN-EAR EARPHONES                                                        ,6953156292321,,1,1,,5.00,,,54,34,,88,,18.13,18.13,,18.13,,49.50,54.50,,,109.00,109.00,,,,,,0,,,,,0,,,,,0,,,,,0,,,,,0,,0,0,,0,,8,0,,8
NGC15-01,Baseus GAMO Type-c Wired Earphone C15 Black,6953156292338,1,,,,45.00,,5,,,,5,,,,,0.00,,,,,,,,,,,,,0,,,,,0,,,,,0,,,,,0,,,,,0,,,,,0,0,,,,0
NGC15-91,Baseus GAMO Type-c Wired Earphone C15 Red-black,6953156292345,1,,,,12.00,,5,,,,5,,,,,0.00,,,,,,,,,,,,,0,,,,,0,,,,,0,,,,,0,,,,,0,,,,,0,0,,,,0
CAHUB-AZ0G     ,BASEUS SUPERLATIVE MULTIFUNCTIONAL HUB DEEP GREY                                                              ,6953156293014,,1,1,,53.00,,,50,25,,75,,102.13,102.13,,102.13,,150.00,155.00,,,309.00,309.00,,,,,,0,,,,,0,,,,,0,,,,,0,,,,,0,,0,0,,0,,3,0,,3
CAHUB-CZ0G,Baseus Multi-functional HUB (Type-C to 3xUSB3.0+HD4K+SD/TF+PD) Deep gray,6953156293038,1,,,,12.00,,5,,,,5,,,,,0.00,,,,,,,,,,,,,0,,,,,0,,,,,0,,,,,0,,,,,0,,,,,0,0,,,,0
CAHUB-DZ0G,Baseus Multi-functional HUB (Type-C to 3xUSB3.0+HD4K+RJ45+PD) Deep gray,6953156293045,1,,,,21.00,,5,,,,5,,,,,0.00,,,,,,,,,,,,,0,,,,,0,,,,,0,,,,,0,,,,,0,,,,,0,0,,,,0
CAHUB-EZ0G,Baseus Multi-functional HUB (Type-C to 4xUSB3.0+PD) Deep gray,6953156293052,1,,,,3.00,,5,,,,5,,,,,0.00,,,,,,,,,,,,,0,,,,,0,,,,,0,,,,,0,,,,,0,,,,,0,0,,,,0
NGA03-01       ,Baseus Encok Wireless Earphone A03 Black,6953156293243,1,1,,,1.00,,2,39,0,,41,,30.82,30.82,,30.82,,69.50,74.50,,,149.00,149.00,,,,,,0,,,,,0,,,,,0,,,,,0,,,,,0,,0,0,,0,2,12,0,,14
NGA03-02       ,Baseus Encok Wireless Earphone A03 White,6953156293250,1,1,1,,21.00,,11,53,25,,89,,27.19,27.19,,27.19,,69.50,74.50,,,149.00,149.00,,,,,,0,,,,,0,,,,,0,,,,,0,,,,,0,,0,0,,0,1,10,1,,12
NGW01-01       ,BASEUS ENCOK W01 BLACK TRUE WIRELESS IN-EAR EARPHONES                                                         ,6953156293267,,1,1,,16.00,,,58,34,,92,,66.22,66.22,,66.22,,114.50,119.50,,,239.00,239.00,,,,,,0,,,,,0,,,,,0,,,,,0,,,,,0,,0,0,,0,,5,0,,5
NGW01-02       ,BASEUS ENCOK W01 WHITE TRUE WIRELESS IN-EAR EARPHONES                                                         ,6953156293274,,1,1,,38.00,,,53,34,,87,,66.22,66.22,,66.22,,114.50,119.50,,,239.00,239.00,,,,,,0,,,,,0,,,,,0,,,,,0,,,,,0,,4,0,,4,,4,0,,4
CATMBJ-BG1,Baseus Simple HW Quick Charge Charging Data Cable USB For Type-C 40W 23cm Gray black,6953156293427,1,,,,7.00,,10,,,,10,,,,,0.00,,,,,,,,,,,,,0,,,,,0,,,,,0,,,,,0,,,,,0,,,,,0,0,,,,0
CATMBJ-BV3,Baseus Simple HW Quick Charge Charging Data Cable USB For Type-C 40W 23cm gold blue,6953156293434,1,,,,22.00,,10,,,,10,,,,,0.00,,,,,,,,,,,,,0,,,,,0,,,,,0,,,,,0,,,,,0,,,,,0,0,,,,0
CA1T4-I0G      ,Baseus Star Ring Series Four-in-one Wireless Charging Cable USB For+M+L+T+iW 1.2m Deep gray,6953156293618,1,,,,115.00,Not OK,10,0,0,,10,,28.96,28.96,,28.96,,65.00,69.50,,,65.00,139.00,,,,,,0,,,,,0,,,,,0,,,,,0,,,0,,0,,,0,,0,0,0,0,,0
WXYYQIW03-01,Baseus YOYO Wireless Charger for iW（with 1M Cable）B,6953156293632,1,,,,41.00,,5,,,,5,,,,,0.00,,,,,,,,,,,,,0,,,,,0,,,,,0,,,,,0,,,,,0,,,,,0,0,,,,0
WXYYQIW03-02,Baseus YOYO Wireless Charger for iW（with 1M Cable）W,6953156293649,1,,,,6.00,,5,,,,5,,,,,0.00,,,,,,,,,,,,,0,,,,,0,,,,,0,,,,,0,,,,,0,,,,,0,0,,,,0
CAHUB-AH01,Baseus Converter (HD4K to VGA+Micro+DC3.5) Black,6953156293892,1,,,,4.00,,5,,,,5,,,,,0.00,,,,,,,,,,,,,0,,,,,0,,,,,0,,,,,0,,,,,0,,,,,0,0,,,,0
WXYDIW02-01    ,Baseus Dotter Wireless Charger for AP Watch Black,6953156294073,1,1,1,,18.00,,5,56,28,,89,,23.57,23.57,,23.57,,49.50,54.50,,,109.00,109.00,,,,,,0,,,,,0,,,,,0,,,,,0,,,,,0,,1,0,,1,0,9,5,,14
WXYDIW02-02    ,BASEUS DOTTER WHITE WIRELESS CHARGER FOR APPLE WATCH                                                          ,6953156294080,,1,1,,19.00,,,56,22,,78,,23.57,23.57,,23.57,,49.50,54.50,,,109.00,109.00,,,,,,0,,,,,0,,,,,0,,,,,0,,,,,0,,0,0,,0,,8,2,,10
WIAPIPH58-QA01 ,Baseus Transparent Key Phone Case For IPX/XS 5.8inch Black,6953156295117,1,1,1,,,,5,46,24,,75,,6.60,6.60,,6.60,,30.00,34.50,,,30.00,69.00,,,,,,0,,,,,0,,,,,0,,,,,0,,,0,,0,,,0,,0,0,8,0,,8
WIAPIPH58-QA02 ,Baseus Transparent Key Phone Case For IPX/XS 5.8inch Transparent,6953156295124,1,1,1,,6.00,,4,45,23,,72,,6.60,6.60,,6.60,,30.00,34.50,,,30.00,69.00,,,,,,0,,,,,0,,,,,0,,,,,0,,,0,,0,,,0,,0,1,7,1,,9
WIAPPOD-BZ01,Baseus Ultrathin Series Silica Gel Protector for Airpods 1/2 Black,6953156295131,1,,,,15.00,,5,,,,5,,,,,0.00,,,,,,,,,,,,,0,,,,,0,,,,,0,,,,,0,,,,,0,,,,,0,5,,,,5
WIAPPOD-BZ04,Baseus Ultrathin Series Silica Gel Protector for Airpods 1/2 Pink,6953156295148,,,,,40.00,,0,,,,0,,,,,0.00,,,,,,,,,,,,,0,,,,,0,,,,,0,,,,,0,,,,,0,,,,,0,5,,,,5
WIAPPOD-BZ0Y,Baseus Ultrathin Series Silica Gel Protector for Airpods 1/2 Yellow,6953156295162,1,,,,32.00,,4,,,,4,,,,,0.00,,,,,,,,,,,,,0,,,,,0,,,,,0,,,,,0,,,,,0,,,,,0,1,,,,1
WIAPPOD-BZ0G,Baseus Ultrathin Series Silica Gel Protector for Airpods 1/2 Grey,6953156295179,1,,,,15.00,,5,,,,5,,,,,0.00,,,,,,,,,,,,,0,,,,,0,,,,,0,,,,,0,,,,,0,,,,,0,0,,,,0
WX3IN1-01      ,Baseus Smart 3in1 Wireless Charger For Phone+Watch+Pods（18W MAX）B,6953156295483,1,1,,,9.00,,4,39,0,,43,,51.18,51.18,,51.18,,95.00,100.00,,,95.00,199.00,,,,,,0,,,,,0,,,,,0,,,,,0,,,0,,0,,,0,,0,1,9,0,,10
WX3IN1-02      ,Baseus Smart 3in1 Wireless Charger For Phone+Watch+Pods（18W MAX）W,6953156295490,1,1,,,4.00,,5,20,0,,25,,55.17,55.17,,55.17,,95.00,100.00,,,95.00,199.00,,,,,,0,,,,,0,,,,,0,,,,,0,,,0,,0,,,0,,0,0,8,0,,8
4KCD6901       ,USAMS 4000MAH POWER BANK CASE BLACK FOR IPHONE XS MAX                                                         ,6958444961736,,,,,,,,0,,,0,,45.00,,,45.00,,94.50,,,,199.00,,,,34,,,34,,9,,,9,,0,,,0,,0,,,0,,0,,,0,,0,,,0,,0,,,0
RPH0890        ,ROCK SHOOTING GAME CONTROLLER WITH HANDLE BLACK                                                               ,6971680477397,,,,,,,,0,0,,0,,18.00,18.00,,18.00,,35.00,39.50,,,73.00,79.00,,,,,,0,,,,,0,,,,,0,,0,0,,0,,0,0,,0,,0,0,,0,,0,0,,0
BDC-480 SILVER ,Brave Lightning USB Fast Charger Data Cable 2.4A 1m (MFI Certified) - Silver,7447902860074,1,1,1,,2680.00,,8,52,28,,88,,15.43,15.43,,15.43,,29.50,34.50,,,59.00,69.00,,,,,,0,,,,,0,,,,,0,,,,,0,,,,,0,,5,0,,5,2,33,6,,41
BBP-905        ,Brave Backapck with Bluetooth Speaker and Power Bank 5000mAh Nylon Beige,7447902860388,1,,,,87.00,,5,0,,,5,197.68,197.68,,,197.68,324.35,487.00,,,,787.00,,,,0,,,0,,1,,,1,,0,,,0,,1,,,1,1,0,,,1,,0,,,0,0,0,,,0
BBP-904        ,Brave Backapck with Bluetooth Speaker and Power Bank 5000mAh Nylon Dark Camouflage,7447902860456,1,,,,28.00,,3,0,,0,3,197.68,197.68,,,197.68,324.35,487.00,,513.81,,787.00,,799,,1,,,1,,2,,,2,,1,,0,1,,3,,0,3,,0,,0,0,4,0,,2,6,2,0,,0,2
BBP-903        ,Brave Backapck with Bluetooth Speaker and Power Bank 5000mAh Nylon Army Grey,7447902860524,1,,,,33.00,,1,-1,,,0,197.68,197.68,,,197.68,324.35,487.00,,,,787.00,,,,0,,,0,,0,,,0,,1,,,1,,2,,,2,,0,,,0,,0,,,0,0,0,,,0
BBP-902        ,Brave Backapck with Bluetooth Speaker and Power Bank 5000mAh Nylon Black Circuit Pattern,7447902860692,1,,,,101.00,Not OK,1,0,,0,1,197.68,197.68,,,197.68,324.35,487.00,,513.81,,787.00,,799,,1,,,1,,5,,,5,,0,,0,0,,2,,0,2,,0,,0,0,1,0,,2,3,1,0,,0,1
BBP-901        ,Brave Backapck with Bluetooth Speaker and Power Bank 5000mAh Leather Black PU,7447902860838,1,,,,141.00,Not OK,4,0,,0,4,197.68,197.68,,,197.68,324.35,487.00,,513.81,,787.00,,799,,1,,,1,,3,,,3,,0,,0,0,,2,,1,3,1,0,,0,1,2,0,,1,3,1,0,,0,1
BCC-36W        ,BRAVE 2-PORT TYPE-C & QUICK CHARGE CAR CHARGER                                                                ,7447902861064,,1,1,,1684.00,,,32,25,,57,,13.44,13.44,,13.44,,45.00,50.00,,,89.00,99.00,,,,,,0,,,,,0,,,,,0,,,,,0,,11,0,,11,,17,0,,17,,20,1,,21
BAC-105        ,Brave Lightning to 3.5mm Audio Cable White,7447902861996,1,1,1,,,,2,42,18,,62,22.36,23.00,23.00,,23.00,54.45,44.50,49.50,,,93.00,99.00,,,,,,0,,,,,0,,,,,0,,2,0,,2,,14,0,,14,3,25,8,,36,0,15,14,,29
BHL-715        ,BRAVE 2-IN-1 UNIVERSAL MAGNETIC HOLDER                                                                        ,7447902862290,,1,1,,1645.00,,,38,20,,58,,12.00,12.00,,12.00,,30.00,34.50,,,62.00,69.00,,,,,,0,,,,,0,,,,,0,,0,0,,0,,33,0,,33,,50,17,,67,,34,16,,50
BDC-480 BLACK  ,Brave Lightning USB Fast Charger Data Cable 2.4A 1m (MFI Certified) - Black,7447902862818,1,1,1,,2623.00,,9,45,26,,80,,15.43,15.43,,15.43,,29.50,34.50,,,59.00,69.00,,,,,,0,,,,,0,,,,,0,,,,,0,,,,,0,,5,0,,5,1,35,8,,44
