PERIODE DU 01/09/19 AU 07/09/19,,,,,,,,,,,,,,,,,,,,,,,,,,,,,,,,,,,,,,,
Sku,UPC,Catalogue Nï,Title,Label,Cost Price,V.S.P.,301.Quantit,301.Sales Quantity,301.Sales Value,302.Quantit,302.Sales Quantity,302.Sales Value,303.Quantit,303.Sales Quantity,303.Sales Value,304.Quantit,304.Sales Quantity,304.Sales Value,305.Quantit,305.Sales Quantity,305.Sales Value,306.Quantit,306.Sales Quantity,306.Sales Value,307.Quantit,307.Sales Quantity,307.Sales Value,322.Quantit,322.Sales Quantity,322.Sales Value,390.Quantit,390.Sales Quantity,390.Sales Value,398.Quantit,398.Sales Quantity,398.Sales Value,399.Quantit,399.Sales Quantity,399.Sales Value
317277,4716076166958,BK18002-BK     ,BONE COLLECTION BIKE TIE PRO 2 BLACK                                                                          ,BONE COLLECTION               ,44.5,89,0,0,0,0,0,0,0,0,0,0,0,0,0,0,0,0,0,0,0,0,0,0,0,0,0,0,0,0,0,0,0,0,0
317278,4716076166941,BK18002-R      ,BONE COLLECTION BIKE TIE PRO 2 RED                                                                            ,BONE COLLECTION               ,44.5,89,2,0,0,2,0,0,0,0,0,0,0,0,0,0,0,2,0,0,0,0,0,0,0,0,0,0,0,0,0,0,0,0,0
317280,4716076166965,BK18002-GR     ,BONE COLLECTION BIKE TIE PRO 2 GREY                                                                           ,BONE COLLECTION               ,44.5,89,2,0,0,2,0,0,0,0,0,0,0,0,0,0,0,2,0,0,0,0,0,0,0,0,0,0,0,0,0,0,0,0,0
317296,4716076167474,PH18502-GR     ,BONE COLLECTION RUN TIE GREY L ARMBAND                                                                        ,BONE COLLECTION               ,49.5,99,8,0,0,6,0,0,0,0,0,0,0,0,0,0,0,5,0,0,6,0,0,0,0,0,0,0,0,0,0,0,0,0,0
317301,4716076167450,PH18501-GR     ,BONE COLLECTION RUN TIE GREY S ARMBAND                                                                        ,BONE COLLECTION               ,49.5,99,3,0,0,2,0,0,0,0,0,0,0,0,0,0,0,2,0,0,2,0,0,0,0,0,0,0,0,0,0,0,0,0,0
317311,4716076168341,PH18101-DEE    ,BONE COLLECTION MR DEER QCASE FOR IPHONE XS                                                                   ,BONE COLLECTION               ,34.5,69,8,0,0,3,0,0,0,0,0,0,0,0,0,0,0,4,0,0,3,0,0,0,0,0,0,0,0,0,0,0,0,0,0
317312,4716076168358,PH18101-DUC    ,BONE COLLECTION PATTI DUCK QCASE FOR IPHONE XS                                                                ,BONE COLLECTION               ,34.5,69,0,0,0,0,0,0,0,0,0,0,0,0,0,0,0,0,0,0,0,0,0,0,0,0,0,0,0,0,0,0,0,0,0
317316,4716076168365,PH18101-CAT    ,BONE COLLECTION MIAO CAT QCASE FOR IPHONE XS                                                                  ,BONE COLLECTION               ,34.5,69,1,0,0,0,0,0,0,0,0,0,0,0,0,0,0,1,0,0,0,0,0,0,0,0,0,0,0,0,0,0,0,0,0
317320,4716076167856,PH18080-DEE    ,BONE COLLECTION MR DEER QCASE FOR IPHONE XS MAX                                                               ,BONE COLLECTION               ,34.5,69,5,0,0,2,0,0,0,0,0,0,0,0,0,0,0,2,0,0,4,0,0,0,0,0,0,0,0,0,0,0,0,0,0
317324,4716076167863,PH18080-DUC    ,BONE COLLECTION PATTI DUCK QCASE FOR IPHONE XS MAX                                                            ,BONE COLLECTION               ,34.5,69,0,0,0,0,0,0,0,0,0,0,0,0,0,0,0,0,0,0,0,0,0,0,0,0,0,0,0,0,0,0,0,0,0
317327,4716076167870,PH18080-CAT    ,BONE COLLECTION MIAO CAT QCASE FOR IPHONE XS MAX                                                              ,BONE COLLECTION               ,34.5,69,6,0,0,0,0,0,0,0,0,0,0,0,0,0,0,1,0,0,2,0,0,0,0,0,0,0,0,0,0,0,0,0,0
317333,4716076167924,PH18082-PEN    ,BONE COLLECTION MARU PENGUIN BUBBLE CASE FOR IPHONE XS                                                        ,BONE COLLECTION               ,34.5,69,5,0,0,0,0,0,0,0,0,0,0,0,0,0,0,0,0,0,0,0,0,0,0,0,0,0,0,0,0,0,0,0,0
317335,4716076167931,PH18082-DEE    ,BONE COLLECTION MR DEER BUBBLE CASE FOR IPHONE XS                                                             ,BONE COLLECTION               ,34.5,69,8,0,0,3,0,0,0,0,0,0,0,0,0,0,0,3,0,0,3,1,69,0,0,0,0,0,0,0,0,0,0,0,0
317336,4716076167948,PH18082-DUC    ,BONE COLLECTION PATTI DUCK BUBBLE CASE FOR IPHONE XS                                                          ,BONE COLLECTION               ,34.5,69,6,1,69,0,0,0,0,0,0,0,0,0,0,0,0,0,0,0,0,0,0,0,0,0,0,0,0,0,0,0,0,0,0
317339,4716076167955,PH18082-CAT    ,BONE COLLECTION MIAO CAT BUBBLE CASE FOR IPHONE XS                                                            ,BONE COLLECTION               ,34.5,69,3,0,0,0,0,0,0,0,0,0,0,0,0,0,0,2,0,0,1,0,0,0,0,0,0,0,0,0,0,0,0,0,0
317343,4716076167979,PH18084-DEE    ,BONE COLLECTION MR DEER BUBBLE CASE FOR IPHONE XS MAX                                                         ,BONE COLLECTION               ,34.5,69,8,0,0,6,0,0,0,0,0,0,0,0,0,0,0,6,0,0,5,0,0,0,0,0,0,0,0,0,0,0,0,0,0
317345,4716076167993,PH18084-CAT    ,BONE COLLECTION MIAO CAT BUBBLE CASE FOR IPHONE XS MAX                                                        ,BONE COLLECTION               ,34.5,69,5,0,0,2,0,0,0,0,0,0,0,0,0,0,0,3,0,0,6,0,0,0,0,0,0,0,0,0,0,0,0,0,0
663479,6953156293014,CAHUB-AZ0G     ,BASEUS SUPERLATIVE MULTIFUNCTIONAL HUB DEEP GREY                                                              ,BASEUS                        ,155,309,4,0,0,4,0,0,0,0,0,0,0,0,0,0,0,8,0,0,7,0,0,0,0,0,0,0,0,0,0,0,0,0,0
663480,6953156292314,NGH15-01       ,BASEUS GAMO H15 BLACK 3.5MM WIRED IN-EAR EARPHONES                                                            ,BASEUS                        ,54.5,109,8,0,0,0,0,0,0,0,0,0,0,0,0,0,0,8,0,0,7,0,0,0,0,0,0,0,0,0,0,0,0,0,0
663481,6953156292321,NGH15-91       ,BASEUS GAMO H15 RES/BLACK 3.5MM WIRED IN-EAR EARPHONES                                                        ,BASEUS                        ,54.5,109,10,0,0,8,0,0,0,0,0,0,0,0,0,0,0,8,0,0,8,0,0,0,0,0,0,0,0,0,0,0,0,0,0
663501,6953156293267,NGW01-01       ,BASEUS ENCOK W01 BLACK TRUE WIRELESS IN-EAR EARPHONES                                                         ,BASEUS                        ,119.5,239,7,0,0,4,1,239,0,0,0,0,0,0,0,0,0,2,1,239,3,1,239,0,0,0,0,0,0,0,0,0,0,0,0
665858,6953156293274,NGW01-02       ,BASEUS ENCOK W01 WHITE TRUE WIRELESS IN-EAR EARPHONES                                                         ,BASEUS                        ,119.5,239,9,0,0,8,0,0,0,0,0,0,0,0,0,0,0,6,-1,-239,7,1,239,0,0,0,0,0,0,0,0,0,0,0,0
665859,6953156293243,NGA03-01       ,BASEUS ENCOK A03 BLACK WIRELESS IN-EAR EARPHONES                                                              ,BASEUS                        ,74.5,149,0,0,0,0,0,0,0,0,0,0,0,0,0,0,0,0,0,0,0,0,0,0,0,0,0,0,0,0,0,0,0,0,0
665860,6953156293250,NGA03-02       ,BASEUS ENCOK A03 WHITE WIRELESS IN-EAR EARPHONES                                                              ,BASEUS                        ,74.5,149,9,1,149,6,0,0,0,0,0,0,0,0,0,0,0,0,0,0,4,0,0,0,0,0,0,0,0,0,0,0,0,0,0
665862,6953156294073,WXYDIW02-01    ,BASEUS DOTTER BLACK WIRELESS CHARGER FOR APPLE WATCH                                                          ,BASEUS                        ,54.5,109,8,0,0,2,0,0,0,0,0,0,0,0,0,0,0,4,0,0,1,0,0,0,0,0,0,0,0,0,0,0,0,0,0
671807,6953156294080,WXYDIW02-02    ,BASEUS DOTTER WHITE WIRELESS CHARGER FOR APPLE WATCH                                                          ,BASEUS                        ,54.5,109,2,0,0,1,1,109,0,0,0,0,0,0,0,0,0,7,0,0,2,1,109,0,0,0,0,0,0,0,0,0,0,0,0
671812,6953156292079,PPLG-01        ,BASEUS AMBLIGHT 30000MAH POWER BANK BLACK                                                                     ,BASEUS                        ,149.5,299,0,0,0,0,0,0,0,0,0,0,0,0,0,0,0,0,0,0,0,0,0,0,0,0,0,0,0,0,0,0,0,0,0
674011,6953156286504,SUDYZP-D19     ,BASEUS FULLY FOLDING SELFIE STICK BLACK/RED                                                                   ,BASEUS                        ,79.5,159,0,0,0,0,0,0,0,0,0,0,0,0,0,0,0,0,0,0,0,0,0,0,0,0,0,0,0,0,0,0,0,0,0
676636,6953156286498,SUDYZP-D1S     ,BASEUS FULLY FOLDING SELFIE STICK BLACK/SLIVER                                                                ,BASEUS                        ,79.5,159,0,0,0,0,0,0,0,0,0,0,0,0,0,0,0,1,0,0,0,0,0,0,0,0,0,0,0,0,0,0,0,0,0
676638,6953156286481,SUDYZP-D1V     ,BASEUS FULLY FOLDING SELFIE STICK BLACK/GOLD                                                                  ,BASEUS                        ,79.5,159,0,0,0,0,0,0,0,0,0,0,0,0,0,0,0,0,0,0,0,0,0,0,0,0,0,0,0,0,0,0,0,0,0
676641,7447902860074,BDC-480 SILVER ,BRAVE MFI LIGHTNING CABLE 1M SILVER                                                                           ,BRAVE                         ,34.5,69,7,0,0,6,0,0,0,0,0,0,0,0,0,0,0,8,0,0,4,1,69,0,0,0,0,0,0,0,0,0,0,0,0
676642,7447902862818,BDC-480 BLACK  ,BRAVE MFI LIGHTNING CABLE 1M BLACK                                                                            ,BRAVE                         ,34.5,69,9,0,0,3,1,69,0,0,0,0,0,0,0,0,0,8,0,0,2,0,0,0,0,0,0,0,0,0,0,0,0,0,0
734836,6953156281479,WXZN-01        ,BASEUS CAR WIRELESS CHARGER SMART VEHICLE BRACKET                                                             ,BASEUS                        ,74.5,149,4,0,0,7,0,0,0,0,0,0,0,0,0,0,0,5,0,0,1,0,0,0,0,0,0,0,0,0,0,0,0,0,0
734837,6953156282964,ACHDCJ-01      ,BASEUS HOLDER RED-DOT MOBILE GAME SCORING TOOL BLACK                                                          ,BASEUS                        ,24.5,49,10,0,0,2,0,0,0,0,0,0,0,0,0,0,0,5,1,49,0,0,0,0,0,0,0,0,0,0,0,0,0,0,0
734838,6953156282971,ACHDCJ-02      ,BASEUS HOLDER RED-DOT MOBILE GAME SCORING TOOL TRANSPARENT                                                    ,BASEUS                        ,24.5,49,3,0,0,9,0,0,0,0,0,0,0,0,0,0,0,6,0,0,2,3,147,0,0,0,0,0,0,0,0,0,0,0,0
734867,6953156273887,NGW02-01       ,BASEUS ENCOK W02 TWS TRULY WIRELESS HEADSET BLACK                                                             ,BASEUS                        ,109.5,219,1,0,0,0,1,219,0,0,0,0,0,0,0,0,0,3,0,0,3,0,0,0,0,0,0,0,0,0,0,0,0,0,0
734868,6953156273894,NGW02-02       ,BASEUS ENCOK W02 TWS TRULY WIRELESS HEADSET WHITE                                                             ,BASEUS                        ,109.5,219,7,0,0,2,0,0,0,0,0,0,0,0,0,0,0,0,0,0,1,0,0,0,0,0,2,0,0,0,0,0,0,0,0
734881,6953156280243,WX2IN1-02      ,BASEUS SMART 2 IN 1 WIRELESS CHARGER WHITE                                                                    ,BASEUS                        ,89.5,179,2,0,0,3,2,358,0,0,0,0,0,0,0,0,0,4,0,0,0,0,0,0,0,0,0,0,0,0,0,0,0,0,0
734882,6953156278844,PPALL-AKU01    ,BASEUS MINI CU DIGITAL DISPLAY POWER BANK 10000MAH BLACK                                                      ,BASEUS                        ,69.5,139,5,0,0,3,0,0,0,0,0,0,0,0,0,0,0,0,0,0,3,1,139,0,0,0,0,0,0,0,0,0,0,0,0
734895,6953156276413,CCALL-RH01     ,BASEUS LOCOMOTIVE BLUETOOTH MP3 VEHICLE CHARGER BLACK                                                         ,BASEUS                        ,49.5,99,0,1,99,3,0,0,0,0,0,0,0,0,0,0,0,7,0,0,0,1,99,0,0,0,0,0,0,0,0,0,0,0,0
734899,6953156273030,ACCHZ-01       ,BASEUS ROTATION TYPE UNIVERSAL CHARGER BLACK                                                                  ,BASEUS                        ,54.5,109,3,0,0,0,0,0,0,0,0,0,0,0,0,0,0,0,0,0,0,0,0,0,0,0,15,0,0,0,0,0,0,0,0
734904,6953156278622,CAHUB-D0G      ,BASEUS CUBE TYPE-C TO USB3.0X3+USB2.0X2 HUB ADAPTER DARK GRAY                                                 ,BASEUS                        ,64.5,129,2,0,0,0,0,0,0,0,0,0,0,0,0,0,0,1,0,0,0,0,0,0,0,0,1,0,0,0,0,0,0,0,0
734907,6953156255814,SUGENT-ATR01   ,BASEUS CURVE MAGNET CAR MOUNT                                                                                 ,BASEUS                        ,24.5,49,0,0,0,0,0,0,0,0,0,0,0,0,0,0,0,0,0,0,0,0,0,0,0,0,0,0,0,0,0,0,0,0,0
734909,6953156253025,SUER-A01       ,BASEUS SMALL EARS MAGNETIC CAR VENT SUCTION BRACKET BLACK                                                     ,BASEUS                        ,24.5,49,7,0,0,1,1,49,0,0,0,0,0,0,0,0,0,2,0,0,0,0,0,0,0,0,0,0,0,0,0,0,0,0,0
734911,6953156253032,SUER-A0S       ,BASEUS SMALL EARS MAGNETIC CAR VENT SUCTION BRACKET ROSE SILVER                                               ,BASEUS                        ,24.5,49,0,0,0,3,0,0,0,0,0,0,0,0,0,0,0,4,0,0,0,0,0,0,0,0,0,0,0,0,0,0,0,0,0
734916,6953156259850,SUHS-DP01      ,BASEUS DOUBLE CLIP HORIZONTAL VEHICLE MOUNT BLACK                                                             ,BASEUS                        ,29.5,59,2,0,0,6,0,0,0,0,0,0,0,0,0,0,0,3,0,0,2,0,0,0,0,0,0,0,0,0,0,0,0,0,0
734920,6953156273085,SUYZD-01       ,BASEUS BULLET ON-BOARD CAR MAGNETIC BRACKET BLACK                                                             ,BASEUS                        ,34.5,69,9,0,0,3,0,0,0,0,0,0,0,0,0,0,0,4,0,0,0,0,0,0,0,0,0,0,0,0,0,0,0,0,0
734921,6953156273092,SUYZD-09       ,BASEUS BULLET ON-BOARD CAR MAGNETIC BRACKET RED                                                               ,BASEUS                        ,34.5,69,3,0,0,0,1,69,0,0,0,0,0,0,0,0,0,0,0,0,0,0,0,0,0,0,0,0,0,0,0,0,0,0,0
734922,6953156273108,SUYZD-0S       ,BASEUS BULLET ON-BOARD CAR MAGNETIC BRACKET SILVER                                                            ,BASEUS                        ,34.5,69,15,1,69,4,2,138,0,0,0,0,0,0,0,0,0,3,0,0,0,0,0,0,0,0,0,0,0,0,0,0,0,0,0
734927,6953156253063,SUER-B01       ,BASEUS SMALL EARS VERTICAL MAGNETIC BRACKET BLACK                                                             ,BASEUS                        ,24.5,49,0,0,0,2,0,0,0,0,0,0,0,0,0,0,0,3,0,0,0,0,0,0,0,0,0,0,0,0,0,0,0,0,0
734928,6953156253070,SUER-B0S       ,BASEUS SMALL EARS VERTICAL MAGNETIC BRACKET ROSE SILVER                                                       ,BASEUS                        ,24.5,49,0,0,0,4,0,0,0,0,0,0,0,0,0,0,0,5,0,0,0,0,0,0,0,0,0,0,0,0,0,0,0,0,0
734941,6953156281691,WXXP-01        ,BASEUS WIRELESS CHARGER SUCTION CUP BLACK                                                                     ,BASEUS                        ,44.5,89,1,0,0,0,0,0,0,0,0,0,0,0,0,0,0,0,0,0,0,0,0,0,0,0,3,0,0,0,0,0,0,0,0
734942,6953156281370,TZARGS-09      ,BASEUS CASE FOR AIRPODS RED                                                                                   ,BASEUS                        ,24.5,49,4,0,0,4,1,49,0,0,0,0,0,0,0,0,0,1,0,0,3,0,0,0,0,0,0,0,0,0,0,0,0,0,0
734943,6953156281363,TZARGS-01      ,BASEUS CASE FOR AIRPODS BLACK                                                                                 ,BASEUS                        ,24.5,49,21,0,0,0,0,0,0,0,0,0,0,0,0,0,0,3,1,49,0,0,0,0,0,0,0,0,0,0,0,0,0,0,0
734944,6953156281387,TZARGS-G2      ,BASEUS CASE FOR AIRPODS GRAY                                                                                  ,BASEUS                        ,24.5,49,11,0,0,3,2,98,0,0,0,0,0,0,0,0,0,2,0,0,5,0,0,0,0,0,0,0,0,0,0,0,0,0,0
734948,6953156276673,ACSR-MS01      ,BASEUS MAGIC MONSTER GAMEPAD STYLE POWER BANK 2000MAH                                                         ,BASEUS                        ,54.5,109,0,0,0,0,0,0,0,0,0,0,0,0,0,0,0,0,0,0,0,0,0,0,0,0,0,0,0,0,0,0,0,0,0
738078,6953156284647,ACSLCJ-06      ,BASEUS GRENADE BLACK/ARMY GREEN GRIP FOR SMARTPHONES                                                          ,BASEUS                        ,24.5,49,11,0,0,0,0,0,0,0,0,0,0,0,0,0,0,1,1,49,0,0,0,0,0,0,0,0,0,0,0,0,0,0,0
739727,6953156282940,WIAPPOD-01     ,BASEUS PROTECTIVE CASE/WIRELESS CHARGER BLACK FOR AIRPODS                                                     ,BASEUS                        ,49.5,99,2,0,0,5,0,0,0,0,0,0,0,0,0,0,0,4,0,0,0,0,0,0,0,0,0,0,0,0,0,0,0,0,0
739728,6953156282957,WIAPPOD-09     ,BASEUS PROTECTIVE CASE/WIRELESS CHARGER RED FOR AIRPODS                                                       ,BASEUS                        ,49.5,99,4,1,99,0,0,0,0,0,0,0,0,0,0,0,0,1,0,0,1,0,0,0,0,0,3,0,0,0,0,0,0,0,0
742248,6953156284630,ACSLCJ-01      ,BASEUS GRENADE BLACK GRIP FOR SMARTPHONES                                                                     ,BASEUS                        ,24.5,49,8,0,0,0,0,0,0,0,0,0,0,0,0,0,0,2,1,49,2,0,0,0,0,0,0,0,0,0,0,0,0,0,0
742249,6953156286603,SUCJLF-01      ,BASEUS WINNER COOLING HEAT SINK BLACK FOR SMARTPHONES                                                         ,BASEUS                        ,49.5,99,7,0,0,5,0,0,0,0,0,0,0,0,0,0,0,0,0,0,1,0,0,0,0,0,0,0,0,0,0,0,0,0,0
742292,6953156279650,SGAPIPD-CX02   ,BASEUS 0.3MM TEMPERED GLASS FILM TRANSPARENT FOR IPAD PRO 11-INCH                                             ,BASEUS                        ,39.5,79,4,0,0,0,0,0,0,0,0,0,0,0,0,0,0,0,0,0,0,0,0,0,0,0,17,0,0,0,0,0,0,0,0
742293,6953156279667,SGAPIPD-DX02   ,BASEUS 0.3MM ANTI-BLUE LIGHT TEMPERED GLASS FILM TRANSPARENT FOR IPAD PRO 11-INCH                             ,BASEUS                        ,49.5,99,2,1,99,0,0,0,0,0,0,0,0,0,0,0,0,0,0,0,0,0,0,0,0,0,11,0,0,0,0,0,0,0,0
742294,6953156282100,LTAPIPD-ASM03  ,BASEUS SIMPLISM Y-TYPE LEATHER CASE BLUE FOR IPAD PRO 11-INCH                                                 ,BASEUS                        ,79.5,159,7,0,0,3,0,0,0,0,0,0,0,0,0,0,0,0,0,0,0,0,0,0,0,0,10,0,0,0,0,0,0,0,0
742296,6953156279148,SUGENT-XF01    ,BASEUS SUSPENSION GLASS DESKTOP BRACKET BLACK FOR SMARTPHONES                                                 ,BASEUS                        ,39.5,79,5,0,0,11,0,0,0,0,0,0,0,0,0,0,0,3,0,0,0,0,0,0,0,0,0,0,0,0,0,0,0,0,0
742298,6953156270640,ACAPIPHX-BJ01  ,BASEUS PLAID BLACK 3500MAH POWER BANK FOR IPHONE X                                                            ,BASEUS                        ,94.5,189,0,0,0,5,0,0,0,0,0,0,0,0,0,0,0,0,0,0,2,0,0,0,0,0,0,0,0,0,0,0,0,0,0
742300,6953156284401,ACPCL-01       ,BASEUS GOLDEN CUDGEL CAPACITIVE STYLUS BLACK                                                                  ,BASEUS                        ,29.5,59,11,3,177,2,4,236,0,0,0,0,0,0,0,0,0,7,0,0,1,2,118,0,0,0,0,0,0,0,0,0,0,0,0
743939,6953156282247,NGH08-01       ,BASEUS H08 BLACK IMMERSIVE VIRTUAL 3D GAMING IN-EAR EARPHONES                                                 ,BASEUS                        ,144.5,289,1,0,0,0,1,289,0,0,0,0,0,0,0,0,0,3,0,0,2,0,0,0,0,0,0,0,0,0,0,0,0,0,0
743955,6953156284821,WIAPIPH58-ASL03,BASEUS ORIGINAL LSR CASE LIGHT AQUA MARINE FOR IPHONE XS                                                      ,BASEUS                        ,34.5,69,0,0,0,0,0,0,0,0,0,0,0,0,0,0,0,5,0,0,0,0,0,0,0,0,0,0,0,0,0,0,0,0,0
743956,6953156284838,WIAPIPH58-ASL04,BASEUS ORIGINAL LSR CASE PINK FOR IPHONE XS                                                                   ,BASEUS                        ,34.5,69,0,0,0,0,0,0,0,0,0,0,0,0,0,0,0,0,0,0,0,0,0,0,0,0,0,0,0,0,0,0,0,0,0
743968,6953156279025,SUCJG9-02      ,BASEUS G9 MOBILE GAME SCORING TOOL WHITE FOR SMARTPHONES/TABLET                                               ,BASEUS                        ,24.5,49,10,1,49,3,0,0,0,0,0,0,0,0,0,0,0,5,0,0,0,0,0,0,0,0,0,0,0,0,0,0,0,0,0
743975,6953156279018,SUCJG9-01      ,BASEUS G9 MOBILE GAME SCORING TOOL BLACK FOR SMARTPHONES/TABLET                                               ,BASEUS                        ,24.5,49,6,0,0,0,0,0,0,0,0,0,0,0,0,0,0,6,1,49,0,0,0,0,0,0,0,0,0,0,0,0,0,0,0
748127,4716076167467,PH18502-BK     ,BONE COLLECTION RUN TIE BLACK LARGE FOR SMARTPHONES 4-6.5 INCH                                                ,BONE COLLECTION               ,49.5,99,1,0,0,0,0,0,0,0,0,0,0,0,0,0,0,1,0,0,0,0,0,0,0,0,0,0,0,0,0,0,0,0,0
748129,4716076167313,DR18041-32BK   ,BONE COLLECTION MARU PENGUIN 32GB USB 3.0                                                                     ,BONE COLLECTION               ,58,89,6,1,89,5,0,0,0,0,0,0,0,0,0,0,0,5,0,0,5,0,0,0,0,0,0,0,0,0,0,0,0,0,0
748131,4716076167337,DR18043-32BR   ,BONE COLLECTION MR. DEER 32GB USB 3.0                                                                         ,BONE COLLECTION               ,58,89,6,1,89,5,0,0,0,0,0,0,0,0,0,0,0,6,0,0,6,0,0,0,0,0,0,0,0,0,0,0,0,0,0
758117,7447902861996,BAC-105        ,BRAVE LIGHTNING TO 3.5MM AUDIO CABLE WHITE                                                                    ,BRAVE                         ,49.5,99,2,0,0,1,2,198,0,0,0,0,0,0,0,0,0,3,0,0,2,1,99,0,0,0,0,0,0,0,0,0,0,0,0
758119,744790286205,BTC-320BK      ,BRAVE 2-PORT USB WALL CHARGER BLACK                                                                           ,BRAVE                         ,49.5,99,0,0,0,5,1,99,0,0,0,0,0,0,0,0,0,6,0,0,13,0,0,0,0,0,0,0,0,0,0,0,0,0,0
758121,6953156288126,SUWNT-01       ,BASEUS FOLDING UNIVERSAL STICKER BLACK                                                                        ,BASEUS                        ,34.5,69,5,0,0,0,0,0,0,0,0,0,0,0,0,0,0,5,0,0,3,0,0,0,0,0,0,0,0,0,0,0,0,0,0
758124,6953156288133,SUWNT-02       ,BASEUS FOLDING UNIVERSAL STICKER TRANSPARENT                                                                  ,BASEUS                        ,34.5,69,12,0,0,4,0,0,0,0,0,0,0,0,0,0,0,3,0,0,3,0,0,0,0,0,0,0,0,0,0,0,0,0,0
758125,6953156271791,WXYL-A01       ,BASEUS OSCULUM WIRELESS GRAVITY CAR CHARGER                                                                   ,BASEUS                        ,79.5,159,5,0,0,3,0,0,0,0,0,0,0,0,0,0,0,4,0,0,1,0,0,0,0,0,0,0,0,0,0,0,0,0,0
758126,6953156278585,CATL45-01      ,BASEUS AUDIO CONVERTER CATL45                                                                                 ,BASEUS                        ,34.5,69,0,0,0,0,0,0,0,0,0,0,0,0,0,0,0,0,0,0,0,0,0,0,0,0,0,0,0,0,0,0,0,0,0
758127,6953156282278,CATL41-01      ,BASEUS TYPE-C TO 3.5MM AUDIO CHARGING ADAPTER BLACK                                                           ,BASEUS                        ,34.5,69,5,0,0,2,1,69,0,0,0,0,0,0,0,0,0,0,0,0,0,0,0,0,0,0,0,0,0,0,0,0,0,0,0
758128,6953156285101,WXZN-B01       ,BASEUS SMART VEHICLE BRACKET WIRELESS CHARGER WITH INFRARED SENSOR BLACK                                      ,BASEUS                        ,104.5,209,2,1,209,2,0,0,0,0,0,0,0,0,0,0,0,0,0,0,3,1,209,0,0,0,0,0,0,0,0,0,0,0,0
758226,6953156290853,ACJHQ-01       ,BASEUS MICROMOLECULE FORMALDEHYDE PURIFIER DEEP SPACE BLACK                                                   ,BASEUS                        ,54.5,109,0,0,0,0,0,0,0,0,0,0,0,0,0,0,0,0,0,0,0,0,0,0,0,0,0,0,0,0,0,0,0,0,0
758227,6953156290860,ACJHQ-0S       ,BASEUS MICROMOLECULE FORMALDEHYDE PURIFIER SILVER                                                             ,BASEUS                        ,54.5,109,0,0,0,0,0,0,0,0,0,0,0,0,0,0,0,0,0,0,0,0,0,0,0,0,0,0,0,0,0,0,0,0,0
758228,6953156261358,SUHZ-01        ,BASEUS BACK SEAT CAR MOUNT BLACK                                                                              ,BASEUS                        ,39.5,79,3,2,158,3,0,0,0,0,0,0,0,0,0,0,0,1,0,0,6,0,0,0,0,0,0,0,0,0,0,0,0,0,0
758229,6953156261365,SUHZ-2S        ,BASEUS BACK SEAT CAR MOUNT SILVER                                                                             ,BASEUS                        ,39.5,79,0,0,0,0,0,0,0,0,0,0,0,0,0,0,0,0,0,0,0,0,0,0,0,0,0,0,0,0,0,0,0,0,0
758230,6971680477397,RPH0890        ,ROCK SHOOTING GAME CONTROLLER WITH HANDLE BLACK                                                               ,ROCK                          ,39.5,79,0,0,0,0,0,0,0,0,0,0,0,0,0,0,0,0,0,0,0,0,0,0,0,0,0,0,0,0,0,0,0,0,0
758231,7447902862290,BHL-715        ,BRAVE 2-IN-1 UNIVERSAL MAGNETIC HOLDER                                                                        ,BRAVEN                        ,34.5,69,0,0,0,0,0,0,0,0,0,0,0,0,0,0,0,10,0,0,0,0,0,0,0,0,0,0,0,0,0,0,0,0,0
758233,6953156289734,SGAPIPH58-WA01 ,BASEUS FULL-SCREEN CURVED TEMPERED GLASS SCREEN PROTECTOR BLACK FOR IPHONE XS/X                               ,BASEUS                        ,45,89,0,0,0,0,0,0,0,0,0,0,0,0,0,0,0,0,0,0,0,0,0,0,0,0,0,0,0,0,0,0,0,0,0
758235,6953156289758,SGAPIPH58-WC01 ,BASEUS FULL-SCREEN CURVED PRIVACY TEMPERED GLASS SCREEN PROTECTOR BLACK FOR IPHONE XS/X                       ,BASEUS                        ,50,99,9,1,99,0,0,0,0,0,0,0,0,0,0,0,0,0,0,0,0,0,0,0,0,0,0,0,0,0,0,0,0,0,0
758236,6953156289819,SGAPIPH65-WC01 ,BASEUS FULL-SCREEN CURVED PRIVACY TEMPERED GLASS SCREEN PROTECTOR BLACK FOR IPHONE XS MAX                     ,BASEUS                        ,50,99,11,1,99,0,0,0,0,0,0,0,0,0,0,0,0,0,0,0,0,0,0,0,0,0,0,0,0,0,0,0,0,0,0
758241,6953156288935,CAHUB-T01      ,BASEUS MATE DOCKING TYPE-C HUB DOCKING STATION BLACK                                                          ,BASEUS                        ,120,239,0,0,0,0,0,0,0,0,0,0,0,0,0,0,0,0,0,0,0,0,0,0,0,0,0,0,0,0,0,0,0,0,0
758244,6953156290488,CABA01-01      ,BASEUS BA01 USB WIRELESS ADAPTER CABLE BLACK                                                                  ,BASEUS                        ,50,99,0,0,0,0,0,0,0,0,0,0,0,0,0,0,0,0,0,0,0,0,0,0,0,0,0,0,0,0,0,0,0,0,0
758245,6953156290495,CABA01-09      ,BASEUS BA01 USB WIRELESS ADAPTER CABLE RED                                                                    ,BASEUS                        ,50,99,0,0,0,0,0,0,0,0,0,0,0,0,0,0,0,0,0,0,0,0,0,0,0,0,0,0,0,0,0,0,0,0,0
762676,6953156291492,CATXF-0G       ,BASEUS 7-IN-1 SQUARE DESK TYPE-C MULTI-FUNCTIONAL HUB TYPE-C                                                  ,BASEUS                        ,135,269,0,0,0,0,0,0,0,0,0,0,0,0,0,0,0,0,0,0,0,0,0,0,0,0,0,0,0,0,0,0,0,0,0
762677,6953156291638,SULR-0G        ,BASEUS UNLIMITED ADJUSTMENT LAZY PHONE HOLDER GREY                                                            ,BASEUS                        ,50,99,9,1,99,1,0,0,0,0,0,0,0,0,0,0,0,1,0,0,0,0,0,0,0,0,0,0,0,0,0,0,0,0,0
762678,6953156286979,CATYW-B03      ,BASEUS ARTISTIC STRIPED TYPE-C 3A CABLE 5M BLUE                                                               ,BASEUS                        ,45,89,0,0,0,4,0,0,0,0,0,0,0,0,0,0,0,5,0,0,11,1,89,0,0,0,0,0,0,0,0,0,0,0,0
762679,6953156286962,CATYW-B01      ,BASEUS ARTISTIC STRIPED TYPE-C 3A CABLE 5M BLACK                                                              ,BASEUS                        ,45,89,0,0,0,5,0,0,0,0,0,0,0,0,0,0,0,5,0,0,13,0,0,0,0,0,0,0,0,0,0,0,0,0,0
762680,6953156286986,CATYW-B09      ,BASEUS ARTISTIC STRIPED TYPE-C 3A CABLE 5M RED                                                                ,BASEUS                        ,45,89,0,0,0,5,0,0,0,0,0,0,0,0,0,0,0,6,0,0,12,0,0,0,0,0,0,0,0,0,0,0,0,0,0
762681,6953156284739,CATSR-01       ,BASEUS FISH-EYE SPRING TYPE-C 2A CABLE 1M BLACK                                                               ,BASEUS                        ,35,69,0,0,0,4,0,0,0,0,0,0,0,0,0,0,0,5,0,0,0,0,0,0,0,0,0,0,0,0,0,0,0,0,0
762682,6953156284746,CATSR-09       ,BASEUS FISH-EYE SPRING TYPE-C 2A CABLE 1M RED                                                                 ,BASEUS                        ,35,69,0,0,0,5,0,0,0,0,0,0,0,0,0,0,0,6,0,0,11,0,0,0,0,0,0,0,0,0,0,0,0,0,0
762683,7447902861064,BCC-36W        ,BRAVE 2-PORT TYPE-C & QUICK CHARGE CAR CHARGER                                                                ,BASEUS                        ,50,99,0,0,0,5,0,0,0,0,0,0,0,0,0,0,0,6,0,0,14,0,0,0,0,0,0,0,0,0,0,0,0,0,0
766138,6953156295483,WX3IN1-01      ,BASEUS SMART 3-IN-1 WIRELESS CHARGER 18W BLACK                                                                ,BASEUS                        ,100,199,0,0,0,0,0,0,0,0,0,0,0,0,0,0,0,0,0,0,0,0,0,0,0,0,0,0,0,0,0,0,0,0,0
766139,6953156295490,WX3IN1-02      ,BASEUS SMART 3-IN-1 WIRELESS CHARGER 18W WHITE                                                                ,BASEUS                        ,100,199,0,0,0,0,0,0,0,0,0,0,0,0,0,0,0,0,0,0,0,0,0,0,0,0,0,0,0,0,0,0,0,0,0
766140,6953156293618,CA1T4-I0G      ,BASEUS STAR RING SERIES 4-IN-1 CABLE 1.2M DEEP GREY                                                           ,BASEUS                        ,69.5,139,0,0,0,0,0,0,0,0,0,0,0,0,0,0,0,0,0,0,0,0,0,0,0,0,0,0,0,0,0,0,0,0,0
766141,6953156295117,WIAPIPH58-QA01 ,BASEUS TRANSPARENT KEY PHONE CASE BLACK FOR IPHONE XS                                                         ,BASEUS                        ,34.5,69,5,0,0,5,0,0,0,0,0,0,0,0,0,0,0,6,0,0,5,0,0,0,0,0,0,0,0,0,0,0,0,0,0
766142,6953156295124,WIAPIPH58-QA02 ,BASEUS TRANSPARENT KEY PHONE CASE TRANSPARENT FOR IPHONE XS                                                   ,BASEUS                        ,34.5,69,5,1,69,4,1,69,0,0,0,0,0,0,0,0,0,6,0,0,3,0,0,0,0,0,0,0,0,0,0,0,0,0,0
,,,,,,,,,,,,,,,,,,,,,,,,,,,,,,,,,,,,,,,
