PERIODE DU 24/02/19 AU 02/03/19,,,,,,,VILLAGIO,,,LMK,,,MOQ,,,DHFC,,,TTL Sold Qty,TTL Sold Value,SOH
Sku,UPC,Catalogue Nâ,Title,Label,Cost Price,V.S.P.,301.Quantit,301.Sales Quantity,301.Sales Value,302.Quantit,302.Sales Quantity,302.Sales Value,306.Quantit,306.Sales Quantity,306.Sales Value,307.Quantit,307.Sales Quantity,307.Sales Value,,,
734836,6953156281479.00,WXZN-01        ,BASEUS CAR WIRELESS CHARGER SMART VEHICLE BRACKET                                                             ,BASEUS                        ,74.5,149,4,1,149,3,0,0,3,0,0,4,0,0,1,149,14
734837,6953156282964.00,ACHDCJ-01      ,BASEUS HOLDER RED-DOT MOBILE GAME SCORING TOOL BLACK                                                          ,BASEUS                        ,24.5,49,12,4,196,14,0,0,10,5,245,11,2,98,11,539,47
734838,6953156282971.00,ACHDCJ-02      ,BASEUS HOLDER RED-DOT MOBILE GAME SCORING TOOL TRANSPARENT                                                    ,BASEUS                        ,24.5,49,15,1,49,12,0,0,6,5,245,7,4,196,10,490,40
734867,6953156273887.00,NGW02-01       ,BASEUS ENCOK W02 TWS TRULY WIRELESS HEADSET BLACK                                                             ,BASEUS                        ,109.5,219,7,0,0,6,0,0,6,0,0,5,0,0,0,0,24
734868,6953156273894.00,NGW02-02       ,BASEUS ENCOK W02 TWS TRULY WIRELESS HEADSET WHITE                                                             ,BASEUS                        ,109.5,219,5,0,0,4,0,0,4,0,0,2,0,0,0,0,15
734881,6953156280243.00,WX2IN1-02      ,BASEUS SMART 2 IN 1 WIRELESS CHARGER WHITE                                                                    ,BASEUS                        ,89.5,179,0,0,0,0,0,0,0,0,0,0,0,0,0,0,0
734882,6953156278844.00,PPALL-AKU01    ,BASEUS MINI CU DIGITAL DISPLAY POWER BANK 10000MAH BLACK                                                      ,BASEUS                        ,69.5,139,5,0,0,1,1,139,4,0,0,3,0,0,1,139,13
734895,6953156276413.00,CCALL-RH01     ,BASEUS LOCOMOTIVE BLUETOOTH MP3 VEHICLE CHARGER BLACK                                                         ,BASEUS                        ,49.5,99,5,0,0,0,1,99,2,1,99,0,2,198,4,396,7
734899,6953156273030.00,ACCHZ-01       ,BASEUS ROTATION TYPE UNIVERSAL CHARGER BLACK                                                                  ,BASEUS                        ,54.5,109,9,1,109,6,0,0,6,0,0,6,0,0,1,109,27
734904,6953156278622.00,CAHUB-D0G      ,BASEUS CUBE TYPE-C TO USB3.0X3+USB2.0X2 HUB ADAPTER DARK GRAY                                                 ,BASEUS                        ,64.5,129,5,0,0,4,0,0,4,0,0,2,1,129,1,129,15
734907,6953156255814.00,SUGENT-ATR01   ,BASEUS CURVE MAGNET CAR MOUNT                                                                                 ,BASEUS                        ,24.5,49,0,0,0,0,0,0,0,0,0,0,0,0,0,0,0
734909,6953156253025.00,SUER-A01       ,BASEUS SMALL EARS MAGNETIC CAR VENT SUCTION BRACKET BLACK                                                     ,BASEUS                        ,24.5,49,6,0,0,3,2,98,6,0,0,4,1,49,3,147,19
734911,6953156253032.00,SUER-A0S       ,BASEUS SMALL EARS MAGNETIC CAR VENT SUCTION BRACKET ROSE SILVER                                               ,BASEUS                        ,24.5,49,5,1,49,3,0,0,4,0,0,2,0,0,1,49,14
734916,6953156259850.00,SUHS-DP01      ,BASEUS DOUBLE CLIP HORIZONTAL VEHICLE MOUNT BLACK                                                             ,BASEUS                        ,29.5,59,3,1,59,0,0,0,3,0,0,2,2,118,3,177,8
734920,6953156273085.00,SUYZD-01       ,BASEUS BULLET ON-BOARD CAR MAGNETIC BRACKET BLACK                                                             ,BASEUS                        ,34.5,69,4,1,69,4,2,138,6,0,0,1,3,207,6,414,15
734921,6953156273092.00,SUYZD-09       ,BASEUS BULLET ON-BOARD CAR MAGNETIC BRACKET RED                                                               ,BASEUS                        ,34.5,69,5,1,69,3,0,0,4,0,0,2,0,0,1,69,14
734922,6953156273108.00,SUYZD-0S       ,BASEUS BULLET ON-BOARD CAR MAGNETIC BRACKET SILVER                                                            ,BASEUS                        ,34.5,69,3,0,0,1,2,138,2,1,69,0,1,69,4,276,6
734927,6953156253063.00,SUER-B01       ,BASEUS SMALL EARS VERTICAL MAGNETIC BRACKET BLACK                                                             ,BASEUS                        ,24.5,49,2,0,0,2,1,49,4,0,0,2,2,98,3,147,10
734928,6953156253070.00,SUER-B0S       ,BASEUS SMALL EARS VERTICAL MAGNETIC BRACKET ROSE SILVER                                                       ,BASEUS                        ,24.5,49,4,1,49,1,2,98,3,0,0,2,1,49,4,196,10
734941,6953156281691.00,WXXP-01        ,BASEUS WIRELESS CHARGER SUCTION CUP BLACK                                                                     ,BASEUS                        ,44.5,89,6,0,0,4,0,0,3,0,0,3,1,89,1,89,16
734942,6953156281370.00,TZARGS-09      ,BASEUS CASE FOR AIRPODS RED                                                                                   ,BASEUS                        ,24.5,49,2,3,147,3,0,0,4,0,0,1,0,0,3,147,10
734943,6953156281363.00,TZARGS-01      ,BASEUS CASE FOR AIRPODS BLACK                                                                                 ,BASEUS                        ,24.5,49,7,1,49,4,0,0,5,0,0,4,0,0,1,49,20
734944,6953156281387.00,TZARGS-G2      ,BASEUS CASE FOR AIRPODS GRAY                                                                                  ,BASEUS                        ,24.5,49,9,1,49,3,2,98,4,0,0,4,0,0,3,147,20
734948,6953156276673.00,ACSR-MS01      ,BASEUS MAGIC MONSTER GAMEPAD STYLE POWER BANK 2000MAH                                                         ,BASEUS                        ,54.5,109,0,0,0,0,0,0,0,0,0,0,0,0,0,0,0
738078,6953156284647.00,ACSLCJ-06      ,BASEUS GRENADE BLACK/ARMY GREEN GRIP FOR SMARTPHONES                                                          ,BASEUS                        ,24.5,49,24,2,98,19,0,0,19,0,0,15,5,245,7,343,77
739727,6953156282940.00,WIAPPOD-01     ,BASEUS PROTECTIVE CASE/WIRELESS CHARGER BLACK FOR AIRPODS                                                     ,BASEUS                        ,49.5,99,17,0,0,14,1,99,14,0,0,10,3,297,4,396,55
739728,6953156282957.00,WIAPPOD-09     ,BASEUS PROTECTIVE CASE/WIRELESS CHARGER RED FOR AIRPODS                                                       ,BASEUS                        ,49.5,99,9,0,0,4,1,99,4,1,99,5,0,0,2,198,22
742248,6953156284630.00,ACSLCJ-01      ,BASEUS GRENADE BLACK GRIP FOR SMARTPHONES                                                                     ,BASEUS                        ,24.5,49,15,1,49,9,2,98,12,1,49,12,2,98,6,294,48
742249,6953156286603.00,SUCJLF-01      ,BASEUS WINNER COOLING HEAT SINK BLACK FOR SMARTPHONES                                                         ,BASEUS                        ,49.5,99,3,1,99,3,0,0,4,0,0,4,0,0,1,99,14
742292,6953156279650.00,SGAPIPD-CX02   ,BASEUS 0.3MM TEMPERED GLASS FILM TRANSPARENT FOR IPAD PRO 11-INCH                                             ,BASEUS                        ,39.5,79,8,2,158,5,0,0,5,0,0,2,0,0,2,158,20
742293,6953156279667.00,SGAPIPD-DX02   ,BASEUS 0.3MM ANTI-BLUE LIGHT TEMPERED GLASS FILM TRANSPARENT FOR IPAD PRO 11-INCH                             ,BASEUS                        ,49.5,99,6,0,0,4,0,0,3,0,0,4,0,0,0,0,17
742294,6953156282100.00,LTAPIPD-ASM03  ,BASEUS SIMPLISM Y-TYPE LEATHER CASE BLUE FOR IPAD PRO 11-INCH                                                 ,BASEUS                        ,79.5,159,9,0,0,5,0,0,6,0,0,4,0,0,0,0,24
742296,6953156279148.00,SUGENT-XF01    ,BASEUS SUSPENSION GLASS DESKTOP BRACKET BLACK FOR SMARTPHONES                                                 ,BASEUS                        ,39.5,79,5,1,79,3,0,0,3,1,79,3,1,79,3,237,14
742298,6953156270640.00,ACAPIPHX-BJ01  ,BASEUS PLAID BLACK 3500MAH POWER BANK FOR IPHONE X                                                            ,BASEUS                        ,94.5,189,1,3,567,0,0,0,0,0,0,1,1,189,4,756,2
742300,6953156284401.00,ACPCL-01       ,BASEUS GOLDEN CUDGEL CAPACITIVE STYLUS BLACK                                                                  ,BASEUS                        ,29.5,59,4,2,118,2,0,0,3,0,0,5,0,0,2,118,14
743939,6953156282247.00,NGH08-01       ,BASEUS H08 BLACK IMMERSIVE VIRTUAL 3D GAMING IN-EAR EARPHONES                                                 ,BASEUS                        ,144.5,289,6,0,0,4,0,0,2,0,0,3,0,0,0,0,15
743955,6953156284821.00,WIAPIPH58-ASL03,BASEUS ORIGINAL LSR CASE LIGHT AQUA MARINE FOR IPHONE XS                                                      ,BASEUS                        ,34.5,69,6,0,0,3,0,0,4,0,0,0,0,0,0,0,13
743956,6953156284838.00,WIAPIPH58-ASL04,BASEUS ORIGINAL LSR CASE PINK FOR IPHONE XS                                                                   ,BASEUS                        ,34.5,69,1,2,138,0,0,0,1,0,0,0,0,0,2,138,2
743968,6953156279025.00,SUCJG9-02      ,BASEUS G9 MOBILE GAME SCORING TOOL WHITE FOR SMARTPHONES/TABLET                                               ,BASEUS                        ,24.5,49,20,0,0,14,0,0,10,0,0,12,1,49,1,49,56
743975,6953156279018.00,SUCJG9-01      ,BASEUS G9 MOBILE GAME SCORING TOOL BLACK FOR SMARTPHONES/TABLET                                               ,BASEUS                        ,24.5,49,7,0,0,1,1,49,5,1,49,3,2,98,4,196,16
,,,,,,,264,31,2349,171,18,1202,188,16,934,150,35,2355,100,6840,773
