Sku,UPC,Catalogue N,Title,Label,Arq COST,Cost Price,V.S.P.,Latest SOH,01-2019 total sale of Goods,02-2019 total sale of Goods,03-2019 total sale of Goods,04-2019 total sale of Goods,05-2019 total sale of Goods,06-2019 total sale of Goods,07-2019 total sale of Goods,08-2019 total sale of Goods,09-2019 total sale of Goods,Existence on Shop,3 months avrage sale,Stock Status,profit,Profit status,Final Status,Non Moving Action,Reordering
734835,6953156282308.0,SUGENT-ZN01    ,BASEUS SMART CAR MOUNT CELL PHONE HOLDER BLACK                                                                ,BASEUS                        ,34.569999999999986,49.5,99,0.0,4.0,1.0,1.0,0.0,0.0,0.0,0.0,0.0,0.0,Min 3 months,0.0,Run out of stock,0.0,Run out of stock,Run out of stock - Run out of stock,-,-
734836,6953156281479.0,WXZN-01        ,BASEUS CAR WIRELESS CHARGER SMART VEHICLE BRACKET                                                             ,BASEUS                        ,51.99000000000001,69.5,149,5.0,6.0,4.0,14.0,6.0,15.0,9.0,30.0,5.0,3.0,Min 3 months,12.67,Fast moving,221.85169999999988,Most profitable,Fast moving - Most profitable,-,Profitable - Reorder
734837,6953156282964.0,ACHDCJ-01      ,BASEUS HOLDER RED-DOT MOBILE GAME SCORING TOOL BLACK                                                          ,BASEUS                        ,5.260000000000002,24.5,49,18.0,82.0,36.0,40.0,32.0,33.0,25.0,9.0,20.0,1.0,Min 3 months,10.0,Fast moving,192.39999999999998,Profitable,Fast moving - Profitable,-,-
734838,6953156282971.0,ACHDCJ-02      ,BASEUS HOLDER RED-DOT MOBILE GAME SCORING TOOL TRANSPARENT                                                    ,BASEUS                        ,5.389999999999992,24.5,49,8.0,67.0,37.0,33.0,37.0,36.0,15.0,21.0,18.0,4.0,Min 3 months,14.33,Fast moving,273.8463000000001,Most profitable,Fast moving - Most profitable,-,Profitable - Reorder
734839,6953156278806.0,WXHSD-D01      ,BASEUS WIRELESS CHARGER POWER BANK 10000MAH BLACK                                                             ,BASEUS                        ,67.5499999999999,129.5,269,0.0,0.0,0.0,0.0,0.0,0.0,0.0,0.0,0.0,0.0,Min 3 months,0.0,Run out of stock,0.0,Run out of stock,Run out of stock - Run out of stock,-,-
734840,6953156278813.0,WXHSD-D02      ,BASEUS WIRELESS CHARGER POWER BANK 10000MAH WHITE                                                             ,BASEUS                        ,67.55,129.5,269,0.0,0.0,0.0,0.0,0.0,0.0,0.0,0.0,0.0,0.0,Min 3 months,0.0,Run out of stock,0.0,Run out of stock,Run out of stock - Run out of stock,-,-
734841,6953156280540.0,SUBR-A01       ,BASEUS BEAR MAGNETIC CAR BRACKET BLACK                                                                        ,BASEUS                        ,,29.5,59,0.0,0.0,0.0,0.0,0.0,0.0,0.0,0.0,0.0,0.0,Min 3 months,0.0,Run out of stock,,Profitable,Run out of stock - Profitable,-,-
734843,6953156280557.0,SUBR-A08       ,BASEUS BEAR MAGNETIC CAR BRACKET BROWN                                                                        ,BASEUS                        ,,29.5,59,0.0,0.0,0.0,0.0,0.0,0.0,0.0,0.0,0.0,0.0,Min 3 months,0.0,Run out of stock,,Profitable,Run out of stock - Profitable,-,-
734845,6953156280564.0,SUBR-A09       ,BASEUS BEAR MAGNETIC CAR BRACKET RED                                                                          ,BASEUS                        ,,29.5,59,0.0,0.0,0.0,0.0,0.0,0.0,0.0,0.0,0.0,0.0,Min 3 months,0.0,Run out of stock,,Profitable,Run out of stock - Profitable,-,-
734848,6953156280571.0,SUBR-ASG       ,BASEUS BEAR MAGNETIC CAR BRACKET SILVER GRAY                                                                  ,BASEUS                        ,,29.5,59,0.0,0.0,0.0,0.0,0.0,0.0,0.0,0.0,0.0,0.0,0 month,0.0,Run out of stock,,Profitable,Run out of stock - Profitable,-,-
734864,6953156278554.0,ACBZ-AP09      ,BASEUS AP PENCIL SILICONE CHARGING STAND FOR APPLE PENCIL RED                                                 ,BASEUS                        ,9.37,19.5,39,3.0,0.0,0.0,1.0,1.0,0.0,0.0,0.0,0.0,0.0,Min 3 months,0.0,Non moving,0.0,Run out of stock,Non moving - Run out of stock,Buying Price,-
734865,6953156278547.0,ACBZ-AP01      ,BASEUS AP PENCIL SILICONE CHARGING STAND FOR APPLE PENCIL BLACK                                               ,BASEUS                        ,9.369999999999996,19.5,39,3.0,1.0,0.0,1.0,0.0,1.0,0.0,0.0,0.0,0.0,Min 3 months,0.0,Non moving,0.0,Run out of stock,Non moving - Run out of stock,Buying Price,-
734866,6953156278561.0,ACBZ-AP0G      ,BASEUS AP PENCIL SILICONE CHARGING STAND FOR APPLE PENCIL GREY                                                ,BASEUS                        ,9.369999999999996,19.5,39,0.0,1.0,1.0,0.0,0.0,0.0,0.0,0.0,0.0,0.0,Min 3 months,0.0,Run out of stock,0.0,Run out of stock,Run out of stock - Run out of stock,-,-
734867,6953156273887.0,NGW02-01       ,BASEUS ENCOK W02 TWS TRULY WIRELESS HEADSET BLACK                                                             ,BASEUS                        ,57.06000000000004,104.5,219,3.0,10.0,4.0,11.0,5.0,7.0,1.0,3.0,1.0,0.0,Min 3 months,1.33,Slow moving,63.095199999999956,Profitable,Slow moving - Profitable,-,-
734868,6953156273894.0,NGW02-02       ,BASEUS ENCOK W02 TWS TRULY WIRELESS HEADSET WHITE                                                             ,BASEUS                        ,53.97,104.5,219,6.0,3.0,4.0,4.0,4.0,1.0,1.0,0.0,0.0,0.0,Min 3 months,0.0,Non moving,0.0,Run out of stock,Non moving - Run out of stock,Buying Price,-
734869,6953156264519.0,NGS16-09       ,BASEUS ENCOK NECK HUNG BLUETOOTH EARPHONES S16 RED                                                            ,BASEUS                        ,46.64,99.5,209,0.0,0.0,0.0,0.0,0.0,0.0,0.0,0.0,0.0,0.0,Min 3 months,0.0,Run out of stock,0.0,Run out of stock,Run out of stock - Run out of stock,-,-
734870,6953156264502.0,NGS16-06       ,BASEUS ENCOK NECK HUNG BLUETOOTH EARPHONES S16 GREEN                                                          ,BASEUS                        ,46.37000000000002,99.5,209,0.0,0.0,0.0,0.0,0.0,0.0,0.0,0.0,0.0,0.0,Min 3 months,0.0,Run out of stock,0.0,Run out of stock,Run out of stock - Run out of stock,-,-
734871,6953156271685.0,WXJS-A1        ,BASEUS METAL WIRELESS CHARGER TARNISH/BLACK                                                                   ,BASEUS                        ,31.09,59.5,119,0.0,0.0,1.0,0.0,0.0,0.0,0.0,0.0,0.0,0.0,Min 3 months,0.0,Run out of stock,0.0,Run out of stock,Run out of stock - Run out of stock,-,-
734872,6953156271692.0,WXJS-S2        ,BASEUS METAL WIRELESS CHARGER SILVER/WHITE                                                                    ,BASEUS                        ,31.03,59.5,119,0.0,1.0,0.0,0.0,0.0,0.0,0.0,0.0,0.0,0.0,Min 3 months,0.0,Run out of stock,0.0,Run out of stock,Run out of stock - Run out of stock,-,-
734873,6953156277953.0,WXBV-01        ,BASEUS BV WIRELESS CHARGER BLACK                                                                              ,BASEUS                        ,20.21,34.5,69,0.0,2.0,1.0,3.0,0.0,0.0,0.0,0.0,0.0,0.0,Min 3 months,0.0,Run out of stock,0.0,Run out of stock,Run out of stock - Run out of stock,-,-
734874,6953156277960.0,WXBV-02        ,BASEUS BV WIRELESS CHARGER WHITE                                                                              ,BASEUS                        ,20.25,34.5,69,0.0,0.0,0.0,3.0,0.0,0.0,0.0,0.0,0.0,0.0,Min 3 months,0.0,Run out of stock,0.0,Run out of stock,Run out of stock - Run out of stock,-,-
734875,6953156277977.0,WXBV-03        ,BASEUS BV WIRELESS CHARGER BLUE                                                                               ,BASEUS                        ,20.25,44.5,99,0.0,0.0,0.0,0.0,0.0,0.0,0.0,0.0,0.0,0.0,Min 3 months,0.0,Run out of stock,0.0,Run out of stock,Run out of stock - Run out of stock,-,-
734876,6953156272965.0,CCALL-JK01     ,BASEUS SIMPLE WIRELESS CHARGER BLACK                                                                          ,BASEUS                        ,25.97,49.5,99,0.0,1.0,1.0,3.0,0.0,0.0,0.0,0.0,0.0,0.0,Min 3 months,0.0,Run out of stock,0.0,Run out of stock,Run out of stock - Run out of stock,-,-
734877,6953156272972.0,CCALL-JK02     ,BASEUS SIMPLE WIRELESS CHARGER WHITE                                                                          ,BASEUS                        ,25.65,49.5,99,1.0,3.0,0.0,1.0,0.0,0.0,0.0,0.0,0.0,0.0,Min 3 months,0.0,Non moving,0.0,Run out of stock,Non moving - Run out of stock,Buying Price,-
734878,6953156273825.0,CCALL-AJK01    ,BASEUS SIMPLE WIRELESS CHARGER TRANSPARENT                                                                    ,BASEUS                        ,24.62,54.5,119,0.0,1.0,2.0,2.0,0.0,0.0,0.0,0.0,0.0,0.0,Min 3 months,0.0,Run out of stock,0.0,Run out of stock,Run out of stock - Run out of stock,-,-
734879,6953156276390.0,WXXHJ-B01      ,BASEUS DUAL WIRELESS CHARGER BLACK +WALL CHARGER & CABLE                                                      ,BASEUS                        ,77.21,94.5,199,0.0,5.0,1.0,3.0,0.0,0.0,0.0,0.0,0.0,0.0,Min 3 months,0.0,Run out of stock,0.0,Run out of stock,Run out of stock - Run out of stock,-,-
734880,6953156276406.0,WXXHJ-B0S      ,BASEUS DUAL WIRELESS CHARGER SILVER +WALL CHARGER & CABLE                                                     ,BASEUS                        ,76.08,94.5,199,15.0,0.0,0.0,4.0,8.0,7.0,12.0,0.0,0.0,0.0,0 month,0.0,Non moving,0.0,Run out of stock,Non moving - Run out of stock,-,-
734881,6953156280243.0,WX2IN1-02      ,BASEUS SMART 2 IN 1 WIRELESS CHARGER WHITE                                                                    ,BASEUS                        ,41.14999999999977,84.5,179,16.0,19.0,4.0,14.0,29.0,23.0,12.0,17.0,14.0,3.0,0 month,11.33,Fast moving,491.1555000000026,Most profitable,Fast moving - Most profitable,-,Profitable - Reorder
734882,6953156278844.0,PPALL-AKU01    ,BASEUS MINI CU DIGITAL DISPLAY POWER BANK 10000MAH BLACK                                                      ,BASEUS                        ,37.61867256637168,64.5,139,8.0,4.0,3.0,10.0,8.0,6.0,5.0,21.0,7.0,1.0,Min 3 months,9.67,Fast moving,259.9424362831859,Most profitable,Fast moving - Most profitable,-,Profitable - Reorder
734883,6953156278851.0,PPALL-AKU02    ,BASEUS MINI CU DIGITAL DISPLAY POWER BANK 10000MAH WHITE                                                      ,BASEUS                        ,31.070000000000004,64.5,139,7.0,1.0,0.0,2.0,3.0,7.0,5.0,4.0,3.0,0.0,0 month,2.33,Slow moving,77.89189999999998,Profitable,Slow moving - Profitable,-,-
734884,6953156273016.0,PPALL-EX01     ,BASEUS DUAL OUTPUT WIRELESS CHARGE POWER BANK 8000MAH BLACK                                                   ,BASEUS                        ,43.38,69.5,149,0.0,4.0,3.0,4.0,9.0,0.0,0.0,2.0,0.0,0.0,Min 3 months,0.67,Run out of stock,17.5004,Less profitable,Run out of stock - Less profitable,-,Stop Ordering
734885,6953156273023.0,PPALL-EX09     ,BASEUS DUAL OUTPUT WIRELESS CHARGE POWER BANK 8000MAH RED                                                     ,BASEUS                        ,43.1344776119403,79.5,169,4.0,1.0,1.0,5.0,1.0,0.0,1.0,0.0,0.0,0.0,Min 3 months,0.0,Non moving,0.0,Run out of stock,Non moving - Run out of stock,Buying Price,-
734886,6953156273665.0,PPALL-PX01     ,BASEUS PARALLEL LINE POWER BANK 10000MAH BLACK                                                                ,BASEUS                        ,26.90000000000001,59.5,129,0.0,2.0,0.0,0.0,4.0,1.0,1.0,0.0,0.0,0.0,0 month,0.0,Run out of stock,0.0,Run out of stock,Run out of stock - Run out of stock,-,-
734887,6953156273672.0,PPALL-PX02     ,BASEUS PARALLEL LINE POWER BANK 10000MAH WHITE                                                                ,BASEUS                        ,26.9,49.5,99,8.0,0.0,1.0,7.0,5.0,9.0,5.0,5.0,1.0,0.0,Min 3 months,2.0,Slow moving,45.2,Profitable,Slow moving - Profitable,-,-
734888,6953156273689.0,PPALL-PX03     ,BASEUS PARALLEL LINE POWER BANK 10000MAH BLUE                                                                 ,BASEUS                        ,26.960000000000004,59.5,129,0.0,0.0,0.0,0.0,0.0,0.0,0.0,0.0,0.0,0.0,Min 3 months,0.0,Run out of stock,0.0,Run out of stock,Run out of stock - Run out of stock,-,-
734889,6953156271197.0,PPKC-A01       ,BASEUS POWERFUL TYPE-C PD+QC3.0 20000MAH POWER BANK BLACK                                                     ,BASEUS                        ,61.89,119.5,249,3.0,1.0,0.0,0.0,4.0,5.0,5.0,7.0,3.0,1.0,Min 3 months,3.67,Slow moving,211.4287,Most profitable,Slow moving - Most profitable,-,-
734890,6953156271203.0,PPKC-A02       ,BASEUS POWERFUL TYPE-C PD+QC3.0 20000MAH POWER BANK WHITE                                                     ,BASEUS                        ,63.40000000000001,119.5,249,3.0,0.0,0.0,1.0,1.0,4.0,4.0,3.0,0.0,0.0,0 month,1.0,Slow moving,56.09999999999999,Profitable,Slow moving - Profitable,-,-
734891,6953156271210.0,PPKC-A09       ,BASEUS POWERFUL TYPE-C PD+QC3.0 20000MAH POWER BANK RED                                                       ,BASEUS                        ,63.40000000000001,119.5,249,0.0,0.0,0.0,2.0,1.0,2.0,1.0,0.0,0.0,0.0,0 month,0.0,Run out of stock,0.0,Run out of stock,Run out of stock - Run out of stock,-,-
734892,6953156275188.0,PPALL-QY01     ,BASEUS THIN WIRELESS CHARGE 10000MAH POWER BANK BLACK                                                         ,BASEUS                        ,50.97,109.5,229,3.0,0.0,1.0,2.0,0.0,0.0,0.0,0.0,0.0,0.0,0 month,0.0,Non moving,0.0,Run out of stock,Non moving - Run out of stock,-,-
734893,6953156275195.0,PPALL-QY02     ,BASEUS THIN WIRELESS CHARGE 10000 MAH POWER BANK WHITE                                                        ,BASEUS                        ,49.81,109.5,229,0.0,0.0,0.0,5.0,6.0,6.0,4.0,4.0,3.0,0.0,0 month,2.33,Run out of stock,139.0777,Profitable,Run out of stock - Profitable,-,-
734894,6953156275201.0,PPALL-QY04     ,BASEUS THIN WIRELESS CHARGE 10000MAH POWER BANK PINK                                                          ,BASEUS                        ,49.81,109.5,229,1.0,0.0,0.0,0.0,0.0,0.0,0.0,0.0,0.0,0.0,0 month,0.0,Non moving,0.0,Run out of stock,Non moving - Run out of stock,-,-
734895,6953156276413.0,CCALL-RH01     ,BASEUS LOCOMOTIVE BLUETOOTH MP3 VEHICLE CHARGER BLACK                                                         ,BASEUS                        ,24.729999999999976,44.5,99,3.0,12.0,8.0,13.0,3.0,3.0,3.0,1.0,0.0,0.0,0 month,0.33,Non moving,6.524100000000009,Less profitable,Non moving - Less profitable,-,-
734896,6953156278721.0,CCALL-TM01     ,BASEUS T TYPED BLUETOOTH MP3 CHARGER WITH CAR HOLDER BLACK                                                    ,BASEUS                        ,24.02,39.5,79,0.0,3.0,2.0,1.0,1.0,0.0,0.0,0.0,0.0,0.0,Min 3 months,0.0,Run out of stock,0.0,Run out of stock,Run out of stock - Run out of stock,-,-
734897,6953156278738.0,CCALL-TM0A     ,BASEUS T TYPED BLUETOOTH MP3 CHARGER WITH CAR HOLDER TARNISH                                                  ,BASEUS                        ,23.39,49.5,109,0.0,0.0,0.0,1.0,0.0,0.0,0.0,0.0,0.0,0.0,Min 3 months,0.0,Run out of stock,0.0,Run out of stock,Run out of stock - Run out of stock,-,-
734898,6953156278745.0,CCALL-TM12     ,BASEUS T TYPED BLUETOOTH MP3 CHARGER WITH CAR HOLDER DARK COFFEE                                              ,BASEUS                        ,22.859999999999967,39.5,79,1.0,0.0,0.0,3.0,4.0,1.0,0.0,0.0,0.0,0.0,0 month,0.0,Non moving,0.0,Run out of stock,Non moving - Run out of stock,-,-
734899,6953156273030.0,ACCHZ-01       ,BASEUS ROTATION TYPE UNIVERSAL CHARGER BLACK                                                                  ,BASEUS                        ,25.36000000000001,49.5,109,4.0,4.0,3.0,2.0,10.0,5.0,11.0,9.0,7.0,1.0,Min 3 months,5.67,Slow moving,136.87379999999993,Profitable,Slow moving - Profitable,-,-
734900,6953156278523.0,ACDKQ-HG01     ,BASEUS PENDANT CARD READER BLACK                                                                              ,BASEUS                        ,17.549999999999994,39.5,79,0.0,0.0,0.0,0.0,0.0,0.0,0.0,0.0,0.0,0.0,Min 3 months,0.0,Run out of stock,0.0,Run out of stock,Run out of stock - Run out of stock,-,-
734901,6953156278530.0,ACDKQ-HG0S     ,BASEUS PENDANT CARD READER SILVER                                                                             ,BASEUS                        ,17.55,39.5,79,0.0,0.0,0.0,0.0,0.0,0.0,0.0,0.0,0.0,0.0,0 month,0.0,Run out of stock,0.0,Run out of stock,Run out of stock - Run out of stock,-,-
734902,6953156267503.0,ACAPIPH-EA9    ,BASEUS RED-HAT TYPE-C 32GB USB FLASH DISK                                                                     ,BASEUS                        ,47.3,74.5,159,1.0,2.0,0.0,0.0,0.0,1.0,0.0,0.0,0.0,0.0,0 month,0.0,Non moving,0.0,Run out of stock,Non moving - Run out of stock,-,-
734903,6953156276420.0,CAHUB-B0G      ,BASEUS THUNDERBOLT C+ DUAL TYPE-C TO USB3.0/HDMI/TYPE-C FEMALE HUB CONVERTER DEEP SPACE GRAY                  ,BASEUS                        ,79.89,124.5,259,1.0,5.0,1.0,3.0,2.0,6.0,0.0,0.0,0.0,0.0,0 month,0.0,Non moving,0.0,Run out of stock,Non moving - Run out of stock,-,-
734904,6953156278622.0,CAHUB-D0G      ,BASEUS CUBE TYPE-C TO USB3.0X3+USB2.0X2 HUB ADAPTER DARK GRAY                                                 ,BASEUS                        ,27.0,59.5,129,0.0,8.0,7.0,5.0,3.0,0.0,0.0,1.0,0.0,0.0,0 month,0.33,Run out of stock,10.725,Less profitable,Run out of stock - Less profitable,-,Stop Ordering
734905,6953156278639.0,CAHUB-E0G      ,BASEUS LITTLE BOX TYPE-C TO HDMI+TYPE-C PD MINI HD SMART HUB CONVERTER DARK GRAY                              ,BASEUS                        ,55.69999999999999,114.5,239,0.0,0.0,0.0,0.0,0.0,0.0,0.0,0.0,0.0,0.0,0 month,0.0,Run out of stock,0.0,Run out of stock,Run out of stock - Run out of stock,-,-
734906,6953156265608.0,SGAPIPHX-TZ01  ,BASEUS GLASS FILM SET BLACK FOR IPHONE X                                                                      ,BASEUS                        ,11.770000000000005,49.5,109,1.0,0.0,1.0,14.0,14.0,6.0,15.0,2.0,15.0,1.0,0 month,6.0,Slow moving,226.38,Most profitable,Slow moving - Most profitable,-,-
734907,6953156255814.0,SUGENT-ATR01   ,BASEUS CURVE MAGNET CAR MOUNT                                                                                 ,BASEUS                        ,11.0,24.5,49,0.0,0.0,0.0,2.0,0.0,0.0,0.0,0.0,0.0,0.0,0 month,0.0,Run out of stock,0.0,Run out of stock,Run out of stock - Run out of stock,-,-
734909,6953156253025.0,SUER-A01       ,BASEUS SMALL EARS MAGNETIC CAR VENT SUCTION BRACKET BLACK                                                     ,BASEUS                        ,11.76,24.5,49,-1.0,3.0,6.0,11.0,8.0,5.0,15.0,4.0,6.0,3.0,0 month,4.33,Slow moving,55.1642,Profitable,Slow moving - Profitable,-,-
734910,6953156253049.0,SUER-A0R       ,BASEUS SMALL EARS MAGNETIC CAR VENT SUCTION BRACKET ROSE GOLD                                                 ,BASEUS                        ,11.109999999999998,24.5,49,1.0,2.0,1.0,1.0,0.0,0.0,1.0,0.0,0.0,1.0,Min 3 months,0.33,Non moving,4.418700000000001,Less profitable,Non moving - Less profitable,Buying Price,-
734911,6953156253032.0,SUER-A0S       ,BASEUS SMALL EARS MAGNETIC CAR VENT SUCTION BRACKET ROSE SILVER                                               ,BASEUS                        ,12.049999999999995,24.5,49,4.0,4.0,5.0,9.0,10.0,4.0,4.0,0.0,2.0,0.0,0 month,0.67,Non moving,8.341500000000003,Less profitable,Non moving - Less profitable,-,-
734912,6953156259362.0,SUER-A09       ,BASEUS SMALL EARS MAGNETIC CAR VENT SUCTION BRACKET ROSE RED                                                  ,BASEUS                        ,11.109999999999989,24.5,49,0.0,1.0,2.0,0.0,0.0,2.0,1.0,0.0,0.0,0.0,0 month,0.0,Run out of stock,0.0,Run out of stock,Run out of stock - Run out of stock,-,-
734913,6953156253056.0,SUER-A0V       ,BASEUS SMALL EARS MAGNETIC CAR VENT SUCTION BRACKET ROSE GOLD                                                 ,BASEUS                        ,11.109999999999996,19.5,39,1.0,3.0,0.0,6.0,1.0,0.0,4.0,2.0,1.0,0.0,Min 3 months,1.0,Slow moving,8.390000000000004,Less profitable,Slow moving - Less profitable,-,-
734914,6953156280526.0,SUCH-01        ,BASEUS XIAOCHUN MAGNETIC CAR PHONE HOLDER BLACK                                                               ,BASEUS                        ,10.259999999999996,19.5,39,0.0,1.0,0.0,2.0,0.0,1.0,0.0,0.0,0.0,0.0,Min 3 months,0.0,Run out of stock,0.0,Run out of stock,Run out of stock - Run out of stock,-,-
734915,6953156280533.0,SUCH-02        ,BASEUS XIAOCHUN MAGNETIC CAR PHONE HOLDER SILVER                                                              ,BASEUS                        ,10.2,24.5,49,0.0,1.0,0.0,0.0,0.0,0.0,0.0,0.0,0.0,0.0,Min 3 months,0.0,Run out of stock,0.0,Run out of stock,Run out of stock - Run out of stock,-,-
734916,6953156259850.0,SUHS-DP01      ,BASEUS DOUBLE CLIP HORIZONTAL VEHICLE MOUNT BLACK                                                             ,BASEUS                        ,13.479999999999993,24.5,49,0.0,5.0,1.0,4.0,1.0,0.0,0.0,0.0,0.0,0.0,Min 3 months,0.0,Run out of stock,0.0,Run out of stock,Run out of stock - Run out of stock,-,-
734917,6953156259867.0,SUHS-DP0S      ,BASEUS DOUBLE CLIP HORIZONTAL VEHICLE MOUNT SILVER                                                            ,BASEUS                        ,13.51,24.5,49,0.0,3.0,2.0,0.0,0.0,0.0,0.0,0.0,0.0,0.0,0 month,0.0,Run out of stock,0.0,Run out of stock,Run out of stock - Run out of stock,-,-
734918,6953156276468.0,SUJX-01        ,BASEUS GOLD AROMATIZING AIR VENT CAR MOUNT                                                                    ,BASEUS                        ,22.0,34.5,69,1.0,3.0,1.0,2.0,0.0,0.0,0.0,0.0,0.0,0.0,Min 3 months,0.0,Non moving,0.0,Run out of stock,Non moving - Run out of stock,Buying Price,-
734920,6953156273085.0,SUYZD-01       ,BASEUS BULLET ON-BOARD CAR MAGNETIC BRACKET BLACK                                                             ,BASEUS                        ,13.620000000000053,34.5,69,6.0,11.0,11.0,19.0,26.0,28.0,23.0,30.0,22.0,5.0,0 month,19.0,Fast moving,396.71999999999895,Most profitable,Fast moving - Most profitable,-,Profitable - Reorder
734921,6953156273092.0,SUYZD-09       ,BASEUS BULLET ON-BOARD CAR MAGNETIC BRACKET RED                                                               ,BASEUS                        ,13.949999999999998,34.5,69,8.0,8.0,2.0,5.0,8.0,6.0,5.0,9.0,1.0,0.0,Min 3 months,3.33,Slow moving,68.43150000000001,Profitable,Slow moving - Profitable,-,-
734922,6953156273108.0,SUYZD-0S       ,BASEUS BULLET ON-BOARD CAR MAGNETIC BRACKET SILVER                                                            ,BASEUS                        ,13.950000000000017,34.5,69,21.0,11.0,4.0,22.0,18.0,9.0,8.0,14.0,11.0,3.0,0 month,9.33,Fast moving,191.73149999999984,Profitable,Fast moving - Profitable,-,-
734923,6953156260573.0,SUGX-A01       ,BASEUS MAGNETIC AIR VENT CAR MOUNT HOLDER WITH CABLE CLIP BLACK                                               ,BASEUS                        ,12.04999999999999,29.5,59,0.0,0.0,0.0,0.0,0.0,0.0,0.0,0.0,0.0,0.0,Min 3 months,0.0,Run out of stock,0.0,Run out of stock,Run out of stock - Run out of stock,-,-
734924,6953156260580.0,SUGX-A0V       ,BASEUS MAGNETIC AIR VENT CAR MOUNT HOLDER WITH CABLE CLIP GOLD                                                ,BASEUS                        ,11.760000000000035,29.5,59,0.0,0.0,0.0,0.0,0.0,0.0,0.0,0.0,0.0,0.0,Min 3 months,0.0,Run out of stock,0.0,Run out of stock,Run out of stock - Run out of stock,-,-
734925,6953156260597.0,SUGX-A09       ,BASEUS MAGNETIC AIR VENT CAR MOUNT HOLDER WITH CABLE CLIP RED                                                 ,BASEUS                        ,11.65,29.5,59,0.0,0.0,0.0,0.0,0.0,0.0,0.0,0.0,0.0,0.0,0 month,0.0,Run out of stock,0.0,Run out of stock,Run out of stock - Run out of stock,-,-
734926,6953156260603.0,SUGX-A0S       ,BASEUS MAGNETIC AIR VENT CAR MOUNT HOLDER WITH CABLE CLIP SILVER                                              ,BASEUS                        ,11.699999999999989,24.5,49,0.0,0.0,0.0,0.0,0.0,0.0,0.0,0.0,0.0,0.0,Min 3 months,0.0,Run out of stock,0.0,Run out of stock,Run out of stock - Run out of stock,-,-
734927,6953156253063.0,SUER-B01       ,BASEUS SMALL EARS VERTICAL MAGNETIC BRACKET BLACK                                                             ,BASEUS                        ,11.760000000000007,24.5,49,7.0,12.0,12.0,16.0,21.0,21.0,11.0,6.0,1.0,0.0,0 month,2.33,Slow moving,29.684199999999986,Less profitable,Slow moving - Less profitable,-,-
734928,6953156253070.0,SUER-B0S       ,BASEUS SMALL EARS VERTICAL MAGNETIC BRACKET ROSE SILVER                                                       ,BASEUS                        ,11.76,24.0,49,13.0,1.0,2.0,10.0,5.0,6.0,12.0,28.0,8.0,0.0,Min 3 months,12.0,Fast moving,146.88,Profitable,Fast moving - Profitable,-,-
734929,6953156259379.0,SUER-B09       ,BASEUS SMALL EARS VERTICAL MAGNETIC BRACKET ROSE RED                                                          ,BASEUS                        ,11.76,24.5,49,0.0,4.0,2.0,7.0,2.0,0.0,0.0,0.0,0.0,0.0,Min 3 months,0.0,Run out of stock,0.0,Run out of stock,Run out of stock - Run out of stock,-,-
734930,6953156253094.0,SUER-B0V       ,BASEUS SMALL EARS VERTICAL MAGNETIC BRACKET ROSE GOLD                                                         ,BASEUS                        ,12.049999999999988,24.5,49,5.0,5.0,5.0,0.0,9.0,4.0,5.0,6.0,5.0,1.0,0 month,4.0,Slow moving,49.80000000000005,Profitable,Slow moving - Profitable,-,-
734931,6953156282001.0,WIAPIPH58-BE01 ,BASEUS BEAR SILICONE CASE BLACK FOR IPHONE XS                                                                 ,BASEUS                        ,7.839999999999986,24.5,49,0.0,0.0,0.0,0.0,0.0,0.0,0.0,0.0,0.0,0.0,0 month,0.0,Run out of stock,0.0,Run out of stock,Run out of stock - Run out of stock,-,-
734933,6953156282018.0,WIAPIPH58-BE04 ,BASEUS BEAR SILICONE CASE PINK FOR IPHONE XS                                                                  ,BASEUS                        ,7.84,24.5,49,0.0,0.0,0.0,0.0,0.0,0.0,0.0,0.0,0.0,0.0,Min 3 months,0.0,Run out of stock,0.0,Run out of stock,Run out of stock - Run out of stock,-,-
734934,6953156282025.0,WIAPIPH58-BE08 ,BASEUS BEAR SILICONE CASE BROWN FOR IPHONE XS                                                                 ,BASEUS                        ,7.8400000000000025,24.5,49,0.0,0.0,0.0,0.0,0.0,0.0,0.0,0.0,0.0,0.0,Min 3 months,0.0,Run out of stock,0.0,Run out of stock,Run out of stock - Run out of stock,-,-
734935,6953156280977.0,CALLG-01       ,BASEUS GLOWING DATA CABLE USB FOR LIGHTNING BLACK                                                             ,BASEUS                        ,15.690000000000005,29.5,59,0.0,0.0,0.0,0.0,0.0,0.0,0.0,0.0,0.0,0.0,0 month,0.0,Run out of stock,0.0,Run out of stock,Run out of stock - Run out of stock,-,-
734936,6953156280984.0,CALLG-09       ,BASEUS GLOWING DATA CABLE USB FOR LIGHTNING RED                                                               ,BASEUS                        ,15.599999999999998,29.5,59,0.0,0.0,0.0,0.0,0.0,0.0,0.0,0.0,0.0,0.0,0 month,0.0,Run out of stock,0.0,Run out of stock,Run out of stock - Run out of stock,-,-
734937,6953156282315.0,SUGENT-ZN03    ,BASEUS SMART CAR MOUNT PHONE HOLDER BLUE                                                                      ,BASEUS                        ,34.52000000000002,69.5,149,0.0,0.0,0.0,0.0,0.0,0.0,0.0,0.0,0.0,0.0,Min 3 months,0.0,Run out of stock,0.0,Run out of stock,Run out of stock - Run out of stock,-,-
734938,6953156282322.0,SUGENT-ZN0S    ,BASEUS SMART CAR MOUNT PHONE HOLDER SILVER                                                                    ,BASEUS                        ,34.52,69.5,149,0.0,0.0,0.0,0.0,0.0,0.0,0.0,0.0,0.0,0.0,Min 3 months,0.0,Run out of stock,0.0,Run out of stock,Run out of stock - Run out of stock,-,-
734939,6953156278790.0,CCALL-XK01     ,BASEUS DESKTOP WIRELESS/WIRED CHARGER BLACK                                                                   ,BASEUS                        ,54.33000000000001,109.5,229,0.0,1.0,0.0,0.0,0.0,0.0,0.0,0.0,0.0,0.0,0 month,0.0,Run out of stock,0.0,Run out of stock,Run out of stock - Run out of stock,-,-
734940,6953156281707.0,WXXP-02        ,BASEUS WIRELESS CHARGER SUCTION CUP WHITE                                                                     ,BASEUS                        ,20.91000000000001,44.5,99,1.0,1.0,0.0,0.0,0.0,0.0,0.0,0.0,0.0,0.0,0 month,0.0,Non moving,0.0,Run out of stock,Non moving - Run out of stock,-,-
734941,6953156281691.0,WXXP-01        ,BASEUS WIRELESS CHARGER SUCTION CUP BLACK                                                                     ,BASEUS                        ,22.190000000000005,44.5,89,3.0,2.0,1.0,2.0,0.0,0.0,0.0,0.0,0.0,0.0,Min 3 months,0.0,Non moving,0.0,Run out of stock,Non moving - Run out of stock,Buying Price,-
734942,6953156281370.0,TZARGS-09      ,BASEUS CASE FOR AIRPODS RED                                                                                   ,BASEUS                        ,7.461149425287359,24.5,49,2.0,9.0,2.0,3.0,7.0,1.0,1.0,0.0,0.0,0.0,0 month,0.0,Non moving,0.0,Run out of stock,Non moving - Run out of stock,-,-
734943,6953156281363.0,TZARGS-01      ,BASEUS CASE FOR AIRPODS BLACK                                                                                 ,BASEUS                        ,7.610000000000008,24.5,49,2.0,14.0,15.0,11.0,11.0,6.0,1.0,1.0,0.0,0.0,0 month,0.33,Non moving,5.573699999999998,Less profitable,Non moving - Less profitable,-,-
734944,6953156281387.0,TZARGS-G2      ,BASEUS CASE FOR AIRPODS GRAY                                                                                  ,BASEUS                        ,7.610000000000008,24.5,49,1.0,11.0,3.0,6.0,3.0,2.0,0.0,1.0,0.0,0.0,Min 3 months,0.33,Non moving,5.573699999999998,Less profitable,Non moving - Less profitable,Buying Price,-
734945,6953156280250.0,CCALL-YX01     ,BASEUS Y TYPE DUAL USB+ CAR CHARGER BLACK                                                                     ,BASEUS                        ,11.14,39.5,79,0.0,0.0,0.0,0.0,0.0,0.0,0.0,0.0,0.0,0.0,Min 3 months,0.0,Run out of stock,0.0,Run out of stock,Run out of stock - Run out of stock,-,-
734947,6953156280267.0,CCALL-YX02     ,BASEUS Y TYPE DUAL USB+ CAR CHARGER WHITE                                                                     ,BASEUS                        ,11.140000000000002,39.5,79,0.0,0.0,0.0,0.0,0.0,0.0,0.0,0.0,0.0,0.0,0 month,0.0,Run out of stock,0.0,Run out of stock,Run out of stock - Run out of stock,-,-
734948,6953156276673.0,ACSR-MS01      ,BASEUS MAGIC MONSTER GAMEPAD STYLE POWER BANK 2000MAH                                                         ,BASEUS                        ,24.14000000000001,49.5,109,0.0,7.0,2.0,6.0,4.0,3.0,2.0,0.0,0.0,0.0,Min 3 months,0.0,Run out of stock,0.0,Run out of stock,Run out of stock - Run out of stock,-,-
734966,6953156282032.0,WIAPIPH61-BE01 ,BASEUS BEAR SILICONE CASE BLACK FOR IPHONE XR                                                                 ,BASEUS                        ,7.8400000000000025,24.5,49,0.0,0.0,0.0,0.0,0.0,0.0,0.0,0.0,0.0,0.0,0 month,0.0,Run out of stock,0.0,Run out of stock,Run out of stock - Run out of stock,-,-
734968,6953156282049.0,WIAPIPH61-BE04 ,BASEUS BEAR SILICONE CASE PINK FOR IPHONE XR                                                                  ,BASEUS                        ,7.839999999999999,24.5,49,0.0,0.0,0.0,0.0,0.0,0.0,0.0,0.0,0.0,0.0,0 month,0.0,Run out of stock,0.0,Run out of stock,Run out of stock - Run out of stock,-,-
734970,6953156282056.0,WIAPIPH61-BE08 ,BASEUS BEAR SILICONE CASE BROWN FOR IPHONE XR                                                                 ,BASEUS                        ,7.84,24.5,49,0.0,0.0,0.0,0.0,0.0,0.0,0.0,0.0,0.0,0.0,0 month,0.0,Run out of stock,0.0,Run out of stock,Run out of stock - Run out of stock,-,-
734971,6953156282063.0,WIAPIPH65-BE01 ,BASEUS BEAR SILICONE CASE BLACK FOR IPHONE XS MAX                                                             ,BASEUS                        ,7.619999999999999,24.5,49,0.0,0.0,0.0,0.0,0.0,0.0,0.0,0.0,0.0,0.0,0 month,0.0,Run out of stock,0.0,Run out of stock,Run out of stock - Run out of stock,-,-
734973,6953156282070.0,WIAPIPH65-BE04 ,BASEUS BEAR SILICONE CASE PINK FOR IPHONE XS MAX                                                              ,BASEUS                        ,7.62,24.5,49,0.0,0.0,0.0,0.0,0.0,0.0,0.0,0.0,0.0,0.0,2 months,0.0,Run out of stock,0.0,Run out of stock,Run out of stock - Run out of stock,-,-
734975,6953156282087.0,WIAPIPH65-BE08 ,BASEUS BEAR SILICONE CASE BROWN FOR IPHONE XS MAX                                                             ,BASEUS                        ,7.710000000000001,24.5,49,0.0,0.0,0.0,0.0,0.0,0.0,0.0,0.0,0.0,0.0,Min 3 months,0.0,Run out of stock,0.0,Run out of stock,Run out of stock - Run out of stock,-,-
734976,6953156281738.0,CALEYE-01      ,BASEUS BIG EYE DIGITAL DISPLAY LIGHTNING CABLE BLACK                                                          ,BASEUS                        ,14.32,39.5,79,0.0,0.0,0.0,0.0,0.0,0.0,0.0,0.0,0.0,0.0,Min 3 months,0.0,Run out of stock,0.0,Run out of stock,Run out of stock - Run out of stock,-,-
734981,6953156281745.0,CALEYE-02      ,BASEUS BIG EYE DIGITAL DISPLAY LIGHTNING CABLE WHITE                                                          ,BASEUS                        ,14.320000000000006,39.5,79,0.0,0.0,0.0,0.0,0.0,0.0,0.0,0.0,0.0,0.0,Min 3 months,0.0,Run out of stock,0.0,Run out of stock,Run out of stock - Run out of stock,-,-
735669,6953156253087.0,SUER-B0R       ,BASEUS SMALL EARS VERTICAL MAGNETIC BRACKET ROSE GOLD                                                         ,BASEUS                        ,11.760000000000002,24.5,49,0.0,0.0,3.0,2.0,2.0,0.0,2.0,0.0,0.0,0.0,0 month,0.0,Run out of stock,0.0,Run out of stock,Run out of stock - Run out of stock,-,-
735670,6953156277526.0,SGAPIPHX-RA01  ,BASEUS DROP-PROOF CURVED FULL SCREEN TEMPERED GLASS BLACK FOR IPHONE X                                        ,BASEUS                        ,7.44,19.5,39,1.0,4.0,12.0,26.0,16.0,3.0,2.0,1.0,1.0,0.0,0 month,0.67,Non moving,8.0802,Less profitable,Non moving - Less profitable,-,-
738068,6953156275522.0,WXHSG-02       ,BASEUS SILCIONE HORIZONTAL DESKTOP WIRELESS CHARGER WHITE                                                     ,BASEUS                        ,28.72,59.5,129,0.0,0.0,1.0,0.0,0.0,0.0,0.0,0.0,0.0,0.0,0 month,0.0,Run out of stock,0.0,Run out of stock,Run out of stock - Run out of stock,-,-
738069,6953156275515.0,WXHSG-01       ,BASEUS SILCIONE HORIZONTAL DESKTOP WIRELESS CHARGER BLACK                                                     ,BASEUS                        ,28.719999999999995,59.5,129,0.0,0.0,0.0,0.0,0.0,0.0,0.0,0.0,0.0,0.0,0 month,0.0,Run out of stock,0.0,Run out of stock,Run out of stock - Run out of stock,-,-
738071,6953156280816.0,SUXUN-BY0G     ,BASEUS FRAGRANCE/CAR MOUNT GREY                                                                               ,BASEUS                        ,12.619999999999996,24.5,49,0.0,2.0,0.0,0.0,0.0,0.0,0.0,0.0,0.0,0.0,Min 3 months,0.0,Run out of stock,0.0,Run out of stock,Run out of stock - Run out of stock,-,-
738072,6953156280809.0,SUXUN-BY09     ,BASEUS FRAGRANCE/CAR MOUNT RED                                                                                ,BASEUS                        ,12.62,24.5,49,0.0,2.0,0.0,0.0,0.0,1.0,0.0,0.0,0.0,0.0,Min 3 months,0.0,Run out of stock,0.0,Run out of stock,Run out of stock - Run out of stock,-,-
738073,6953156280793.0,SUXUN-BY01     ,BASEUS FRAGRANCE/CAR MOUNT BLACK                                                                              ,BASEUS                        ,12.63,19.5,39,0.0,1.0,0.0,2.0,1.0,0.0,0.0,0.0,0.0,0.0,0 month,0.0,Run out of stock,0.0,Run out of stock,Run out of stock - Run out of stock,-,-
738074,6953156270961.0,CATSX-F0G      ,BASEUS 10-IN-1 HUB ADAPTER                                                                                    ,BASEUS                        ,161.90999999999917,344.5,719,0.0,1.0,1.0,1.0,0.0,0.0,0.0,0.0,0.0,0.0,Min 3 months,0.0,Run out of stock,0.0,Run out of stock,Run out of stock - Run out of stock,-,-
738075,6953156261631.0,CATCY-B0G      ,BASEUS TYPE C TO HDMI JOINT ADAPTER CABLE 1.8M DARK GREY                                                      ,BASEUS                        ,65.0,129.5,269,1.0,1.0,0.0,0.0,0.0,0.0,0.0,0.0,0.0,0.0,0 month,0.0,Non moving,0.0,Run out of stock,Non moving - Run out of stock,-,-
738076,6953156258396.0,CATSX-D0G      ,BASEUS HDMI + USB 3.0 HUB ADAPTER                                                                             ,BASEUS                        ,61.0,124.5,259,0.0,0.0,0.0,0.0,0.0,0.0,0.0,0.0,0.0,0.0,0 month,0.0,Run out of stock,0.0,Run out of stock,Run out of stock - Run out of stock,-,-
738077,6953156270954.0,CATSY-0G       ,BASEUS TYPE-C MALE TO HDMI MALE 4K HD ADAPTER CABLE 1.8M                                                      ,BASEUS                        ,40.99,89.5,189,1.0,3.0,2.0,4.0,0.0,1.0,0.0,0.0,0.0,0.0,0 month,0.0,Non moving,0.0,Run out of stock,Non moving - Run out of stock,-,-
738078,6953156284647.0,ACSLCJ-06      ,BASEUS GRENADE BLACK/ARMY GREEN GRIP FOR SMARTPHONES                                                          ,BASEUS                        ,9.509999999999998,24.5,49,14.0,89.0,35.0,30.0,29.0,31.0,38.0,25.0,18.0,1.0,0 month,14.67,Fast moving,219.90330000000003,Most profitable,Fast moving - Most profitable,-,Profitable - Reorder
738079,6953156282926.0,ACSR-XJ09      ,BASEUS ADAPTER X-MEN AUDIO RADIATOR RED/BLACK                                                                 ,BASEUS                        ,23.460000000000004,49.5,99,0.0,4.0,1.0,4.0,1.0,0.0,0.0,0.0,0.0,0.0,0 month,0.0,Run out of stock,0.0,Run out of stock,Run out of stock - Run out of stock,-,-
738080,6953156282933.0,ACSR-XJ0A      ,BASEUS ADAPTER X-MEN AUDIO RADIATOR BLACK                                                                     ,BASEUS                        ,23.46,39.5,79,0.0,4.0,2.0,1.0,0.0,0.0,0.0,0.0,0.0,0.0,0 month,0.0,Run out of stock,0.0,Run out of stock,Run out of stock - Run out of stock,-,-
738081,6953156280274.0,ACXUN-02       ,BASEUS AROMA DIFFUSER CREAM WHITE                                                                             ,BASEUS                        ,36.140000000000015,64.5,139,5.0,4.0,4.0,4.0,4.0,3.0,4.0,5.0,0.0,0.0,0 month,1.67,Slow moving,47.361199999999975,Profitable,Slow moving - Profitable,-,-
739727,6953156282940.0,WIAPPOD-01     ,BASEUS PROTECTIVE CASE/WIRELESS CHARGER BLACK FOR AIRPODS                                                     ,BASEUS                        ,17.33,44.5,99,13.0,29.0,15.0,16.0,18.0,15.0,9.0,1.0,6.0,1.0,0 month,2.67,Slow moving,72.54390000000001,Profitable,Slow moving - Profitable,-,-
739728,6953156282957.0,WIAPPOD-09     ,BASEUS PROTECTIVE CASE/WIRELESS CHARGER RED FOR AIRPODS                                                       ,BASEUS                        ,17.33,44.5,99,7.0,12.0,10.0,8.0,12.0,5.0,1.0,4.0,0.0,0.0,Min 3 months,1.33,Slow moving,36.136100000000006,Profitable,Slow moving - Profitable,-,-
742244,6953156284234.0,CAHUB-F01      ,BASEUS ROUND BOX USB 3.0 HUB ADAPTER BLACK                                                                    ,BASEUS                        ,12.71,29.5,59,2.0,1.0,3.0,1.0,2.0,0.0,1.0,0.0,0.0,0.0,Min 3 months,0.0,Non moving,0.0,Run out of stock,Non moving - Run out of stock,Buying Price,-
742245,6953156284241.0,CAHUB-F02      ,BASEUS ROUND BOX USB 3.0 HUB ADAPTER WHITE                                                                    ,BASEUS                        ,12.309999999999995,29.5,59,0.0,0.0,0.0,0.0,0.0,0.0,0.0,0.0,0.0,0.0,Min 3 months,0.0,Run out of stock,0.0,Run out of stock,Run out of stock - Run out of stock,-,-
742247,6953156284258.0,CAHUB-G01      ,BASEUS ROUND BOX TYPE-C HUB ADAPTER BLACK                                                                     ,BASEUS                        ,12.71,29.5,59,0.0,0.0,1.0,4.0,3.0,2.0,2.0,0.0,1.0,0.0,Min 3 months,0.33,Run out of stock,5.5407,Less profitable,Run out of stock - Less profitable,-,Stop Ordering
742248,6953156284630.0,ACSLCJ-01      ,BASEUS GRENADE BLACK GRIP FOR SMARTPHONES                                                                     ,BASEUS                        ,9.313366214549943,24.5,49,25.0,55.0,26.0,36.0,39.0,44.0,52.0,51.0,32.0,1.0,Min 3 months,28.0,Fast moving,425.2257459926016,Most profitable,Fast moving - Most profitable,-,Profitable - Reorder
742249,6953156286603.0,SUCJLF-01      ,BASEUS WINNER COOLING HEAT SINK BLACK FOR SMARTPHONES                                                         ,BASEUS                        ,21.039999999999992,44.5,99,20.0,27.0,10.0,7.0,23.0,10.0,15.0,21.0,9.0,2.0,0 month,10.67,Fast moving,250.31820000000008,Most profitable,Fast moving - Most profitable,-,Profitable - Reorder
742292,6953156279650.0,SGAPIPD-CX02   ,BASEUS 0.3MM TEMPERED GLASS FILM TRANSPARENT FOR IPAD PRO 11-INCH                                             ,BASEUS                        ,14.434906542056074,39.5,79,0.0,7.0,2.0,4.0,-1.0,0.0,0.0,-1.0,0.0,0.0,0 month,-0.33,Run out of stock,-8.271480841121495,Less profitable,Run out of stock - Less profitable,-,Stop Ordering
742293,6953156279667.0,SGAPIPD-DX02   ,BASEUS 0.3MM ANTI-BLUE LIGHT TEMPERED GLASS FILM TRANSPARENT FOR IPAD PRO 11-INCH                             ,BASEUS                        ,16.32,44.5,89,2.0,2.0,0.0,1.0,0.0,0.0,0.0,0.0,0.0,0.0,0 month,0.0,Non moving,0.0,Run out of stock,Non moving - Run out of stock,-,-
742294,6953156282100.0,LTAPIPD-ASM03  ,BASEUS SIMPLISM Y-TYPE LEATHER CASE BLUE FOR IPAD PRO 11-INCH                                                 ,BASEUS                        ,38.140000000000015,74.5,159,2.0,2.0,1.0,0.0,0.0,0.0,0.0,0.0,0.0,0.0,0 month,0.0,Non moving,0.0,Run out of stock,Non moving - Run out of stock,-,-
742295,6953156279155.0,SUGENT-XF0S    ,BASEUS SUSPENSION GLASS DESKTOP BRACKET SILVER FOR SMARTPHONES                                                ,BASEUS                        ,17.779999999999987,39.5,79,5.0,11.0,7.0,2.0,9.0,16.0,7.0,3.0,11.0,1.0,0 month,5.0,Slow moving,108.60000000000007,Profitable,Slow moving - Profitable,-,-
742296,6953156279148.0,SUGENT-XF01    ,BASEUS SUSPENSION GLASS DESKTOP BRACKET BLACK FOR SMARTPHONES                                                 ,BASEUS                        ,17.77073170731708,39.5,79,1.0,10.0,8.0,9.0,10.0,18.0,6.0,19.0,11.0,0.0,0 month,10.0,Fast moving,217.2926829268292,Most profitable,Fast moving - Most profitable,-,Profitable - Reorder
742297,6953156272668.0,ACAPIPHX-ABJ01 ,BASEUS 1+1 BLACK WIRELESS CHARGE 5000MAH POWER BANK FOR IPHONE XS/X                                           ,BASEUS                        ,63.54,119.5,249,0.0,3.0,1.0,1.0,2.0,0.0,0.0,0.0,0.0,0.0,0 month,0.0,Run out of stock,0.0,Run out of stock,Run out of stock - Run out of stock,-,-
742298,6953156270640.0,ACAPIPHX-BJ01  ,BASEUS PLAID BLACK 3500MAH POWER BANK FOR IPHONE X                                                            ,BASEUS                        ,46.77602739726026,89.5,189,0.0,5.0,2.0,0.0,0.0,0.0,0.0,0.0,0.0,0.0,0 month,0.0,Run out of stock,0.0,Run out of stock,Run out of stock - Run out of stock,-,-
742300,6953156284401.0,ACPCL-01       ,BASEUS GOLDEN CUDGEL CAPACITIVE STYLUS BLACK                                                                  ,BASEUS                        ,14.4749710982659,29.5,59,12.0,12.0,9.0,18.0,18.0,15.0,7.0,8.0,16.0,2.0,0 month,8.67,Fast moving,130.26700057803464,Profitable,Fast moving - Profitable,-,-
742301,6958444961736.0,4KCD6901       ,USAMS 4000MAH POWER BANK CASE BLACK FOR IPHONE XS MAX                                                         ,USAMS                         ,45.0,94.5,199,0.0,34.0,9.0,0.0,0.0,0.0,0.0,0.0,0.0,0.0,0 month,0.0,Run out of stock,0.0,Run out of stock,Run out of stock - Run out of stock,-,-
743939,6953156282247.0,NGH08-01       ,BASEUS H08 BLACK IMMERSIVE VIRTUAL 3D GAMING IN-EAR EARPHONES                                                 ,BASEUS                        ,76.0,140.0,289,8.0,23.0,5.0,9.0,9.0,6.0,6.0,3.0,3.0,0.0,0 month,2.0,Slow moving,128.0,Profitable,Slow moving - Profitable,-,-
743940,6953156282254.0,NGH08-2G       ,BASEUS H08 WHITE/GREY IMMERSIVE VIRTUAL 3D GAMING IN-EAR EARPHONES                                            ,BASEUS                        ,76.0,140.0,289,1.0,14.0,9.0,5.0,2.0,3.0,0.0,0.0,1.0,1.0,0 month,0.67,Non moving,42.88,Profitable,Non moving - Profitable,-,-
743943,6953156271357.0,NGS07-01       ,BASEUS ENCOK BLACK SPORTS WIRELESS IN-EAR EARPHONES S07                                                       ,BASEUS                        ,27.24,49.5,99,5.0,0.0,1.0,0.0,0.0,0.0,0.0,0.0,0.0,0.0,Min 3 months,0.0,Non moving,0.0,Run out of stock,Non moving - Run out of stock,Buying Price,-
743945,6953156271371.0,NGS07-19       ,BASEUS ENCOK RED/BLACK SPORTS WIRELESS IN-EAR EARPHONES S07                                                   ,BASEUS                        ,26.99,49.5,99,0.0,0.0,0.0,0.0,0.0,0.0,0.0,0.0,0.0,0.0,0 month,0.0,Run out of stock,0.0,Run out of stock,Run out of stock - Run out of stock,-,-
743947,6953156271364.0,NGS07-S9       ,BASEUS ENCOK SILVER/RED SPORTS WIRELESS IN-EAR EARPHONES S07                                                  ,BASEUS                        ,27.24,49.5,99,0.0,0.0,0.0,0.0,0.0,0.0,0.0,0.0,0.0,0.0,0 month,0.0,Run out of stock,0.0,Run out of stock,Run out of stock - Run out of stock,-,-
743948,6953156287372.0,ACNXB-02       ,BASEUS WARM LITTLE WHITE FAN HEATER                                                                           ,BASEUS                        ,,79.5,169,0.0,0.0,0.0,0.0,0.0,0.0,0.0,0.0,0.0,0.0,0 month,0.0,Run out of stock,,Profitable,Run out of stock - Profitable,-,-
743953,6953156284814.0,WIAPIPH58-ASL01,BASEUS ORIGINAL LSR CASE BLACK FOR IPHONE XS                                                                  ,BASEUS                        ,11.700000000000045,34.5,69,2.0,16.0,18.0,24.0,26.0,17.0,4.0,1.0,2.0,0.0,0 month,1.0,Slow moving,22.799999999999955,Less profitable,Slow moving - Less profitable,-,-
743955,6953156284821.0,WIAPIPH58-ASL03,BASEUS ORIGINAL LSR CASE LIGHT AQUA MARINE FOR IPHONE XS                                                      ,BASEUS                        ,12.379999999999995,34.5,69,1.0,15.0,7.0,10.0,12.0,8.0,5.0,7.0,2.0,2.0,0 month,3.67,Slow moving,81.18040000000002,Profitable,Slow moving - Profitable,-,-
743956,6953156284838.0,WIAPIPH58-ASL04,BASEUS ORIGINAL LSR CASE PINK FOR IPHONE XS                                                                   ,BASEUS                        ,12.679999999999998,34.5,69,0.0,16.0,5.0,16.0,12.0,13.0,2.0,1.0,2.0,0.0,0 month,1.0,Run out of stock,21.82,Less profitable,Run out of stock - Less profitable,-,Stop Ordering
743958,6953156284845.0,WIAPIPH58-ASL09,BASEUS ORIGINAL LSR CASE RED FOR IPHONE XS                                                                    ,BASEUS                        ,12.38,34.5,69,2.0,10.0,5.0,9.0,5.0,3.0,3.0,7.0,0.0,0.0,Min 3 months,2.33,Slow moving,51.53959999999999,Profitable,Slow moving - Profitable,-,-
743960,6953156284890.0,WIAPIPH65-ASL01,BASEUS ORIGINAL LSR CASE BLACK FOR IPHONE XS MAX                                                              ,BASEUS                        ,11.99000000000002,34.5,69,2.0,11.0,12.0,11.0,8.0,9.0,8.0,2.0,3.0,1.0,0 month,2.0,Slow moving,45.01999999999996,Profitable,Slow moving - Profitable,-,-
743961,6953156284906.0,WIAPIPH65-ASL03,BASEUS ORIGINAL LSR CASE LIGHT AQUA MARINE FOR IPHONE XS MAX                                                  ,BASEUS                        ,11.99,34.5,69,1.0,3.0,5.0,2.0,3.0,1.0,0.0,1.0,0.0,0.0,Min 3 months,0.33,Non moving,7.4283,Less profitable,Non moving - Less profitable,Buying Price,-
743963,6953156284913.0,WIAPIPH65-ASL04,BASEUS ORIGINAL LSR CASE PINK FOR IPHONE XS MAX                                                               ,BASEUS                        ,11.99,34.5,69,0.0,5.0,4.0,4.0,4.0,3.0,0.0,0.0,0.0,0.0,Min 3 months,0.0,Run out of stock,0.0,Run out of stock,Run out of stock - Run out of stock,-,-
743965,6953156284920.0,WIAPIPH65-ASL09,BASEUS ORIGINAL LSR CASE RED FOR IPHONE XS MAX                                                                ,BASEUS                        ,11.99,34.5,69,0.0,2.0,3.0,6.0,0.0,0.0,0.0,0.0,0.0,0.0,0 month,0.0,Run out of stock,0.0,Run out of stock,Run out of stock - Run out of stock,-,-
743966,6953156285798.0,CATKC-A01      ,BASEUS DOUBLE FAST CHARGING TYPE-C CABLE 1M BLACK                                                             ,BASEUS                        ,7.27,29.5,59,3.0,1.0,3.0,11.0,3.0,11.0,7.0,8.0,9.0,3.0,0 month,6.67,Fast moving,148.2741,Profitable,Fast moving - Profitable,-,-
743968,6953156279025.0,SUCJG9-02      ,BASEUS G9 MOBILE GAME SCORING TOOL WHITE FOR SMARTPHONES/TABLET                                               ,BASEUS                        ,5.259999999999999,24.5,49,21.0,36.0,12.0,14.0,16.0,23.0,31.0,21.0,5.0,2.0,Min 3 months,9.33,Fast moving,179.50920000000002,Profitable,Fast moving - Profitable,-,-
743975,6953156279018.0,SUCJG9-01      ,BASEUS G9 MOBILE GAME SCORING TOOL BLACK FOR SMARTPHONES/TABLET                                               ,BASEUS                        ,5.259999999999998,24.5,49,3.0,38.0,20.0,12.0,10.0,7.0,3.0,4.0,4.0,0.0,Min 3 months,2.67,Slow moving,51.3708,Profitable,Slow moving - Profitable,-,-
744168,6953156285804.0,CATKC-A09      ,BASEUS DOUBLE FAST CHARGING TYPE-C CABLE 1M RED                                                               ,BASEUS                        ,7.27,29.5,59,8.0,10.0,3.0,5.0,1.0,4.0,7.0,3.0,2.0,0.0,Min 3 months,1.67,Slow moving,37.1241,Profitable,Slow moving - Profitable,-,-
746545,6953156285460.0,CAHUB-K0G      ,BASEUS HARMONICA 5-IN-1 HUB ADAPTER GREY                                                                      ,BASEUS                        ,,74.5,159,0.0,0.0,0.0,0.0,0.0,0.0,0.0,0.0,0.0,0.0,Min 3 months,0.0,Run out of stock,,Profitable,Run out of stock - Profitable,-,-
746546,6953156279643.0,SGAPIPD-BX02   ,BASEUS 0.3MM ANTI-BLUE LIGHT TEMPERED GLASS FILM TRANSPARENT FOR IPAD PRO 12.9-INCH 3RD GEN                   ,BASEUS                        ,21.8,44.5,99,0.0,2.0,1.0,4.0,4.0,2.0,5.0,4.0,1.0,0.0,0 month,1.67,Run out of stock,37.909,Profitable,Run out of stock - Profitable,-,-
746547,6953156282094.0,LTAPIPD-ASM01  ,BASEUS SIMPLISM Y-TYPE LEATHER CASE BLACK FOR IPAD PRO 11-INCH                                                ,BASEUS                        ,38.39247524752476,74.5,159,0.0,4.0,2.0,0.0,2.0,0.0,0.0,0.0,0.0,0.0,0 month,0.0,Run out of stock,0.0,Run out of stock,Run out of stock - Run out of stock,-,-
746548,6953156282117.0,LTAPIPD-BSM01  ,BASEUS SIMPLISM Y-TYPE LEATHER CASE BLACK FOR IPAD PRO 12.9-INCH 3RD GEN                                      ,BASEUS                        ,44.20000000000002,89.5,189,0.0,3.0,2.0,0.0,0.0,0.0,0.0,0.0,0.0,0.0,Min 3 months,0.0,Run out of stock,0.0,Run out of stock,Run out of stock - Run out of stock,-,-
746549,6953156282124.0,LTAPIPD-BSM03  ,BASEUS SIMPLISM Y-TYPE LEATHER CASE BLUE FOR IPAD PRO 12.9-INCH 3RD GEN                                       ,BASEUS                        ,44.33706293706295,89.5,189,0.0,7.0,0.0,1.0,0.0,1.0,0.0,0.0,0.0,0.0,Min 3 months,0.0,Run out of stock,0.0,Run out of stock,Run out of stock - Run out of stock,-,-
746699,744790317374.0,BHL-712        ,BRAVE LOTTO SERIES MAGNETIC CAR MOUNTS                                                                        ,BRAVE                         ,12.99,34.5,69,16.0,6.0,13.0,16.0,21.0,5.0,10.0,30.0,18.0,7.0,0 month,18.33,Fast moving,394.27829999999994,Most profitable,Fast moving - Most profitable,-,Profitable - Reorder
746700,744790317381.0,BHL-713        ,BRAVE 2-IN-1 UNIVERSAL MAGNETIC HOLDER                                                                        ,BRAVE                         ,12.81,29.5,59,16.0,12.0,18.0,14.0,44.0,30.0,47.0,40.0,42.0,9.0,Min 3 months,30.33,Fast moving,506.2076999999999,Most profitable,Fast moving - Most profitable,-,Profitable - Reorder
748116,7447902860838.0,BBP-901        ,BRAVE PU LEATHER BACKPACK BLACK WITH BLUETOOTH SPEAKER & 5000MAH POWER BANK                                   ,BRAVE                         ,197.68,292.0,469,0.0,1.0,3.0,0.0,2.0,0.0,0.0,0.0,0.0,0.0,Min 3 months,0.0,Run out of stock,0.0,Run out of stock,Run out of stock - Run out of stock,-,-
748118,7447902860692.0,BBP-902        ,BRAVE NYLON BACKPACK BLACK CIRCUIT PATTERN WITH BLUETOOTH SPEAKER & 5000MAH POWER BANK                        ,BRAVE                         ,197.68,292.0,469,0.0,1.0,5.0,0.0,2.0,0.0,0.0,0.0,0.0,0.0,Min 3 months,0.0,Run out of stock,0.0,Run out of stock,Run out of stock - Run out of stock,-,-
748119,7447902860524.0,BBP-903        ,BRAVE NYLON BACKPACK ARMY GREY WITH BLUETOOTH SPEAKER & 5000MAH POWER BANK                                    ,BRAVE                         ,197.68,292.0,469,-1.0,0.0,0.0,1.0,2.0,0.0,0.0,0.0,0.0,0.0,Min 3 months,0.0,Non moving,0.0,Run out of stock,Non moving - Run out of stock,Buying Price,-
748120,7447902860456.0,BBP-904        ,BRAVE NYLON BACKPACK DARK CAMOUFLAGE WITH BLUETOOTH SPEAKER & 5000MAH POWER BANK                              ,BRAVE                         ,197.68,292.0,469,0.0,1.0,2.0,1.0,3.0,0.0,0.0,0.0,0.0,0.0,0 month,0.0,Run out of stock,0.0,Run out of stock,Run out of stock - Run out of stock,-,-
748121,7447902860388.0,BBP-905        ,BRAVE NYLON BACKPACK BEIGE WITH BLUETOOTH SPEAKER & 5000MAH POWER BANK                                        ,BRAVE                         ,197.68,292.0,469,0.0,0.0,1.0,0.0,1.0,0.0,0.0,0.0,0.0,0.0,0 month,0.0,Run out of stock,0.0,Run out of stock,Run out of stock - Run out of stock,-,-
748127,4716076167467.0,PH18502-BK     ,BONE COLLECTION RUN TIE BLACK LARGE FOR SMARTPHONES 4-6.5 INCH                                                ,BONE COLLECTION               ,28.95000000000001,44.5,89,13.0,11.0,2.0,6.0,0.0,1.0,2.0,4.0,3.0,1.0,Min 3 months,2.67,Slow moving,41.518499999999975,Profitable,Slow moving - Profitable,-,-
748128,4716076167443.0,PH18501-BK     ,BONE COLLECTION RUN TIE BLACK SMALL                                                                           ,BONE COLLECTION               ,28.95000000000007,69.5,149,2.0,7.0,6.0,1.0,0.0,1.0,1.0,0.0,0.0,0.0,0 month,0.0,Non moving,0.0,Run out of stock,Non moving - Run out of stock,-,-
748129,4716076167313.0,DR18041-32BK   ,BONE COLLECTION MARU PENGUIN 32GB USB 3.0                                                                     ,BONE COLLECTION               ,38.22000000000001,51.35,79,46.0,3.0,2.0,2.0,1.0,0.0,4.0,2.0,9.0,1.0,Min 3 months,4.0,Slow moving,52.51999999999995,Profitable,Slow moving - Profitable,-,-
748131,4716076167337.0,DR18043-32BR   ,BONE COLLECTION MR. DEER 32GB USB 3.0                                                                         ,BONE COLLECTION               ,38.22000000000001,51.35,79,51.0,1.0,1.0,0.0,0.0,0.0,5.0,2.0,4.0,0.0,Min 3 months,2.0,Slow moving,26.259999999999977,Less profitable,Slow moving - Less profitable,-,-
748133,4716076161304.0,AP14021-BK     ,BONE COLLECTION LINKEY LIGHTNING BLACK                                                                        ,BONE COLLECTION               ,25.08999999999999,59.5,129,2.0,1.0,7.0,0.0,2.0,0.0,0.0,0.0,0.0,0.0,Min 3 months,0.0,Non moving,0.0,Run out of stock,Non moving - Run out of stock,Buying Price,-
751056,6953156288492.0,ACPBCJ-01      ,BASEUS SHOOTING GAME TOOL FOR PAD BLACK                                                                       ,BASEUS                        ,9.509999999999982,34.5,69,11.0,0.0,12.0,24.0,9.0,20.0,21.0,6.0,7.0,1.0,0 month,4.67,Slow moving,116.70330000000007,Profitable,Slow moving - Profitable,-,-
751059,6953156288508.0,ACPBCJ-02      ,BASEUS SHOOTING GAME TOOL FOR PAD TRANSPARENT                                                                 ,BASEUS                        ,9.509999999999991,34.5,69,7.0,0.0,10.0,25.0,22.0,19.0,13.0,11.0,12.0,2.0,0 month,8.33,Fast moving,208.16670000000008,Profitable,Fast moving - Profitable,-,-
751060,6953156287884.0,SGAPWA4-A01    ,BASEUS 0.3MM FULL-SCREEN CURVED TEMPERED FILM BLACK FOR APPLE WATCH SERIES 4 40MM                             ,BASEUS                        ,13.189999999999635,29.5,59,6.0,0.0,21.0,40.0,30.0,16.0,6.0,2.0,3.0,0.0,0 month,1.67,Slow moving,27.237700000000608,Less profitable,Slow moving - Less profitable,-,-
751063,6953156287891.0,SGAPWA4-B01    ,BASEUS 0.3MM FULL-SCREEN CURVED TEMPERED FILM BLACK FOR APPLE WATCH SERIES 4 44MM                             ,BASEUS                        ,13.95,29.5,59,4.0,0.0,37.0,52.0,11.0,6.0,0.0,0.0,0.0,1.0,Min 3 months,0.33,Non moving,5.131500000000001,Less profitable,Non moving - Less profitable,Buying Price,-
758117,7447902861996.0,BAC-105        ,BRAVE LIGHTNING TO 3.5MM AUDIO CABLE WHITE                                                                    ,BRAVE                         ,23.0,44.5,93,21.0,0.0,0.0,0.0,2.0,14.0,25.0,15.0,10.0,4.0,Min 3 months,9.67,Fast moving,207.905,Profitable,Fast moving - Profitable,-,-
758119,744790286205.0,BTC-320BK      ,BRAVE 2-PORT USB WALL CHARGER BLACK                                                                           ,BRAVE                         ,22.0,44.5,93,11.0,0.0,0.0,0.0,0.0,12.0,20.0,20.0,10.0,3.0,0 month,11.0,Fast moving,247.5,Most profitable,Fast moving - Most profitable,-,Profitable - Reorder
758121,6953156288126.0,SUWNT-01       ,BASEUS FOLDING UNIVERSAL STICKER BLACK                                                                        ,BASEUS                        ,7.61,29.5,62,7.0,0.0,0.0,0.0,0.0,2.0,1.0,1.0,4.0,1.0,Min 3 months,2.0,Slow moving,43.78,Profitable,Slow moving - Profitable,-,-
758124,6953156288133.0,SUWNT-02       ,BASEUS FOLDING UNIVERSAL STICKER TRANSPARENT                                                                  ,BASEUS                        ,7.61,29.5,62,9.0,0.0,0.0,0.0,1.0,12.0,14.0,6.0,0.0,0.0,Min 3 months,2.0,Slow moving,43.78,Profitable,Slow moving - Profitable,-,-
758125,6953156271791.0,WXYL-A01       ,BASEUS OSCULUM WIRELESS GRAVITY CAR CHARGER                                                                   ,BASEUS                        ,37.13,74.5,156,14.0,0.0,0.0,0.0,8.0,16.0,9.0,12.0,0.0,1.0,Min 3 months,4.33,Slow moving,161.8121,Profitable,Slow moving - Profitable,-,-
758126,6953156278585.0,CATL45-01      ,BASEUS AUDIO CONVERTER CATL45                                                                                 ,BASEUS                        ,9.66,29.5,62,9.0,0.0,0.0,0.0,2.0,13.0,8.0,8.0,6.0,1.0,0 month,5.0,Slow moving,99.2,Profitable,Slow moving - Profitable,-,-
758127,6953156282278.0,CATL41-01      ,BASEUS TYPE-C TO 3.5MM AUDIO CHARGING ADAPTER BLACK                                                           ,BASEUS                        ,9.9,29.5,62,0.0,0.0,0.0,0.0,0.0,0.0,0.0,0.0,0.0,0.0,0 month,0.0,Run out of stock,0.0,Run out of stock,Run out of stock - Run out of stock,-,-
758128,6953156285101.0,WXZN-B01       ,BASEUS SMART VEHICLE BRACKET WIRELESS CHARGER WITH INFRARED SENSOR BLACK                                      ,BASEUS                        ,52.61,99.5,209,17.0,0.0,0.0,0.0,1.0,10.0,11.0,12.0,6.0,4.0,Min 3 months,7.33,Fast moving,343.7037,Most profitable,Fast moving - Most profitable,-,Profitable - Reorder
758226,6953156290853.0,ACJHQ-01       ,BASEUS MICROMOLECULE FORMALDEHYDE PURIFIER DEEP SPACE BLACK                                                   ,BASEUS                        ,26.0,50.0,104,9.0,0.0,0.0,0.0,0.0,1.0,2.0,2.0,1.0,2.0,Min 3 months,1.67,Slow moving,40.08,Profitable,Slow moving - Profitable,-,-
758227,6953156290860.0,ACJHQ-0S       ,BASEUS MICROMOLECULE FORMALDEHYDE PURIFIER SILVER                                                             ,BASEUS                        ,26.0,50.0,104,9.0,0.0,0.0,0.0,0.0,0.0,3.0,1.0,0.0,0.0,Min 3 months,0.33,Non moving,7.92,Less profitable,Non moving - Less profitable,Buying Price,-
758228,6953156261358.0,SUHZ-01        ,BASEUS BACK SEAT CAR MOUNT BLACK                                                                              ,BASEUS                        ,14.0,35.0,73,6.0,0.0,0.0,0.0,0.0,2.0,14.0,16.0,1.0,0.0,Min 3 months,5.67,Slow moving,119.07,Profitable,Slow moving - Profitable,-,-
758229,6953156261365.0,SUHZ-2S        ,BASEUS BACK SEAT CAR MOUNT SILVER                                                                             ,BASEUS                        ,14.0,35.0,73,0.0,0.0,0.0,0.0,0.0,0.0,0.0,0.0,0.0,0.0,0 month,0.0,Run out of stock,0.0,Run out of stock,Run out of stock - Run out of stock,-,-
758230,6971680477397.0,RPH0890        ,ROCK SHOOTING GAME CONTROLLER WITH HANDLE BLACK                                                               ,ROCK                          ,18.0,35.0,73,0.0,0.0,0.0,0.0,0.0,0.0,0.0,0.0,0.0,0.0,0 month,0.0,Run out of stock,0.0,Run out of stock,Run out of stock - Run out of stock,-,-
758231,7447902862290.0,BHL-715        ,BRAVE 2-IN-1 UNIVERSAL MAGNETIC HOLDER                                                                        ,BRAVEN                        ,12.0,30.0,62,19.0,0.0,0.0,0.0,0.0,33.0,50.0,34.0,29.0,7.0,0 month,23.33,Fast moving,419.93999999999994,Most profitable,Fast moving - Most profitable,-,Profitable - Reorder
758233,6953156289734.0,SGAPIPH58-WA01 ,BASEUS FULL-SCREEN CURVED TEMPERED GLASS SCREEN PROTECTOR BLACK FOR IPHONE XS/X                               ,BASEUS                        ,9.66,40.0,83,6.0,0.0,0.0,0.0,0.0,10.0,23.0,26.0,12.0,0.0,0 month,12.67,Fast moving,384.4078,Most profitable,Fast moving - Most profitable,-,Profitable - Reorder
758234,6953156289796.0,SGAPIPH65-WA01 ,BASEUS FULL-SCREEN CURVED TEMPERED GLASS SCREEN PROTECTOR BLACK FOR IPHONE XS MAX                             ,BASEUS                        ,10.26,40.0,83,6.0,0.0,0.0,0.0,0.0,2.0,14.0,7.0,0.0,0.0,0 month,2.33,Slow moving,69.2942,Profitable,Slow moving - Profitable,-,-
758235,6953156289758.0,SGAPIPH58-WC01 ,BASEUS FULL-SCREEN CURVED PRIVACY TEMPERED GLASS SCREEN PROTECTOR BLACK FOR IPHONE XS/X                       ,BASEUS                        ,15.69,45.0,93,20.0,0.0,0.0,0.0,0.0,12.0,15.0,21.0,5.0,2.0,Min 3 months,9.33,Fast moving,273.4623,Most profitable,Fast moving - Most profitable,-,Profitable - Reorder
758236,6953156289819.0,SGAPIPH65-WC01 ,BASEUS FULL-SCREEN CURVED PRIVACY TEMPERED GLASS SCREEN PROTECTOR BLACK FOR IPHONE XS MAX                     ,BASEUS                        ,16.0,45.0,93,20.0,0.0,0.0,0.0,0.0,11.0,15.0,19.0,0.0,1.0,Min 3 months,6.67,Fast moving,193.43,Profitable,Fast moving - Profitable,-,-
758241,6953156288935.0,CAHUB-T01      ,BASEUS MATE DOCKING TYPE-C HUB DOCKING STATION BLACK                                                          ,BASEUS                        ,55.18,114.5,241,0.0,0.0,0.0,0.0,0.0,0.0,0.0,0.0,0.0,0.0,0 month,0.0,Run out of stock,0.0,Run out of stock,Run out of stock - Run out of stock,-,-
758244,6953156290488.0,CABA01-01      ,BASEUS BA01 USB WIRELESS ADAPTER CABLE BLACK                                                                  ,BASEUS                        ,18.32,44.5,94,0.0,0.0,0.0,0.0,0.0,0.0,0.0,0.0,0.0,0.0,0 month,0.0,Run out of stock,0.0,Run out of stock,Run out of stock - Run out of stock,-,-
758245,6953156290495.0,CABA01-09      ,BASEUS BA01 USB WIRELESS ADAPTER CABLE RED                                                                    ,BASEUS                        ,18.32,44.5,94,0.0,0.0,0.0,0.0,12.0,0.0,0.0,0.0,0.0,0.0,0 month,0.0,Run out of stock,0.0,Run out of stock,Run out of stock - Run out of stock,-,-
762676,6953156291492.0,CATXF-0G       ,BASEUS 7-IN-1 SQUARE DESK TYPE-C MULTI-FUNCTIONAL HUB TYPE-C                                                  ,BASEUS                        ,107.83999999999986,125.0,259,0.0,0.0,0.0,0.0,0.0,0.0,0.0,0.0,0.0,0.0,0 month,0.0,Run out of stock,0.0,Run out of stock,Run out of stock - Run out of stock,-,-
762677,6953156291638.0,SULR-0G        ,BASEUS UNLIMITED ADJUSTMENT LAZY PHONE HOLDER GREY                                                            ,BASEUS                        ,21.070000000000007,45.0,89,10.0,0.0,0.0,0.0,0.0,0.0,9.0,19.0,15.0,1.0,0 month,11.67,Fast moving,279.2630999999999,Most profitable,Fast moving - Most profitable,-,Profitable - Reorder
762678,6953156286979.0,CATYW-B03      ,BASEUS ARTISTIC STRIPED TYPE-C 3A CABLE 5M BLUE                                                               ,BASEUS                        ,14.404375000000007,40.0,79,5.0,0.0,0.0,0.0,0.0,0.0,3.0,1.0,1.0,0.0,Min 3 months,0.67,Non moving,17.149068749999994,Less profitable,Non moving - Less profitable,Buying Price,-
762679,6953156286962.0,CATYW-B01      ,BASEUS ARTISTIC STRIPED TYPE-C 3A CABLE 5M BLACK                                                              ,BASEUS                        ,14.390000000000038,40.0,79,17.0,0.0,0.0,0.0,0.0,5.0,10.0,8.0,5.0,1.0,Min 3 months,4.67,Slow moving,119.59869999999982,Profitable,Slow moving - Profitable,-,-
762680,6953156286986.0,CATYW-B09      ,BASEUS ARTISTIC STRIPED TYPE-C 3A CABLE 5M RED                                                                ,BASEUS                        ,14.390000000000017,40.0,79,4.0,0.0,0.0,0.0,0.0,0.0,4.0,3.0,0.0,1.0,Min 3 months,1.33,Slow moving,34.06129999999998,Profitable,Slow moving - Profitable,-,-
762681,6953156284739.0,CATSR-01       ,BASEUS FISH-EYE SPRING TYPE-C 2A CABLE 1M BLACK                                                               ,BASEUS                        ,8.43,30.0,59,9.0,0.0,0.0,0.0,0.0,5.0,5.0,4.0,6.0,1.0,Min 3 months,3.67,Slow moving,79.1619,Profitable,Slow moving - Profitable,-,-
762682,6953156284746.0,CATSR-09       ,BASEUS FISH-EYE SPRING TYPE-C 2A CABLE 1M RED                                                                 ,BASEUS                        ,8.43,30.0,59,8.0,0.0,0.0,0.0,0.0,2.0,6.0,10.0,0.0,1.0,Min 3 months,3.67,Slow moving,79.1619,Profitable,Slow moving - Profitable,-,-
762683,7447902861064.0,BCC-36W        ,BRAVE 2-PORT TYPE-C & QUICK CHARGE CAR CHARGER                                                                ,BASEUS                        ,13.44,45.0,89,11.0,0.0,0.0,0.0,0.0,11.0,17.0,20.0,8.0,0.0,Min 3 months,9.33,Fast moving,294.45480000000003,Most profitable,Fast moving - Most profitable,-,Profitable - Reorder
317277,4716076166958.0,BK18002-BK     ,BONE COLLECTION BIKE TIE PRO 2 BLACK                                                                          ,BONE COLLECTION               ,23.16,39.5,79,5.0,0.0,0.0,0.0,0.0,0.0,0.0,6.0,1.0,0.0,Min 3 months,2.33,Slow moving,38.0722,Profitable,Slow moving - Profitable,-,-
317278,4716076166941.0,BK18002-R      ,BONE COLLECTION BIKE TIE PRO 2 RED                                                                            ,BONE COLLECTION               ,23.16,39.5,79,28.0,0.0,0.0,0.0,0.0,0.0,0.0,1.0,5.0,0.0,Min 3 months,2.0,Slow moving,32.68,Less profitable,Slow moving - Less profitable,-,-
317280,4716076166965.0,BK18002-GR     ,BONE COLLECTION BIKE TIE PRO 2 GREY                                                                           ,BONE COLLECTION               ,23.16,39.5,79,19.0,0.0,0.0,0.0,0.0,0.0,2.0,7.0,3.0,0.0,Min 3 months,3.33,Slow moving,54.4122,Profitable,Slow moving - Profitable,-,-
317296,4716076167474.0,PH18502-GR     ,BONE COLLECTION RUN TIE GREY L ARMBAND                                                                        ,BONE COLLECTION               ,28.95,44.5,89,28.0,0.0,0.0,0.0,0.0,0.0,4.0,8.0,9.0,1.0,Min 3 months,6.0,Slow moving,93.30000000000001,Profitable,Slow moving - Profitable,-,-
317301,4716076167450.0,PH18501-GR     ,BONE COLLECTION RUN TIE GREY S ARMBAND                                                                        ,BONE COLLECTION               ,28.95000000000001,44.5,89,22.0,0.0,0.0,0.0,0.0,0.0,1.0,0.0,3.0,0.0,Min 3 months,1.0,Slow moving,15.54999999999999,Less profitable,Slow moving - Less profitable,-,-
317311,4716076168341.0,PH18101-DEE    ,BONE COLLECTION MR DEER QCASE FOR IPHONE XS                                                                   ,BONE COLLECTION               ,22.39,29.5,59,6.0,0.0,0.0,0.0,0.0,0.0,3.0,9.0,6.0,0.0,Min 3 months,5.0,Slow moving,35.55,Profitable,Slow moving - Profitable,-,-
317312,4716076168358.0,PH18101-DUC    ,BONE COLLECTION PATTI DUCK QCASE FOR IPHONE XS                                                                ,BONE COLLECTION               ,22.39,29.5,59,1.0,0.0,0.0,0.0,0.0,0.0,2.0,7.0,0.0,2.0,Min 3 months,3.0,Slow moving,21.33,Less profitable,Slow moving - Less profitable,-,-
317316,4716076168365.0,PH18101-CAT    ,BONE COLLECTION MIAO CAT QCASE FOR IPHONE XS                                                                  ,BONE COLLECTION               ,22.39,29.5,59,1.0,0.0,0.0,0.0,0.0,0.0,7.0,10.0,7.0,0.0,Min 3 months,5.67,Slow moving,40.3137,Profitable,Slow moving - Profitable,-,-
317320,4716076167856.0,PH18080-DEE    ,BONE COLLECTION MR DEER QCASE FOR IPHONE XS MAX                                                               ,BONE COLLECTION               ,21.23,29.5,59,4.0,0.0,0.0,0.0,0.0,0.0,2.0,9.0,5.0,0.0,Min 3 months,4.67,Slow moving,38.6209,Profitable,Slow moving - Profitable,-,-
317324,4716076167863.0,PH18080-DUC    ,BONE COLLECTION PATTI DUCK QCASE FOR IPHONE XS MAX                                                            ,BONE COLLECTION               ,21.23,29.5,59,-1.0,0.0,0.0,0.0,0.0,0.0,1.0,5.0,1.0,0.0,0 month,2.0,Slow moving,16.54,Less profitable,Slow moving - Less profitable,-,-
317327,4716076167870.0,PH18080-CAT    ,BONE COLLECTION MIAO CAT QCASE FOR IPHONE XS MAX                                                              ,BONE COLLECTION               ,21.23,29.5,59,1.0,0.0,0.0,0.0,0.0,0.0,4.0,8.0,2.0,0.0,Min 3 months,3.33,Slow moving,27.539099999999998,Less profitable,Slow moving - Less profitable,-,-
317333,4716076167924.0,PH18082-PEN    ,BONE COLLECTION MARU PENGUIN BUBBLE CASE FOR IPHONE XS                                                        ,BONE COLLECTION               ,22.39,29.5,59,10.0,0.0,0.0,0.0,0.0,0.0,0.0,2.0,2.0,0.0,Min 3 months,1.33,Slow moving,9.4563,Less profitable,Slow moving - Less profitable,-,-
317335,4716076167931.0,PH18082-DEE    ,BONE COLLECTION MR DEER BUBBLE CASE FOR IPHONE XS                                                             ,BONE COLLECTION               ,22.39,29.5,59,18.0,0.0,0.0,0.0,0.0,0.0,0.0,5.0,4.0,0.0,Min 3 months,3.0,Slow moving,21.33,Less profitable,Slow moving - Less profitable,-,-
317336,4716076167948.0,PH18082-DUC    ,BONE COLLECTION PATTI DUCK BUBBLE CASE FOR IPHONE XS                                                          ,BONE COLLECTION               ,22.39,29.5,59,6.0,0.0,0.0,0.0,0.0,0.0,2.0,4.0,1.0,2.0,Min 3 months,2.33,Slow moving,16.5663,Less profitable,Slow moving - Less profitable,-,-
317339,4716076167955.0,PH18082-CAT    ,BONE COLLECTION MIAO CAT BUBBLE CASE FOR IPHONE XS                                                            ,BONE COLLECTION               ,22.39,29.5,59,14.0,0.0,0.0,0.0,0.0,0.0,1.0,7.0,3.0,1.0,0 month,3.67,Slow moving,26.0937,Less profitable,Slow moving - Less profitable,-,-
317343,4716076167979.0,PH18084-DEE    ,BONE COLLECTION MR DEER BUBBLE CASE FOR IPHONE XS MAX                                                         ,BONE COLLECTION               ,22.39,29.5,59,33.0,0.0,0.0,0.0,0.0,0.0,0.0,4.0,4.0,1.0,0 month,3.0,Slow moving,21.33,Less profitable,Slow moving - Less profitable,-,-
317345,4716076167993.0,PH18084-CAT    ,BONE COLLECTION MIAO CAT BUBBLE CASE FOR IPHONE XS MAX                                                        ,BONE COLLECTION               ,22.39,29.5,59,10.0,0.0,0.0,0.0,0.0,0.0,0.0,8.0,8.0,0.0,Min 3 months,5.33,Slow moving,37.8963,Profitable,Slow moving - Profitable,-,-
663479,6953156293014.0,CAHUB-AZ0G     ,BASEUS SUPERLATIVE MULTIFUNCTIONAL HUB DEEP GREY                                                              ,BASEUS                        ,102.13,150.0,309,38.0,0.0,0.0,0.0,0.0,0.0,0.0,3.0,4.0,0.0,Min 3 months,2.33,Slow moving,111.53710000000001,Profitable,Slow moving - Profitable,-,-
663480,6953156292314.0,NGH15-01       ,BASEUS GAMO H15 BLACK 3.5MM WIRED IN-EAR EARPHONES                                                            ,BASEUS                        ,18.130000000000013,49.5,109,30.0,0.0,0.0,0.0,0.0,0.0,0.0,8.0,10.0,1.0,Min 3 months,6.33,Slow moving,198.57209999999992,Profitable,Slow moving - Profitable,-,-
663481,6953156292321.0,NGH15-91       ,BASEUS GAMO H15 RES/BLACK 3.5MM WIRED IN-EAR EARPHONES                                                        ,BASEUS                        ,18.13,49.5,109,34.0,0.0,0.0,0.0,0.0,0.0,0.0,8.0,12.0,0.0,Min 3 months,6.67,Fast moving,209.2379,Most profitable,Fast moving - Most profitable,-,Profitable - Reorder
663501,6953156293267.0,NGW01-01       ,BASEUS ENCOK W01 BLACK TRUE WIRELESS IN-EAR EARPHONES                                                         ,BASEUS                        ,66.22,114.5,239,24.0,0.0,0.0,0.0,0.0,0.0,0.0,5.0,19.0,3.0,Min 3 months,9.0,Fast moving,434.52,Most profitable,Fast moving - Most profitable,-,Profitable - Reorder
665858,6953156293274.0,NGW01-02       ,BASEUS ENCOK W01 WHITE TRUE WIRELESS IN-EAR EARPHONES                                                         ,BASEUS                        ,66.22000000000001,114.5,239,38.0,0.0,0.0,0.0,0.0,0.0,4.0,4.0,9.0,2.0,0 month,5.0,Slow moving,241.39999999999992,Most profitable,Slow moving - Most profitable,-,-
665859,6953156293243.0,NGA03-01       ,BASEUS ENCOK A03 BLACK WIRELESS IN-EAR EARPHONES                                                              ,BASEUS                        ,30.82000000000039,69.5,149,22.0,0.0,0.0,0.0,0.0,0.0,0.0,12.0,9.0,0.0,0 month,7.0,Fast moving,270.75999999999726,Most profitable,Fast moving - Most profitable,-,Profitable - Reorder
665860,6953156293250.0,NGA03-02       ,BASEUS ENCOK A03 WHITE WIRELESS IN-EAR EARPHONES                                                              ,BASEUS                        ,27.19,69.5,149,37.0,0.0,0.0,0.0,0.0,0.0,0.0,10.0,6.0,1.0,0 month,5.67,Slow moving,239.89770000000001,Most profitable,Slow moving - Most profitable,-,-
665862,6953156294073.0,WXYDIW02-01    ,BASEUS DOTTER BLACK WIRELESS CHARGER FOR APPLE WATCH                                                          ,BASEUS                        ,23.570000000000004,49.5,109,35.0,0.0,0.0,0.0,0.0,0.0,1.0,9.0,10.0,1.0,0 month,6.67,Fast moving,172.95309999999998,Profitable,Fast moving - Profitable,-,-
671807,6953156294080.0,WXYDIW02-02    ,BASEUS DOTTER WHITE WIRELESS CHARGER FOR APPLE WATCH                                                          ,BASEUS                        ,23.57,49.5,109,46.0,0.0,0.0,0.0,0.0,0.0,0.0,8.0,5.0,1.0,Min 3 months,4.67,Slow moving,121.09309999999999,Profitable,Slow moving - Profitable,-,-
671812,6953156292079.0,PPLG-01        ,BASEUS AMBLIGHT 30000MAH POWER BANK BLACK                                                                     ,BASEUS                        ,88.91,144.5,299,0.0,0.0,0.0,0.0,0.0,0.0,0.0,0.0,0.0,0.0,Min 3 months,0.0,Run out of stock,0.0,Run out of stock,Run out of stock - Run out of stock,-,-
674011,6953156286504.0,SUDYZP-D19     ,BASEUS FULLY FOLDING SELFIE STICK BLACK/RED                                                                   ,BASEUS                        ,45.32,74.5,159,0.0,0.0,0.0,0.0,0.0,0.0,0.0,0.0,0.0,0.0,Min 3 months,0.0,Run out of stock,0.0,Run out of stock,Run out of stock - Run out of stock,-,-
676636,6953156286498.0,SUDYZP-D1S     ,BASEUS FULLY FOLDING SELFIE STICK BLACK/SLIVER                                                                ,BASEUS                        ,45.32,74.5,159,34.0,0.0,0.0,0.0,0.0,0.0,0.0,11.0,11.0,4.0,Min 3 months,8.67,Fast moving,252.9906,Most profitable,Fast moving - Most profitable,-,Profitable - Reorder
676638,6953156286481.0,SUDYZP-D1V     ,BASEUS FULLY FOLDING SELFIE STICK BLACK/GOLD                                                                  ,BASEUS                        ,45.32,74.5,159,0.0,0.0,0.0,0.0,0.0,0.0,0.0,0.0,0.0,0.0,Min 3 months,0.0,Run out of stock,0.0,Run out of stock,Run out of stock - Run out of stock,-,-
676641,7447902860074.0,BDC-480 SILVER ,BRAVE MFI LIGHTNING CABLE 1M SILVER                                                                           ,BRAVE                         ,15.43,29.5,59,24.0,0.0,0.0,0.0,0.0,0.0,5.0,33.0,22.0,2.0,Min 3 months,19.0,Fast moving,267.33,Most profitable,Fast moving - Most profitable,-,Profitable - Reorder
676642,7447902862818.0,BDC-480 BLACK  ,BRAVE MFI LIGHTNING CABLE 1M BLACK                                                                            ,BRAVE                         ,15.43,29.5,59,19.0,0.0,0.0,0.0,0.0,0.0,5.0,35.0,26.0,11.0,Min 3 months,24.0,Fast moving,337.68,Most profitable,Fast moving - Most profitable,-,Profitable - Reorder
766138,6953156295483.0,WX3IN1-01      ,BASEUS SMART 3-IN-1 WIRELESS CHARGER 18W BLACK                                                                ,BASEUS                        ,51.18,95.0,199,12.0,0.0,0.0,0.0,0.0,0.0,0.0,9.0,11.0,5.0,Min 3 months,8.33,Fast moving,365.0206,Most profitable,Fast moving - Most profitable,-,Profitable - Reorder
766139,6953156295490.0,WX3IN1-02      ,BASEUS SMART 3-IN-1 WIRELESS CHARGER 18W WHITE                                                                ,BASEUS                        ,55.169999999999845,95.0,199,41.0,0.0,0.0,0.0,0.0,0.0,0.0,8.0,14.0,7.0,Min 3 months,9.67,Fast moving,385.1561000000015,Most profitable,Fast moving - Most profitable,-,Profitable - Reorder
766140,6953156293618.0,CA1T4-I0G      ,BASEUS STAR RING SERIES 4-IN-1 CABLE 1.2M DEEP GREY                                                           ,BASEUS                        ,28.962539682539678,65.0,139,0.0,0.0,0.0,0.0,0.0,0.0,0.0,0.0,0.0,0.0,0 month,0.0,Run out of stock,0.0,Run out of stock,Run out of stock - Run out of stock,-,-
766141,6953156295117.0,WIAPIPH58-QA01 ,BASEUS TRANSPARENT KEY PHONE CASE BLACK FOR IPHONE XS                                                         ,BASEUS                        ,6.599999999999998,30.0,59,29.0,0.0,0.0,0.0,0.0,0.0,0.0,8.0,8.0,4.0,Min 3 months,6.67,Fast moving,156.078,Profitable,Fast moving - Profitable,-,-
766142,6953156295124.0,WIAPIPH58-QA02 ,BASEUS TRANSPARENT KEY PHONE CASE TRANSPARENT FOR IPHONE XS                                                   ,BASEUS                        ,6.599999999999999,30.0,59,42.0,0.0,0.0,0.0,0.0,0.0,0.0,7.0,3.0,1.0,Min 3 months,3.67,Slow moving,85.878,Profitable,Slow moving - Profitable,-,-
