Sku,UPC,Catalogue N,Title,Label,Arq COST,Cost Price,V.S.P.,301 Co,301.Arq COST,301.Cost Price,301.V.S.P.,301.AVG. WEEK,302 Co,302.Arq COST,302.Cost Price,302.V.S.P.,302.AVG. WEEK,306 Co,306.Arq COST,306.Cost Price,306.V.S.P.,306.AVG. WEEK,307 Co,307.Arq COST,307.Cost Price,307.V.S.P.,307.AVG. WEEK,Latest SOH,total sale of Goods,Status
317277,4716076166958.0,BK18002-BK     ,BONE COLLECTION BIKE TIE PRO 2 BLACK                                                                          ,BONE COLLECTION               ,23.16,44.5,89,0.0,0.0,0.0,0.0,0.0,0.0,0.0,0.0,0.0,0.0,0.0,0.0,0.0,0.0,0.0,0.0,0.0,0.0,0.0,0.0,0,0.0,Run out of stock
317278,4716076166941.0,BK18002-R      ,BONE COLLECTION BIKE TIE PRO 2 RED                                                                            ,BONE COLLECTION               ,23.16,44.5,89,0.0,0.0,0.0,0.0,0.0,0.0,0.0,0.0,0.0,0.0,0.0,0.0,0.0,0.0,0.0,0.0,0.0,0.0,0.0,0.0,6,0.0,Non moving
317280,4716076166965.0,BK18002-GR     ,BONE COLLECTION BIKE TIE PRO 2 GREY                                                                           ,BONE COLLECTION               ,23.16,44.5,89,0.0,0.0,0.0,0.0,0.0,0.0,0.0,0.0,0.0,0.0,0.0,0.0,0.0,0.0,0.0,0.0,0.0,0.0,0.0,0.0,6,0.0,Non moving
317296,4716076167474.0,PH18502-GR     ,BONE COLLECTION RUN TIE GREY L ARMBAND                                                                        ,BONE COLLECTION               ,28.95,49.5,99,0.0,0.0,0.0,0.0,0.0,0.0,0.0,0.0,0.0,0.0,0.0,0.0,0.0,0.0,0.0,0.0,0.0,0.0,0.0,0.0,25,0.0,Non moving
317301,4716076167450.0,PH18501-GR     ,BONE COLLECTION RUN TIE GREY S ARMBAND                                                                        ,BONE COLLECTION               ,28.950000000000006,49.5,99,0.0,0.0,0.0,0.0,0.0,0.0,0.0,0.0,0.0,0.0,0.0,0.0,0.0,0.0,0.0,0.0,0.0,0.0,0.0,0.0,9,0.0,Non moving
317311,4716076168341.0,PH18101-DEE    ,BONE COLLECTION MR DEER QCASE FOR IPHONE XS                                                                   ,BONE COLLECTION               ,22.39,34.5,69,0.0,0.0,0.0,0.0,0.0,0.0,0.0,0.0,0.0,0.0,0.0,0.0,0.0,0.0,0.0,0.0,0.0,0.0,0.0,0.0,18,0.0,Non moving
317312,4716076168358.0,PH18101-DUC    ,BONE COLLECTION PATTI DUCK QCASE FOR IPHONE XS                                                                ,BONE COLLECTION               ,22.39,34.5,69,1.0,22.39,34.5,69.0,0.25,0.0,0.0,0.0,0.0,0.0,0.0,0.0,0.0,0.0,0.0,0.0,0.0,0.0,0.0,0.0,0,1.0,Slow moving
317316,4716076168365.0,PH18101-CAT    ,BONE COLLECTION MIAO CAT QCASE FOR IPHONE XS                                                                  ,BONE COLLECTION               ,22.39,34.5,69,0.0,0.0,0.0,0.0,0.0,0.0,0.0,0.0,0.0,0.0,0.0,0.0,0.0,0.0,0.0,0.0,0.0,0.0,0.0,0.0,2,0.0,Non moving
317320,4716076167856.0,PH18080-DEE    ,BONE COLLECTION MR DEER QCASE FOR IPHONE XS MAX                                                               ,BONE COLLECTION               ,21.23,34.5,69,1.0,21.23,34.5,69.0,0.25,0.0,0.0,0.0,0.0,0.0,2.0,42.46,69.0,138.0,0.5,0.0,0.0,0.0,0.0,0.0,13,3.0,Fast moving
317324,4716076167863.0,PH18080-DUC    ,BONE COLLECTION PATTI DUCK QCASE FOR IPHONE XS MAX                                                            ,BONE COLLECTION               ,21.23,34.5,69,0.0,0.0,0.0,0.0,0.0,0.0,0.0,0.0,0.0,0.0,0.0,0.0,0.0,0.0,0.0,0.0,0.0,0.0,0.0,0.0,0,0.0,Run out of stock
317327,4716076167870.0,PH18080-CAT    ,BONE COLLECTION MIAO CAT QCASE FOR IPHONE XS MAX                                                              ,BONE COLLECTION               ,21.23,34.5,69,2.0,42.46,69.0,138.0,0.5,0.0,0.0,0.0,0.0,0.0,0.0,0.0,0.0,0.0,0.0,1.0,21.23,34.5,69.0,0.25,9,3.0,Fast moving
317333,4716076167924.0,PH18082-PEN    ,BONE COLLECTION MARU PENGUIN BUBBLE CASE FOR IPHONE XS                                                        ,BONE COLLECTION               ,22.39,34.5,69,0.0,0.0,0.0,0.0,0.0,0.0,0.0,0.0,0.0,0.0,0.0,0.0,0.0,0.0,0.0,0.0,0.0,0.0,0.0,0.0,5,0.0,Non moving
317335,4716076167931.0,PH18082-DEE    ,BONE COLLECTION MR DEER BUBBLE CASE FOR IPHONE XS                                                             ,BONE COLLECTION               ,22.39,34.5,69,0.0,0.0,0.0,0.0,0.0,0.0,0.0,0.0,0.0,0.0,0.0,0.0,0.0,0.0,0.0,0.0,0.0,0.0,0.0,0.0,18,0.0,Non moving
317336,4716076167948.0,PH18082-DUC    ,BONE COLLECTION PATTI DUCK BUBBLE CASE FOR IPHONE XS                                                          ,BONE COLLECTION               ,22.39,34.5,69,0.0,0.0,0.0,0.0,0.0,0.0,0.0,0.0,0.0,0.0,0.0,0.0,0.0,0.0,0.0,0.0,0.0,0.0,0.0,0.0,7,0.0,Non moving
317339,4716076167955.0,PH18082-CAT    ,BONE COLLECTION MIAO CAT BUBBLE CASE FOR IPHONE XS                                                            ,BONE COLLECTION               ,22.39,34.5,69,0.0,0.0,0.0,0.0,0.0,0.0,0.0,0.0,0.0,0.0,0.0,0.0,0.0,0.0,0.0,1.0,22.39,34.5,69.0,0.25,6,1.0,Slow moving
317343,4716076167979.0,PH18084-DEE    ,BONE COLLECTION MR DEER BUBBLE CASE FOR IPHONE XS MAX                                                         ,BONE COLLECTION               ,22.39,34.5,69,0.0,0.0,0.0,0.0,0.0,0.0,0.0,0.0,0.0,0.0,0.0,0.0,0.0,0.0,0.0,0.0,0.0,0.0,0.0,0.0,25,0.0,Non moving
317345,4716076167993.0,PH18084-CAT    ,BONE COLLECTION MIAO CAT BUBBLE CASE FOR IPHONE XS MAX                                                        ,BONE COLLECTION               ,22.39,34.5,69,0.0,0.0,0.0,0.0,0.0,1.0,22.39,34.5,69.0,0.25,1.0,22.39,34.5,69.0,0.25,0.0,0.0,0.0,0.0,0.0,16,2.0,Slow moving
663479,6953156293014.0,CAHUB-AZ0G     ,BASEUS SUPERLATIVE MULTIFUNCTIONAL HUB DEEP GREY                                                              ,BASEUS                        ,102.13,155.0,309,1.0,102.13,155.0,309.0,0.25,0.0,0.0,0.0,0.0,0.0,0.0,0.0,0.0,0.0,0.0,1.0,102.13,155.0,309.0,0.25,23,2.0,Slow moving
663480,6953156292314.0,NGH15-01       ,BASEUS GAMO H15 BLACK 3.5MM WIRED IN-EAR EARPHONES                                                            ,BASEUS                        ,18.130000000000013,54.5,109,0.0,0.0,0.0,0.0,0.0,0.0,0.0,0.0,0.0,0.0,0.0,0.0,0.0,0.0,0.0,0.0,0.0,0.0,0.0,0.0,23,0.0,Non moving
663481,6953156292321.0,NGH15-91       ,BASEUS GAMO H15 RES/BLACK 3.5MM WIRED IN-EAR EARPHONES                                                        ,BASEUS                        ,18.13,54.5,109,0.0,0.0,0.0,0.0,0.0,0.0,0.0,0.0,0.0,0.0,0.0,0.0,0.0,0.0,0.0,0.0,0.0,0.0,0.0,0.0,34,0.0,Non moving
663501,6953156293267.0,NGW01-01       ,BASEUS ENCOK W01 BLACK TRUE WIRELESS IN-EAR EARPHONES                                                         ,BASEUS                        ,66.22,119.5,239,3.0,198.66,358.5,717.0,0.75,3.0,198.66,358.5,717.0,0.75,5.0,331.1,597.5,1195.0,1.25,4.0,264.88,478.0,956.0,1.0,19,15.0,Fast moving
665858,6953156293274.0,NGW01-02       ,BASEUS ENCOK W01 WHITE TRUE WIRELESS IN-EAR EARPHONES                                                         ,BASEUS                        ,66.22000000000001,119.5,239,1.0,66.22,119.5,239.0,0.25,0.0,0.0,0.0,0.0,0.0,3.0,198.66,358.5,717.0,0.75,0.0,0.0,0.0,0.0,0.0,30,4.0,Fast moving
665859,6953156293243.0,NGA03-01       ,BASEUS ENCOK A03 BLACK WIRELESS IN-EAR EARPHONES                                                              ,BASEUS                        ,30.82000000000039,74.5,149,0.0,0.0,0.0,0.0,0.0,0.0,0.0,0.0,0.0,0.0,0.0,0.0,0.0,0.0,0.0,0.0,0.0,0.0,0.0,0.0,0,0.0,Run out of stock
665860,6953156293250.0,NGA03-02       ,BASEUS ENCOK A03 WHITE WIRELESS IN-EAR EARPHONES                                                              ,BASEUS                        ,27.19,74.5,149,0.0,0.0,0.0,0.0,0.0,2.0,54.38,149.0,298.0,0.5,0.0,0.0,0.0,0.0,0.0,3.0,81.57,223.5,447.0,0.75,20,5.0,Fast moving
665862,6953156294073.0,WXYDIW02-01    ,BASEUS DOTTER BLACK WIRELESS CHARGER FOR APPLE WATCH                                                          ,BASEUS                        ,23.570000000000004,54.5,109,2.0,47.14,109.0,218.0,0.5,5.0,117.85,272.5,545.0,1.25,4.0,94.28,218.0,436.0,1.0,3.0,70.71,163.5,327.0,0.75,15,14.0,Fast moving
671807,6953156294080.0,WXYDIW02-02    ,BASEUS DOTTER WHITE WIRELESS CHARGER FOR APPLE WATCH                                                          ,BASEUS                        ,23.57,54.5,109,1.0,23.57,54.5,109.0,0.25,3.0,70.71,163.5,327.0,0.75,0.0,0.0,0.0,0.0,0.0,4.0,94.28,218.0,436.0,1.0,14,8.0,Fast moving
671812,6953156292079.0,PPLG-01        ,BASEUS AMBLIGHT 30000MAH POWER BANK BLACK                                                                     ,BASEUS                        ,88.91,149.5,299,0.0,0.0,0.0,0.0,0.0,0.0,0.0,0.0,0.0,0.0,0.0,0.0,0.0,0.0,0.0,0.0,0.0,0.0,0.0,0.0,0,0.0,Run out of stock
674011,6953156286504.0,SUDYZP-D19     ,BASEUS FULLY FOLDING SELFIE STICK BLACK/RED                                                                   ,BASEUS                        ,45.32,79.5,159,0.0,0.0,0.0,0.0,0.0,0.0,0.0,0.0,0.0,0.0,0.0,0.0,0.0,0.0,0.0,0.0,0.0,0.0,0.0,0.0,0,0.0,Run out of stock
676636,6953156286498.0,SUDYZP-D1S     ,BASEUS FULLY FOLDING SELFIE STICK BLACK/SLIVER                                                                ,BASEUS                        ,45.32,79.5,159,2.0,90.64,159.0,318.0,0.5,4.0,181.28,318.0,636.0,1.0,3.0,135.96,238.5,477.0,0.75,3.0,135.96,238.5,477.0,0.75,1,12.0,Fast moving
676638,6953156286481.0,SUDYZP-D1V     ,BASEUS FULLY FOLDING SELFIE STICK BLACK/GOLD                                                                  ,BASEUS                        ,45.32,79.5,159,0.0,0.0,0.0,0.0,0.0,0.0,0.0,0.0,0.0,0.0,0.0,0.0,0.0,0.0,0.0,0.0,0.0,0.0,0.0,0.0,0,0.0,Run out of stock
676641,7447902860074.0,BDC-480 SILVER ,BRAVE MFI LIGHTNING CABLE 1M SILVER                                                                           ,BRAVE                         ,15.43,34.5,69,2.0,30.86,69.0,138.0,0.5,0.0,0.0,0.0,0.0,0.0,0.0,0.0,0.0,0.0,0.0,0.0,0.0,0.0,0.0,0.0,26,2.0,Slow moving
676642,7447902862818.0,BDC-480 BLACK  ,BRAVE MFI LIGHTNING CABLE 1M BLACK                                                                            ,BRAVE                         ,15.43,34.5,69,1.0,15.43,34.5,69.0,0.25,2.0,30.86,69.0,138.0,0.5,0.0,0.0,0.0,0.0,0.0,0.0,0.0,0.0,0.0,0.0,23,3.0,Fast moving
734836,6953156281479.0,WXZN-01        ,BASEUS CAR WIRELESS CHARGER SMART VEHICLE BRACKET                                                             ,BASEUS                        ,51.99000000000001,74.5,149,0.0,0.0,0.0,0.0,0.0,0.0,0.0,0.0,0.0,0.0,0.0,0.0,0.0,0.0,0.0,3.0,155.97,223.5,447.0,0.75,17,3.0,Fast moving
734837,6953156282964.0,ACHDCJ-01      ,BASEUS HOLDER RED-DOT MOBILE GAME SCORING TOOL BLACK                                                          ,BASEUS                        ,5.260000000000002,24.5,49,7.0,36.82,171.5,343.0,1.75,0.0,0.0,0.0,0.0,0.0,0.0,0.0,0.0,0.0,0.0,0.0,0.0,0.0,0.0,0.0,18,7.0,Fast moving
734838,6953156282971.0,ACHDCJ-02      ,BASEUS HOLDER RED-DOT MOBILE GAME SCORING TOOL TRANSPARENT                                                    ,BASEUS                        ,5.389999999999992,24.5,49,3.0,16.17,73.5,147.0,0.75,1.0,5.39,24.5,49.0,0.25,2.0,10.78,49.0,98.0,0.5,9.0,48.51,220.5,441.0,2.25,23,15.0,Fast moving
734867,6953156273887.0,NGW02-01       ,BASEUS ENCOK W02 TWS TRULY WIRELESS HEADSET BLACK                                                             ,BASEUS                        ,57.06000000000004,109.5,219,0.0,0.0,0.0,0.0,0.0,0.0,0.0,0.0,0.0,0.0,0.0,0.0,0.0,0.0,0.0,0.0,0.0,0.0,0.0,0.0,8,0.0,Non moving
734868,6953156273894.0,NGW02-02       ,BASEUS ENCOK W02 TWS TRULY WIRELESS HEADSET WHITE                                                             ,BASEUS                        ,53.97,109.5,219,0.0,0.0,0.0,0.0,0.0,0.0,0.0,0.0,0.0,0.0,0.0,0.0,0.0,0.0,0.0,1.0,53.97,109.5,219.0,0.25,10,1.0,Slow moving
734881,6953156280243.0,WX2IN1-02      ,BASEUS SMART 2 IN 1 WIRELESS CHARGER WHITE                                                                    ,BASEUS                        ,41.14999999999977,89.5,179,1.0,41.15,89.5,179.0,0.25,1.0,41.15,89.5,179.0,0.25,2.0,82.3,179.0,358.0,0.5,0.0,0.0,0.0,0.0,0.0,11,4.0,Fast moving
734882,6953156278844.0,PPALL-AKU01    ,BASEUS MINI CU DIGITAL DISPLAY POWER BANK 10000MAH BLACK                                                      ,BASEUS                        ,37.61867256637168,69.5,139,5.0,188.09,347.5,695.0,1.25,0.0,0.0,0.0,0.0,0.0,0.0,0.0,0.0,0.0,0.0,0.0,0.0,0.0,0.0,0.0,12,5.0,Fast moving
734895,6953156276413.0,CCALL-RH01     ,BASEUS LOCOMOTIVE BLUETOOTH MP3 VEHICLE CHARGER BLACK                                                         ,BASEUS                        ,24.729999999999976,49.5,99,3.0,74.19,148.5,297.0,0.75,2.0,49.46,99.0,198.0,0.5,0.0,0.0,0.0,0.0,0.0,2.0,49.46,99.0,198.0,0.5,12,7.0,Fast moving
734899,6953156273030.0,ACCHZ-01       ,BASEUS ROTATION TYPE UNIVERSAL CHARGER BLACK                                                                  ,BASEUS                        ,25.360000000000007,54.5,109,0.0,0.0,0.0,0.0,0.0,0.0,0.0,0.0,0.0,0.0,0.0,0.0,0.0,0.0,0.0,0.0,0.0,0.0,0.0,0.0,3,0.0,Non moving
734904,6953156278622.0,CAHUB-D0G      ,BASEUS CUBE TYPE-C TO USB3.0X3+USB2.0X2 HUB ADAPTER DARK GRAY                                                 ,BASEUS                        ,27.0,64.5,129,1.0,27.0,64.5,129.0,0.25,0.0,0.0,0.0,0.0,0.0,0.0,0.0,0.0,0.0,0.0,1.0,27.0,64.5,129.0,0.25,3,2.0,Slow moving
734907,6953156255814.0,SUGENT-ATR01   ,BASEUS CURVE MAGNET CAR MOUNT                                                                                 ,BASEUS                        ,11.0,24.5,49,0.0,0.0,0.0,0.0,0.0,0.0,0.0,0.0,0.0,0.0,0.0,0.0,0.0,0.0,0.0,0.0,0.0,0.0,0.0,0.0,0,0.0,Run out of stock
734909,6953156253025.0,SUER-A01       ,BASEUS SMALL EARS MAGNETIC CAR VENT SUCTION BRACKET BLACK                                                     ,BASEUS                        ,11.76,24.5,49,4.0,47.04,98.0,196.0,1.0,1.0,11.76,24.5,49.0,0.25,0.0,0.0,0.0,0.0,0.0,0.0,0.0,0.0,0.0,0.0,11,5.0,Fast moving
734911,6953156253032.0,SUER-A0S       ,BASEUS SMALL EARS MAGNETIC CAR VENT SUCTION BRACKET ROSE SILVER                                               ,BASEUS                        ,12.049999999999995,24.5,49,0.0,0.0,0.0,0.0,0.0,1.0,12.05,24.5,49.0,0.25,0.0,0.0,0.0,0.0,0.0,0.0,0.0,0.0,0.0,0.0,7,1.0,Slow moving
734916,6953156259850.0,SUHS-DP01      ,BASEUS DOUBLE CLIP HORIZONTAL VEHICLE MOUNT BLACK                                                             ,BASEUS                        ,13.479999999999993,29.5,59,1.0,13.48,29.5,59.0,0.25,0.0,0.0,0.0,0.0,0.0,0.0,0.0,0.0,0.0,0.0,2.0,26.96,59.0,118.0,0.5,13,3.0,Fast moving
734920,6953156273085.0,SUYZD-01       ,BASEUS BULLET ON-BOARD CAR MAGNETIC BRACKET BLACK                                                             ,BASEUS                        ,13.620000000000053,34.5,69,1.0,13.62,34.5,69.0,0.25,3.0,40.86,103.5,207.0,0.75,0.0,0.0,0.0,0.0,0.0,0.0,0.0,0.0,0.0,0.0,16,4.0,Fast moving
734921,6953156273092.0,SUYZD-09       ,BASEUS BULLET ON-BOARD CAR MAGNETIC BRACKET RED                                                               ,BASEUS                        ,13.949999999999998,34.5,69,2.0,27.9,69.0,138.0,0.5,1.0,13.95,34.5,69.0,0.25,0.0,0.0,0.0,0.0,0.0,0.0,0.0,0.0,0.0,0.0,4,3.0,Fast moving
734922,6953156273108.0,SUYZD-0S       ,BASEUS BULLET ON-BOARD CAR MAGNETIC BRACKET SILVER                                                            ,BASEUS                        ,13.950000000000017,34.5,69,2.0,27.9,69.0,138.0,0.5,1.0,13.95,34.5,69.0,0.25,0.0,0.0,0.0,0.0,0.0,3.0,41.85,103.5,207.0,0.75,25,6.0,Fast moving
734927,6953156253063.0,SUER-B01       ,BASEUS SMALL EARS VERTICAL MAGNETIC BRACKET BLACK                                                             ,BASEUS                        ,11.760000000000007,24.5,49,0.0,0.0,0.0,0.0,0.0,2.0,23.52,49.0,98.0,0.5,0.0,0.0,0.0,0.0,0.0,1.0,11.76,24.5,49.0,0.25,5,3.0,Fast moving
734928,6953156253070.0,SUER-B0S       ,BASEUS SMALL EARS VERTICAL MAGNETIC BRACKET ROSE SILVER                                                       ,BASEUS                        ,11.76,24.5,49,4.0,47.04,98.0,196.0,1.0,0.0,0.0,0.0,0.0,0.0,0.0,0.0,0.0,0.0,0.0,3.0,35.28,73.5,147.0,0.75,9,7.0,Fast moving
734941,6953156281691.0,WXXP-01        ,BASEUS WIRELESS CHARGER SUCTION CUP BLACK                                                                     ,BASEUS                        ,22.190000000000005,44.5,89,2.0,44.38,89.0,178.0,0.5,0.0,0.0,0.0,0.0,0.0,0.0,0.0,0.0,0.0,0.0,0.0,0.0,0.0,0.0,0.0,1,2.0,Slow moving
734942,6953156281370.0,TZARGS-09      ,BASEUS CASE FOR AIRPODS RED                                                                                   ,BASEUS                        ,7.461149425287359,24.5,49,0.0,0.0,0.0,0.0,0.0,0.0,0.0,0.0,0.0,0.0,0.0,0.0,0.0,0.0,0.0,1.0,7.46,24.5,49.0,0.25,13,1.0,Slow moving
734943,6953156281363.0,TZARGS-01      ,BASEUS CASE FOR AIRPODS BLACK                                                                                 ,BASEUS                        ,7.610000000000008,24.5,49,0.0,0.0,0.0,0.0,0.0,0.0,0.0,0.0,0.0,0.0,0.0,0.0,0.0,0.0,0.0,0.0,0.0,0.0,0.0,0.0,25,0.0,Non moving
734944,6953156281387.0,TZARGS-G2      ,BASEUS CASE FOR AIRPODS GRAY                                                                                  ,BASEUS                        ,7.610000000000008,24.5,49,1.0,7.61,24.5,49.0,0.25,2.0,15.22,49.0,98.0,0.5,0.0,0.0,0.0,0.0,0.0,1.0,7.61,24.5,49.0,0.25,23,4.0,Fast moving
734948,6953156276673.0,ACSR-MS01      ,BASEUS MAGIC MONSTER GAMEPAD STYLE POWER BANK 2000MAH                                                         ,BASEUS                        ,24.14000000000001,54.5,109,0.0,0.0,0.0,0.0,0.0,0.0,0.0,0.0,0.0,0.0,0.0,0.0,0.0,0.0,0.0,0.0,0.0,0.0,0.0,0.0,0,0.0,Run out of stock
738078,6953156284647.0,ACSLCJ-06      ,BASEUS GRENADE BLACK/ARMY GREEN GRIP FOR SMARTPHONES                                                          ,BASEUS                        ,9.509999999999998,24.5,49,5.0,47.55,122.5,245.0,1.25,4.0,38.04,98.0,196.0,1.0,4.0,38.04,98.0,196.0,1.0,2.0,19.02,49.0,98.0,0.5,13,15.0,Fast moving
739727,6953156282940.0,WIAPPOD-01     ,BASEUS PROTECTIVE CASE/WIRELESS CHARGER BLACK FOR AIRPODS                                                     ,BASEUS                        ,17.33,49.5,99,0.0,0.0,0.0,0.0,0.0,0.0,0.0,0.0,0.0,0.0,0.0,0.0,0.0,0.0,0.0,2.0,34.66,99.0,198.0,0.5,11,2.0,Slow moving
739728,6953156282957.0,WIAPPOD-09     ,BASEUS PROTECTIVE CASE/WIRELESS CHARGER RED FOR AIRPODS                                                       ,BASEUS                        ,17.33,49.5,99,1.0,17.33,49.5,99.0,0.25,0.0,0.0,0.0,0.0,0.0,0.0,0.0,0.0,0.0,0.0,1.0,17.33,49.5,99.0,0.25,7,2.0,Slow moving
742248,6953156284630.0,ACSLCJ-01      ,BASEUS GRENADE BLACK GRIP FOR SMARTPHONES                                                                     ,BASEUS                        ,9.313366214549943,24.5,49,4.0,37.25,98.0,196.0,1.0,0.0,0.0,0.0,0.0,0.0,4.0,37.25,98.0,196.0,1.0,4.0,37.25,98.0,196.0,1.0,13,12.0,Fast moving
742249,6953156286603.0,SUCJLF-01      ,BASEUS WINNER COOLING HEAT SINK BLACK FOR SMARTPHONES                                                         ,BASEUS                        ,21.039999999999992,49.5,99,0.0,0.0,0.0,0.0,0.0,3.0,63.12,148.5,297.0,0.75,3.0,63.12,148.5,297.0,0.75,1.0,21.04,49.5,99.0,0.25,13,7.0,Fast moving
742292,6953156279650.0,SGAPIPD-CX02   ,BASEUS 0.3MM TEMPERED GLASS FILM TRANSPARENT FOR IPAD PRO 11-INCH                                             ,BASEUS                        ,14.434906542056074,39.5,79,0.0,0.0,0.0,0.0,0.0,0.0,0.0,0.0,0.0,0.0,0.0,0.0,0.0,0.0,0.0,0.0,0.0,0.0,0.0,0.0,4,0.0,Non moving
742293,6953156279667.0,SGAPIPD-DX02   ,BASEUS 0.3MM ANTI-BLUE LIGHT TEMPERED GLASS FILM TRANSPARENT FOR IPAD PRO 11-INCH                             ,BASEUS                        ,16.32,49.5,99,0.0,0.0,0.0,0.0,0.0,0.0,0.0,0.0,0.0,0.0,0.0,0.0,0.0,0.0,0.0,0.0,0.0,0.0,0.0,0.0,3,0.0,Non moving
742294,6953156282100.0,LTAPIPD-ASM03  ,BASEUS SIMPLISM Y-TYPE LEATHER CASE BLUE FOR IPAD PRO 11-INCH                                                 ,BASEUS                        ,38.140000000000015,79.5,159,0.0,0.0,0.0,0.0,0.0,0.0,0.0,0.0,0.0,0.0,0.0,0.0,0.0,0.0,0.0,0.0,0.0,0.0,0.0,0.0,10,0.0,Non moving
742296,6953156279148.0,SUGENT-XF01    ,BASEUS SUSPENSION GLASS DESKTOP BRACKET BLACK FOR SMARTPHONES                                                 ,BASEUS                        ,17.77073170731708,39.5,79,1.0,17.77,39.5,79.0,0.25,3.0,53.31,118.5,237.0,0.75,0.0,0.0,0.0,0.0,0.0,0.0,0.0,0.0,0.0,0.0,19,4.0,Fast moving
742298,6953156270640.0,ACAPIPHX-BJ01  ,BASEUS PLAID BLACK 3500MAH POWER BANK FOR IPHONE X                                                            ,BASEUS                        ,46.77602739726026,94.5,189,0.0,0.0,0.0,0.0,0.0,0.0,0.0,0.0,0.0,0.0,0.0,0.0,0.0,0.0,0.0,1.0,46.78,94.5,189.0,0.25,7,1.0,Slow moving
742300,6953156284401.0,ACPCL-01       ,BASEUS GOLDEN CUDGEL CAPACITIVE STYLUS BLACK                                                                  ,BASEUS                        ,14.4749710982659,29.5,59,2.0,28.95,59.0,118.0,0.5,2.0,28.95,59.0,118.0,0.5,0.0,0.0,0.0,0.0,0.0,2.0,28.95,59.0,118.0,0.5,30,6.0,Fast moving
743939,6953156282247.0,NGH08-01       ,BASEUS H08 BLACK IMMERSIVE VIRTUAL 3D GAMING IN-EAR EARPHONES                                                 ,BASEUS                        ,76.0,144.5,289,0.0,0.0,0.0,0.0,0.0,0.0,0.0,0.0,0.0,0.0,0.0,0.0,0.0,0.0,0.0,0.0,0.0,0.0,0.0,0.0,7,0.0,Non moving
743955,6953156284821.0,WIAPIPH58-ASL03,BASEUS ORIGINAL LSR CASE LIGHT AQUA MARINE FOR IPHONE XS                                                      ,BASEUS                        ,12.379999999999995,34.5,69,0.0,0.0,0.0,0.0,0.0,0.0,0.0,0.0,0.0,0.0,0.0,0.0,0.0,0.0,0.0,0.0,0.0,0.0,0.0,0.0,5,0.0,Non moving
743956,6953156284838.0,WIAPIPH58-ASL04,BASEUS ORIGINAL LSR CASE PINK FOR IPHONE XS                                                                   ,BASEUS                        ,12.679999999999998,34.5,69,0.0,0.0,0.0,0.0,0.0,0.0,0.0,0.0,0.0,0.0,0.0,0.0,0.0,0.0,0.0,0.0,0.0,0.0,0.0,0.0,0,0.0,Run out of stock
743968,6953156279025.0,SUCJG9-02      ,BASEUS G9 MOBILE GAME SCORING TOOL WHITE FOR SMARTPHONES/TABLET                                               ,BASEUS                        ,5.259999999999999,24.5,49,2.0,10.52,49.0,98.0,0.5,1.0,5.26,24.5,49.0,0.25,1.0,5.26,24.5,49.0,0.25,0.0,0.0,0.0,0.0,0.0,19,4.0,Fast moving
743975,6953156279018.0,SUCJG9-01      ,BASEUS G9 MOBILE GAME SCORING TOOL BLACK FOR SMARTPHONES/TABLET                                               ,BASEUS                        ,5.259999999999998,24.5,49,0.0,0.0,0.0,0.0,0.0,0.0,0.0,0.0,0.0,0.0,0.0,0.0,0.0,0.0,0.0,0.0,0.0,0.0,0.0,0.0,13,0.0,Non moving
748127,4716076167467.0,PH18502-BK     ,BONE COLLECTION RUN TIE BLACK LARGE FOR SMARTPHONES 4-6.5 INCH                                                ,BONE COLLECTION               ,28.950000000000006,49.5,99,1.0,28.95,49.5,99.0,0.25,1.0,28.95,49.5,99.0,0.25,0.0,0.0,0.0,0.0,0.0,1.0,28.95,49.5,99.0,0.25,2,3.0,Fast moving
748129,4716076167313.0,DR18041-32BK   ,BONE COLLECTION MARU PENGUIN 32GB USB 3.0                                                                     ,BONE COLLECTION               ,38.22000000000001,58.0,89,1.0,38.22,58.0,89.0,0.25,1.0,38.22,58.0,89.0,0.25,0.0,0.0,0.0,0.0,0.0,1.0,38.22,58.0,89.0,0.25,22,3.0,Fast moving
748131,4716076167337.0,DR18043-32BR   ,BONE COLLECTION MR. DEER 32GB USB 3.0                                                                         ,BONE COLLECTION               ,38.22000000000001,58.0,89,0.0,0.0,0.0,0.0,0.0,1.0,38.22,58.0,89.0,0.25,0.0,0.0,0.0,0.0,0.0,0.0,0.0,0.0,0.0,0.0,24,1.0,Slow moving
758117,7447902861996.0,BAC-105        ,BRAVE LIGHTNING TO 3.5MM AUDIO CABLE WHITE                                                                    ,BRAVE                         ,23.0,49.5,99,2.0,46.0,99.0,198.0,0.5,5.0,115.0,247.5,495.0,1.25,0.0,0.0,0.0,0.0,0.0,0.0,0.0,0.0,0.0,0.0,11,7.0,Fast moving
758119,744790286205.0,BTC-320BK      ,BRAVE 2-PORT USB WALL CHARGER BLACK                                                                           ,BRAVE                         ,22.0,49.5,99,0.0,0.0,0.0,0.0,0.0,1.0,22.0,49.5,99.0,0.25,0.0,0.0,0.0,0.0,0.0,1.0,22.0,49.5,99.0,0.25,24,2.0,Slow moving
758121,6953156288126.0,SUWNT-01       ,BASEUS FOLDING UNIVERSAL STICKER BLACK                                                                        ,BASEUS                        ,7.61,34.5,69,0.0,0.0,0.0,0.0,0.0,3.0,22.83,103.5,207.0,0.75,0.0,0.0,0.0,0.0,0.0,1.0,7.61,34.5,69.0,0.25,13,4.0,Fast moving
758124,6953156288133.0,SUWNT-02       ,BASEUS FOLDING UNIVERSAL STICKER TRANSPARENT                                                                  ,BASEUS                        ,7.61,34.5,69,0.0,0.0,0.0,0.0,0.0,1.0,7.61,34.5,69.0,0.25,1.0,7.61,34.5,69.0,0.25,2.0,15.22,69.0,138.0,0.5,22,4.0,Fast moving
758125,6953156271791.0,WXYL-A01       ,BASEUS OSCULUM WIRELESS GRAVITY CAR CHARGER                                                                   ,BASEUS                        ,37.13,79.5,159,-1.0,-37.13,-79.5,-159.0,-0.25,1.0,37.13,79.5,159.0,0.25,0.0,0.0,0.0,0.0,0.0,3.0,111.39,238.5,477.0,0.75,13,3.0,Fast moving
758126,6953156278585.0,CATL45-01      ,BASEUS AUDIO CONVERTER CATL45                                                                                 ,BASEUS                        ,9.66,34.5,69,0.0,0.0,0.0,0.0,0.0,0.0,0.0,0.0,0.0,0.0,0.0,0.0,0.0,0.0,0.0,0.0,0.0,0.0,0.0,0.0,0,0.0,Run out of stock
758127,6953156282278.0,CATL41-01      ,BASEUS TYPE-C TO 3.5MM AUDIO CHARGING ADAPTER BLACK                                                           ,BASEUS                        ,9.9,34.5,69,2.0,19.8,69.0,138.0,0.5,4.0,39.6,138.0,276.0,1.0,0.0,0.0,0.0,0.0,0.0,0.0,0.0,0.0,0.0,0.0,8,6.0,Fast moving
758128,6953156285101.0,WXZN-B01       ,BASEUS SMART VEHICLE BRACKET WIRELESS CHARGER WITH INFRARED SENSOR BLACK                                      ,BASEUS                        ,52.61,104.5,209,0.0,0.0,0.0,0.0,0.0,3.0,157.83,313.5,627.0,0.75,0.0,0.0,0.0,0.0,0.0,0.0,0.0,0.0,0.0,0.0,9,3.0,Fast moving
758226,6953156290853.0,ACJHQ-01       ,BASEUS MICROMOLECULE FORMALDEHYDE PURIFIER DEEP SPACE BLACK                                                   ,BASEUS                        ,26.0,54.5,109,0.0,0.0,0.0,0.0,0.0,0.0,0.0,0.0,0.0,0.0,0.0,0.0,0.0,0.0,0.0,0.0,0.0,0.0,0.0,0.0,0,0.0,Run out of stock
758227,6953156290860.0,ACJHQ-0S       ,BASEUS MICROMOLECULE FORMALDEHYDE PURIFIER SILVER                                                             ,BASEUS                        ,26.0,54.5,109,0.0,0.0,0.0,0.0,0.0,0.0,0.0,0.0,0.0,0.0,0.0,0.0,0.0,0.0,0.0,0.0,0.0,0.0,0.0,0.0,0,0.0,Run out of stock
758228,6953156261358.0,SUHZ-01        ,BASEUS BACK SEAT CAR MOUNT BLACK                                                                              ,BASEUS                        ,14.0,39.5,79,0.0,0.0,0.0,0.0,0.0,0.0,0.0,0.0,0.0,0.0,3.0,42.0,118.5,237.0,0.75,1.0,14.0,39.5,79.0,0.25,15,4.0,Fast moving
758229,6953156261365.0,SUHZ-2S        ,BASEUS BACK SEAT CAR MOUNT SILVER                                                                             ,BASEUS                        ,14.0,39.5,79,0.0,0.0,0.0,0.0,0.0,0.0,0.0,0.0,0.0,0.0,0.0,0.0,0.0,0.0,0.0,0.0,0.0,0.0,0.0,0.0,0,0.0,Run out of stock
758230,6971680477397.0,RPH0890        ,ROCK SHOOTING GAME CONTROLLER WITH HANDLE BLACK                                                               ,ROCK                          ,18.0,39.5,79,0.0,0.0,0.0,0.0,0.0,0.0,0.0,0.0,0.0,0.0,0.0,0.0,0.0,0.0,0.0,0.0,0.0,0.0,0.0,0.0,0,0.0,Run out of stock
758231,7447902862290.0,BHL-715        ,BRAVE 2-IN-1 UNIVERSAL MAGNETIC HOLDER                                                                        ,BRAVEN                        ,12.0,34.5,69,0.0,0.0,0.0,0.0,0.0,1.0,12.0,34.5,69.0,0.25,5.0,60.0,172.5,345.0,1.25,5.0,60.0,172.5,345.0,1.25,10,11.0,Fast moving
758233,6953156289734.0,SGAPIPH58-WA01 ,BASEUS FULL-SCREEN CURVED TEMPERED GLASS SCREEN PROTECTOR BLACK FOR IPHONE XS/X                               ,BASEUS                        ,9.66,45.0,89,0.0,0.0,0.0,0.0,0.0,0.0,0.0,0.0,0.0,0.0,0.0,0.0,0.0,0.0,0.0,0.0,0.0,0.0,0.0,0.0,0,0.0,Run out of stock
758235,6953156289758.0,SGAPIPH58-WC01 ,BASEUS FULL-SCREEN CURVED PRIVACY TEMPERED GLASS SCREEN PROTECTOR BLACK FOR IPHONE XS/X                       ,BASEUS                        ,15.69,50.0,99,0.0,0.0,0.0,0.0,0.0,0.0,0.0,0.0,0.0,0.0,0.0,0.0,0.0,0.0,0.0,0.0,0.0,0.0,0.0,0.0,12,0.0,Non moving
758236,6953156289819.0,SGAPIPH65-WC01 ,BASEUS FULL-SCREEN CURVED PRIVACY TEMPERED GLASS SCREEN PROTECTOR BLACK FOR IPHONE XS MAX                     ,BASEUS                        ,16.0,50.0,99,0.0,0.0,0.0,0.0,0.0,0.0,0.0,0.0,0.0,0.0,0.0,0.0,0.0,0.0,0.0,0.0,0.0,0.0,0.0,0.0,12,0.0,Non moving
758241,6953156288935.0,CAHUB-T01      ,BASEUS MATE DOCKING TYPE-C HUB DOCKING STATION BLACK                                                          ,BASEUS                        ,55.18,120.0,239,0.0,0.0,0.0,0.0,0.0,0.0,0.0,0.0,0.0,0.0,0.0,0.0,0.0,0.0,0.0,0.0,0.0,0.0,0.0,0.0,0,0.0,Run out of stock
758244,6953156290488.0,CABA01-01      ,BASEUS BA01 USB WIRELESS ADAPTER CABLE BLACK                                                                  ,BASEUS                        ,18.32,50.0,99,0.0,0.0,0.0,0.0,0.0,0.0,0.0,0.0,0.0,0.0,0.0,0.0,0.0,0.0,0.0,0.0,0.0,0.0,0.0,0.0,0,0.0,Run out of stock
758245,6953156290495.0,CABA01-09      ,BASEUS BA01 USB WIRELESS ADAPTER CABLE RED                                                                    ,BASEUS                        ,18.32,50.0,99,0.0,0.0,0.0,0.0,0.0,0.0,0.0,0.0,0.0,0.0,0.0,0.0,0.0,0.0,0.0,0.0,0.0,0.0,0.0,0.0,0,0.0,Run out of stock
762676,6953156291492.0,CATXF-0G       ,BASEUS 7-IN-1 SQUARE DESK TYPE-C MULTI-FUNCTIONAL HUB TYPE-C                                                  ,BASEUS                        ,107.83999999999986,135.0,269,0.0,0.0,0.0,0.0,0.0,0.0,0.0,0.0,0.0,0.0,0.0,0.0,0.0,0.0,0.0,0.0,0.0,0.0,0.0,0.0,0,0.0,Run out of stock
762677,6953156291638.0,SULR-0G        ,BASEUS UNLIMITED ADJUSTMENT LAZY PHONE HOLDER GREY                                                            ,BASEUS                        ,21.070000000000007,50.0,99,6.0,126.42,300.0,594.0,1.5,0.0,0.0,0.0,0.0,0.0,3.0,63.21,150.0,297.0,0.75,1.0,21.07,50.0,99.0,0.25,12,10.0,Fast moving
762678,6953156286979.0,CATYW-B03      ,BASEUS ARTISTIC STRIPED TYPE-C 3A CABLE 5M BLUE                                                               ,BASEUS                        ,14.404375000000009,45.0,89,0.0,0.0,0.0,0.0,0.0,0.0,0.0,0.0,0.0,0.0,0.0,0.0,0.0,0.0,0.0,0.0,0.0,0.0,0.0,0.0,21,0.0,Non moving
762679,6953156286962.0,CATYW-B01      ,BASEUS ARTISTIC STRIPED TYPE-C 3A CABLE 5M BLACK                                                              ,BASEUS                        ,14.390000000000038,45.0,89,0.0,0.0,0.0,0.0,0.0,0.0,0.0,0.0,0.0,0.0,0.0,0.0,0.0,0.0,0.0,1.0,14.39,45.0,89.0,0.25,23,1.0,Slow moving
762680,6953156286986.0,CATYW-B09      ,BASEUS ARTISTIC STRIPED TYPE-C 3A CABLE 5M RED                                                                ,BASEUS                        ,14.390000000000018,45.0,89,0.0,0.0,0.0,0.0,0.0,1.0,14.39,45.0,89.0,0.25,0.0,0.0,0.0,0.0,0.0,0.0,0.0,0.0,0.0,0.0,23,1.0,Slow moving
762681,6953156284739.0,CATSR-01       ,BASEUS FISH-EYE SPRING TYPE-C 2A CABLE 1M BLACK                                                               ,BASEUS                        ,8.43,35.0,69,0.0,0.0,0.0,0.0,0.0,0.0,0.0,0.0,0.0,0.0,0.0,0.0,0.0,0.0,0.0,4.0,33.72,140.0,276.0,1.0,9,4.0,Fast moving
762682,6953156284746.0,CATSR-09       ,BASEUS FISH-EYE SPRING TYPE-C 2A CABLE 1M RED                                                                 ,BASEUS                        ,8.43,35.0,69,0.0,0.0,0.0,0.0,0.0,0.0,0.0,0.0,0.0,0.0,0.0,0.0,0.0,0.0,0.0,2.0,16.86,70.0,138.0,0.5,22,2.0,Slow moving
762683,7447902861064.0,BCC-36W        ,BRAVE 2-PORT TYPE-C & QUICK CHARGE CAR CHARGER                                                                ,BASEUS                        ,13.44,50.0,99,0.0,0.0,0.0,0.0,0.0,0.0,0.0,0.0,0.0,0.0,0.0,0.0,0.0,0.0,0.0,0.0,0.0,0.0,0.0,0.0,25,0.0,Non moving
766138,6953156295483.0,WX3IN1-01      ,BASEUS SMART 3-IN-1 WIRELESS CHARGER 18W BLACK                                                                ,BASEUS                        ,51.18,100.0,199,0.0,0.0,0.0,0.0,0.0,0.0,0.0,0.0,0.0,0.0,0.0,0.0,0.0,0.0,0.0,0.0,0.0,0.0,0.0,0.0,0,0.0,Run out of stock
766139,6953156295490.0,WX3IN1-02      ,BASEUS SMART 3-IN-1 WIRELESS CHARGER 18W WHITE                                                                ,BASEUS                        ,55.169999999999845,100.0,199,0.0,0.0,0.0,0.0,0.0,0.0,0.0,0.0,0.0,0.0,0.0,0.0,0.0,0.0,0.0,0.0,0.0,0.0,0.0,0.0,0,0.0,Run out of stock
766140,6953156293618.0,CA1T4-I0G      ,BASEUS STAR RING SERIES 4-IN-1 CABLE 1.2M DEEP GREY                                                           ,BASEUS                        ,28.962539682539678,69.5,139,0.0,0.0,0.0,0.0,0.0,0.0,0.0,0.0,0.0,0.0,0.0,0.0,0.0,0.0,0.0,0.0,0.0,0.0,0.0,0.0,0,0.0,Run out of stock
766141,6953156295117.0,WIAPIPH58-QA01 ,BASEUS TRANSPARENT KEY PHONE CASE BLACK FOR IPHONE XS                                                         ,BASEUS                        ,6.599999999999998,34.5,69,1.0,6.6,34.5,69.0,0.25,1.0,6.6,34.5,69.0,0.25,0.0,0.0,0.0,0.0,0.0,1.0,6.6,34.5,69.0,0.25,21,3.0,Fast moving
766142,6953156295124.0,WIAPIPH58-QA02 ,BASEUS TRANSPARENT KEY PHONE CASE TRANSPARENT FOR IPHONE XS                                                   ,BASEUS                        ,6.599999999999999,34.5,69,0.0,0.0,0.0,0.0,0.0,1.0,6.6,34.5,69.0,0.25,0.0,0.0,0.0,0.0,0.0,2.0,13.2,69.0,138.0,0.5,19,3.0,Fast moving
